duration,proto,service,orig_bytes,resp_bytes,conn_state,missed_bytes,orig_pkts,resp_pkts,orig_ip_bytes,resp_ip_bytes,label,label_name
0.961011,tcp,unknown,79670,0,OTH,0,96,96,84854,5760,0,Normal
2.948018,tcp,http,84,0,S1,0,14,0,560,0,1,Attack
0.0,other,unknown,0,0,OTH,0,1,0,60,0,0,Normal
1e-06,udp,unknown,496,0,OTH,0,2,0,580,0,0,Normal
0.0,tcp,dns,0,0,S1,0,2,0,128,0,1,Attack
1e-06,udp,unknown,496,0,OTH,0,2,0,580,0,0,Normal
2.912656,tcp,http,84,0,S1,0,14,0,560,0,1,Attack
0.0,tcp,dns,0,0,S1,0,2,0,128,0,1,Attack
0.926953,tcp,unknown,72852,0,OTH,0,96,96,78036,5760,0,Normal
0.0,other,unknown,0,0,OTH,0,1,0,60,0,0,Normal
1e-06,udp,unknown,274,0,OTH,0,2,0,358,0,0,Normal
1e-06,udp,unknown,52,0,OTH,0,4,0,164,0,1,Attack
0.967075,tcp,unknown,65818,0,OTH,0,86,86,70462,5160,0,Normal
0.0,tcp,dns,0,0,S1,0,2,0,128,0,1,Attack
1e-06,udp,unknown,496,0,OTH,0,2,0,580,0,0,Normal
0.0,udp,unknown,496,0,OTH,0,2,0,580,0,0,Normal
0.985835,tcp,unknown,103264,0,OTH,0,124,124,109960,7440,0,Normal
2.931281,tcp,http,84,0,S1,0,14,0,560,0,1,Attack
1.9057,udp,dns,0,0,OTH,0,10,0,280,0,1,Attack
0.0,tcp,ssl,0,0,S1,0,2,0,120,0,1,Attack
0.76022,udp,unknown,1478,0,OTH,0,10,0,1898,0,0,Normal
0.0,other,unknown,0,0,OTH,0,1,0,60,0,0,Normal
0.0,tcp,dns,0,0,S1,0,2,0,128,0,1,Attack
0.250914,udp,unknown,658,0,OTH,0,4,0,826,0,0,Normal
0.004263,tcp,unknown,1762,930,SF,0,16,12,2610,1570,1,Attack
0.0,other,unknown,0,0,OTH,0,1,0,60,0,0,Normal
1e-06,tcp,unknown,0,0,S1,0,0,2,0,148,0,Normal
0.0,udp,unknown,496,0,OTH,0,2,0,580,0,0,Normal
0.0,other,unknown,0,0,OTH,0,1,0,60,0,0,Normal
351.176018,other,unknown,3588,0,OTH,0,138,0,4140,0,1,Attack
0.0,tcp,ssl,0,0,S1,0,2,0,120,0,1,Attack
0.0,tcp,ssl,0,0,S1,0,2,0,120,0,1,Attack
1.921999,udp,dns,0,0,OTH,0,10,0,280,0,1,Attack
1.90805,udp,dns,0,0,OTH,0,10,0,280,0,1,Attack
0.0,tcp,ssl,0,0,S1,0,2,0,120,0,1,Attack
0.416713,tcp,unknown,172296,1316,S1,0,138,74,179776,5724,0,Normal
0.960549,tcp,unknown,106202,0,OTH,0,122,120,112790,7200,0,Normal
0.965962,tcp,unknown,110190,0,OTH,0,100,100,115590,6000,0,Normal
0.0,other,unknown,0,0,OTH,0,1,0,60,0,0,Normal
1e-06,udp,unknown,496,0,OTH,0,2,0,580,0,0,Normal
1.914242,udp,dns,0,0,OTH,0,10,0,280,0,1,Attack
0.0,tcp,dns,0,0,S1,0,2,0,128,0,1,Attack
0.643952,other,unknown,0,0,OTH,0,2,0,120,0,0,Normal
0.961329,tcp,unknown,198630,1132,OTH,0,174,102,208026,7204,0,Normal
0.0,tcp,dns,0,0,S1,0,2,0,128,0,1,Attack
144.009459,tcp,dns,0,0,S1,0,4,0,256,0,1,Attack
0.043853,tcp,unknown,4,12,RSTR,0,2,2,88,80,1,Attack
1e-06,udp,unknown,496,0,OTH,0,2,0,580,0,0,Normal
2.936136,tcp,http,84,0,S1,0,14,0,560,0,1,Attack
1.889752,udp,dns,0,0,OTH,0,10,0,280,0,1,Attack
0.960912,tcp,unknown,81636,0,OTH,0,96,96,86820,5760,0,Normal
0.98394,tcp,unknown,95778,0,OTH,0,108,108,101610,6480,0,Normal
2.939783,tcp,http,84,0,S1,0,14,0,560,0,1,Attack
0.0,tcp,ssl,0,0,S1,0,2,0,120,0,1,Attack
1.897932,udp,dns,0,0,OTH,0,10,0,280,0,1,Attack
1.918796,udp,dns,0,0,OTH,0,10,0,280,0,1,Attack
0.635422,tcp,unknown,45174,0,RSTO,0,62,60,48534,3600,0,Normal
2.941682,tcp,http,84,0,S1,0,14,0,560,0,1,Attack
0.974693,tcp,unknown,51002,0,OTH,0,66,66,54566,3960,0,Normal
0.0,tcp,ssl,0,0,S1,0,2,0,120,0,1,Attack
0.975554,tcp,unknown,67942,0,OTH,0,96,96,73126,5760,0,Normal
1.910837,udp,dns,0,0,OTH,0,10,0,280,0,1,Attack
0.973728,tcp,unknown,105514,0,OTH,0,124,122,112210,7320,0,Normal
0.156992,other,unknown,0,0,OTH,0,2,0,120,0,0,Normal
9.9e-05,udp,dhcp,1480,0,OTH,0,2,0,1564,0,0,Normal
1e-06,tcp,dns,0,0,S1,0,2,0,128,0,1,Attack
1.892318,udp,dns,0,0,OTH,0,10,0,280,0,1,Attack
0.0,tcp,dns,0,0,S1,0,2,0,128,0,1,Attack
1.894221,udp,dns,0,0,OTH,0,10,0,280,0,1,Attack
3.425601,tcp,http,90,0,S1,0,15,0,600,0,1,Attack
1e-06,udp,unknown,496,0,OTH,0,2,0,580,0,0,Normal
0.0,tcp,ssl,0,0,S1,0,2,0,120,0,1,Attack
0.251477,udp,unknown,658,0,OTH,0,4,0,826,0,0,Normal
0.926945,tcp,unknown,80728,0,OTH,0,94,94,85804,5640,0,Normal
0.814013,tcp,unknown,63578,0,RSTO,0,82,80,68018,4800,0,Normal
1.902717,udp,dns,0,0,OTH,0,10,0,280,0,1,Attack
1.905044,udp,dns,0,0,OTH,0,10,0,280,0,1,Attack
0.884194,tcp,unknown,128650,0,OTH,0,132,128,135778,7680,0,Normal
0.0,udp,unknown,496,0,OTH,0,2,0,580,0,0,Normal
0.979132,tcp,unknown,106088,0,OTH,0,112,106,112136,6360,0,Normal
0.501578,udp,unknown,486,0,OTH,0,6,0,738,0,0,Normal
1.903647,udp,dns,0,0,OTH,0,10,0,280,0,1,Attack
1e-06,udp,unknown,496,0,OTH,0,2,0,580,0,0,Normal
0.222729,tcp,unknown,10450,0,RSTO,0,20,18,11542,1080,0,Normal
0.930144,tcp,unknown,89806,0,OTH,0,106,106,95530,6360,0,Normal
3.428312,tcp,http,96,0,S1,0,16,0,640,0,1,Attack
0.0,other,unknown,0,0,OTH,0,1,0,60,0,0,Normal
0.0,tcp,dns,0,0,S1,0,2,0,128,0,1,Attack
0.987026,tcp,unknown,115706,0,OTH,0,124,124,122402,7440,0,Normal
1e-06,udp,unknown,496,0,OTH,0,2,0,580,0,0,Normal
0.499771,udp,unknown,486,0,OTH,0,6,0,738,0,0,Normal
0.00854,tcp,unknown,4,12,RSTR,0,2,2,88,80,1,Attack
0.0,other,unknown,0,0,OTH,0,1,0,60,0,0,Normal
0.0,tcp,ssl,0,0,S1,0,2,0,120,0,1,Attack
0.965133,tcp,unknown,84548,0,OTH,0,100,98,89948,5880,0,Normal
1.925733,udp,dns,0,0,OTH,0,9,0,252,0,1,Attack
1.918742,udp,dns,0,0,OTH,0,10,0,280,0,1,Attack
1e-06,tcp,dns,0,0,S1,0,2,0,128,0,1,Attack
0.251078,udp,unknown,324,0,OTH,0,4,0,492,0,0,Normal
0.212542,other,unknown,0,0,OTH,0,2,0,120,0,0,Normal
2.944792,tcp,http,84,0,S1,0,14,0,560,0,1,Attack
1.928967,udp,dns,0,0,OTH,0,10,0,280,0,1,Attack
1.919643,udp,dns,0,0,OTH,0,10,0,280,0,1,Attack
0.980001,tcp,unknown,67344,0,OTH,0,98,98,72636,5880,0,Normal
2.931832,tcp,http,84,0,S1,0,14,0,560,0,1,Attack
1.910081,udp,dns,0,0,OTH,0,10,0,280,0,1,Attack
2.921252,tcp,http,84,0,S1,0,14,0,560,0,1,Attack
3.424365,tcp,http,96,0,S1,0,16,0,640,0,1,Attack
0.751453,udp,unknown,982,0,OTH,0,8,0,1318,0,0,Normal
0.0,tcp,dns,0,0,S1,0,2,0,128,0,1,Attack
0.0,tcp,ssl,0,0,S1,0,2,0,120,0,1,Attack
0.997377,tcp,unknown,61960,0,OTH,0,82,82,66388,4920,0,Normal
0.755404,udp,unknown,982,0,OTH,0,8,0,1318,0,0,Normal
1e-06,udp,unknown,496,0,OTH,0,2,0,580,0,0,Normal
1.891721,udp,dns,0,0,OTH,0,10,0,280,0,1,Attack
1e-06,tcp,ssl,0,0,S1,0,2,0,120,0,1,Attack
0.0,tcp,dns,0,0,S1,0,2,0,128,0,1,Attack
0.0,other,unknown,0,0,OTH,0,1,0,60,0,0,Normal
3.423309,tcp,http,96,0,S1,0,16,0,640,0,1,Attack
0.0,other,unknown,0,0,OTH,0,1,0,62,0,0,Normal
0.053128,tcp,unknown,4,12,RSTR,0,2,2,88,80,1,Attack
0.970016,tcp,unknown,77312,0,OTH,0,102,102,82820,6120,0,Normal
0.0,tcp,dns,0,0,S1,0,2,0,128,0,1,Attack
2.904339,tcp,http,84,0,S1,0,14,0,560,0,1,Attack
2.944583,tcp,http,84,0,S1,0,14,0,560,0,1,Attack
2.939061,tcp,http,84,0,S1,0,14,0,560,0,1,Attack
0.0,udp,dhcp,1480,0,OTH,0,2,0,1564,0,0,Normal
1e-06,udp,unknown,496,0,OTH,0,2,0,580,0,0,Normal
1.902613,udp,dns,0,0,OTH,0,10,0,280,0,1,Attack
2.930276,tcp,http,84,0,S1,0,14,0,560,0,1,Attack
2.912443,tcp,http,84,0,S1,0,14,0,560,0,1,Attack
1.92166,udp,dns,0,0,OTH,0,10,0,280,0,1,Attack
0.983425,tcp,unknown,105608,0,OTH,0,122,122,112196,7320,0,Normal
1e-06,tcp,ssl,0,0,S1,0,2,0,120,0,1,Attack
1e-06,udp,unknown,496,0,OTH,0,2,0,580,0,0,Normal
1e-06,tcp,ssl,0,0,S1,0,2,0,120,0,1,Attack
2.927317,tcp,http,84,0,S1,0,14,0,560,0,1,Attack
0.0,udp,dhcp,1480,0,OTH,0,2,0,1564,0,0,Normal
282.033537,tcp,dns,0,0,S1,0,8,0,512,0,1,Attack
0.0,tcp,dns,0,0,S1,0,2,0,128,0,1,Attack
0.984609,tcp,unknown,72000,0,OTH,0,90,90,76860,5400,0,Normal
0.983802,tcp,unknown,91666,0,OTH,0,102,102,97174,6120,0,Normal
0.993825,tcp,unknown,107474,0,OTH,0,126,126,114278,7560,0,Normal
2.940126,tcp,http,84,0,S1,0,14,0,560,0,1,Attack
2.940012,tcp,http,84,0,S1,0,14,0,560,0,1,Attack
2.937858,tcp,http,84,0,S1,0,14,0,560,0,1,Attack
0.0,udp,unknown,274,0,OTH,0,2,0,358,0,0,Normal
3.426846,tcp,http,96,0,S1,0,16,0,640,0,1,Attack
0.970744,tcp,unknown,64510,0,OTH,0,82,82,68938,4920,0,Normal
0.916049,tcp,unknown,107020,0,OTH,0,116,114,113284,6840,0,Normal
3.427936,tcp,http,96,0,S1,0,16,0,640,0,1,Attack
0.986236,tcp,unknown,74884,0,OTH,0,98,98,80176,5880,0,Normal
1e-06,udp,dhcp,1480,0,OTH,0,2,0,1564,0,0,Normal
1.896912,udp,dns,0,0,OTH,0,10,0,280,0,1,Attack
0.975346,tcp,unknown,102864,0,OTH,0,120,120,109344,7200,0,Normal
0.95621,tcp,unknown,96162,0,OTH,0,112,110,102210,6600,0,Normal
0.981891,tcp,unknown,72238,0,OTH,0,92,92,77206,5520,0,Normal
0.408787,udp,unknown,582,0,OTH,0,4,0,750,0,0,Normal
0.0,tcp,ssl,0,0,S1,0,2,0,120,0,1,Attack
0.502233,udp,unknown,820,0,OTH,0,6,0,1072,0,0,Normal
0.0,udp,unknown,274,0,OTH,0,2,0,358,0,0,Normal
0.981844,tcp,unknown,80410,0,OTH,0,94,94,85486,5640,0,Normal
0.99072,tcp,unknown,80048,0,OTH,0,96,98,85232,5880,0,Normal
0.963223,tcp,unknown,77384,0,OTH,0,102,102,82892,6120,0,Normal
0.924804,tcp,unknown,60154,0,OTH,0,76,76,64258,4560,0,Normal
3.432636,tcp,http,96,0,S1,0,16,0,640,0,1,Attack
1e-06,udp,unknown,496,0,OTH,0,2,0,580,0,0,Normal
0.97943,tcp,unknown,99494,0,OTH,0,106,104,105218,6240,0,Normal
0.0,tcp,ssl,0,0,S1,0,2,0,120,0,1,Attack
0.0,tcp,ssl,0,0,S1,0,2,0,120,0,1,Attack
0.0,other,unknown,0,0,OTH,0,1,0,60,0,0,Normal
0.0,tcp,dns,0,0,S1,0,2,0,128,0,1,Attack
0.0,other,unknown,0,0,OTH,0,1,0,60,0,0,Normal
0.996106,tcp,unknown,105610,0,OTH,0,126,124,112414,7440,0,Normal
1e-06,udp,unknown,496,0,OTH,0,2,0,580,0,0,Normal
2.905175,tcp,http,84,0,S1,0,14,0,560,0,1,Attack
1e-06,udp,unknown,496,0,OTH,0,2,0,580,0,0,Normal
0.96222,tcp,unknown,107712,0,OTH,0,114,114,113868,6840,0,Normal
0.010109,udp,unknown,582,0,OTH,0,4,0,750,0,0,Normal
0.919259,tcp,unknown,21578,0,OTH,0,70,70,25358,4200,0,Normal
1.914858,udp,dns,0,0,OTH,0,10,0,280,0,1,Attack
0.970004,tcp,unknown,75036,0,OTH,0,90,90,79896,5400,0,Normal
61.974976,tcp,dns,0,0,S1,0,6,0,384,0,1,Attack
1.891893,udp,dns,0,0,OTH,0,10,0,280,0,1,Attack
1e-06,udp,unknown,496,0,OTH,0,2,0,580,0,0,Normal
1.915187,udp,dns,0,0,OTH,0,10,0,280,0,1,Attack
0.847591,other,unknown,0,0,OTH,0,2,0,120,0,0,Normal
1.909588,udp,dns,0,0,OTH,0,10,0,280,0,1,Attack
1.921254,udp,dns,0,0,OTH,0,10,0,280,0,1,Attack
0.980899,tcp,unknown,65332,0,OTH,0,88,88,70084,5280,0,Normal
1e-06,tcp,dns,0,0,S1,0,2,0,128,0,1,Attack
0.003946,tcp,unknown,1762,930,SF,0,14,10,2506,1466,1,Attack
1e-06,udp,unknown,496,0,OTH,0,2,0,580,0,0,Normal
1e-06,udp,unknown,496,0,OTH,0,2,0,580,0,0,Normal
0.969478,tcp,unknown,107366,0,OTH,0,120,120,113846,7200,0,Normal
0.498045,udp,unknown,486,0,OTH,0,6,0,738,0,0,Normal
1e-06,udp,unknown,496,0,OTH,0,2,0,580,0,0,Normal
0.0,udp,unknown,496,0,OTH,0,2,0,580,0,0,Normal
0.943879,tcp,unknown,74170,0,OTH,0,94,94,79246,5640,0,Normal
1e-06,tcp,dns,0,0,S1,0,2,0,128,0,1,Attack
0.0,other,unknown,0,0,OTH,0,1,0,60,0,0,Normal
1.891709,udp,dns,0,0,OTH,0,10,0,280,0,1,Attack
0.0,tcp,ssl,0,0,S1,0,2,0,120,0,1,Attack
0.0,tcp,ssl,0,0,S1,0,2,0,120,0,1,Attack
0.0,tcp,ssl,0,0,S1,0,2,0,120,0,1,Attack
0.0,tcp,ssl,0,0,S1,0,2,0,120,0,1,Attack
0.0,tcp,ssl,0,0,S1,0,2,0,120,0,1,Attack
0.0,tcp,dns,0,0,S1,0,2,0,128,0,1,Attack
1.892934,udp,dns,0,0,OTH,0,10,0,280,0,1,Attack
0.0,tcp,dns,0,0,S1,0,2,0,128,0,1,Attack
2.944591,tcp,http,84,0,S1,0,14,0,560,0,1,Attack
0.003133,other,unknown,0,0,OTH,0,2,0,120,0,0,Normal
0.940344,tcp,unknown,91620,0,OTH,0,98,96,96912,5760,0,Normal
0.954389,tcp,unknown,83796,0,OTH,0,108,108,89628,6480,0,Normal
1e-06,udp,unknown,496,0,OTH,0,2,0,580,0,0,Normal
258.456195,tcp,dns,0,0,S1,0,6,0,384,0,1,Attack
0.041983,tcp,unknown,4,12,RSTR,0,2,2,88,80,1,Attack
2.906106,tcp,http,84,0,S1,0,14,0,560,0,1,Attack
0.924444,tcp,unknown,50868,0,OTH,0,72,70,54756,4200,0,Normal
0.0,tcp,ssl,0,0,S1,0,2,0,120,0,1,Attack
0.0,other,unknown,0,0,OTH,0,1,0,60,0,0,Normal
3.42825,tcp,http,96,0,S1,0,16,0,640,0,1,Attack
1e-06,tcp,ssl,0,0,S1,0,2,0,120,0,1,Attack
0.0,tcp,dns,0,0,S1,0,2,0,128,0,1,Attack
0.226656,udp,unknown,582,0,OTH,0,4,0,750,0,0,Normal
0.964368,tcp,unknown,98850,0,OTH,0,112,112,104898,6720,0,Normal
0.960909,tcp,unknown,109212,0,OTH,0,126,126,116016,7560,0,Normal
0.95969,tcp,unknown,92280,0,OTH,0,106,106,98004,6360,0,Normal
1e-06,udp,unknown,496,0,OTH,0,2,0,580,0,0,Normal
0.96157,tcp,unknown,88378,0,OTH,0,102,102,93886,6120,0,Normal
0.0,other,unknown,0,0,OTH,0,1,0,60,0,0,Normal
1.913936,udp,dns,0,0,OTH,0,10,0,280,0,1,Attack
0.534071,other,unknown,0,0,OTH,0,2,0,120,0,0,Normal
2.910534,tcp,http,84,0,S1,0,14,0,560,0,1,Attack
1e-06,udp,unknown,496,0,OTH,0,2,0,580,0,0,Normal
1e-06,udp,unknown,496,0,OTH,0,2,0,580,0,0,Normal
0.0,tcp,ssl,0,0,S1,0,2,0,120,0,1,Attack
14.417941,tcp,http,0,24,RSTR,0,4,4,240,160,1,Attack
0.0,tcp,dns,0,0,S1,0,2,0,128,0,1,Attack
0.97133,tcp,unknown,91452,0,OTH,0,105,106,97122,6360,0,Normal
9.3e-05,udp,dhcp,1480,0,OTH,0,2,0,1564,0,0,Normal
0.965117,tcp,unknown,70184,0,OTH,0,92,92,75152,5520,0,Normal
1e-06,udp,unknown,496,0,OTH,0,2,0,580,0,0,Normal
2.913529,tcp,http,84,0,S1,0,14,0,560,0,1,Attack
1e-06,tcp,ssl,0,0,S1,0,2,0,120,0,1,Attack
0.939191,tcp,unknown,75710,0,OTH,0,76,76,79816,4560,0,Normal
2.944584,tcp,http,84,0,S1,0,14,0,560,0,1,Attack
0.752089,udp,unknown,982,0,OTH,0,8,0,1318,0,0,Normal
0.376865,udp,unknown,410,0,OTH,0,6,0,662,0,0,Normal
65.996661,tcp,dns,0,0,S1,0,4,0,256,0,1,Attack
1.907231,udp,dns,0,0,OTH,0,10,0,280,0,1,Attack
0.648908,tcp,unknown,116142,1320,S1,0,104,70,121774,5488,0,Normal
0.969369,tcp,unknown,62660,0,OTH,0,86,86,67304,5160,0,Normal
3.423901,tcp,http,96,0,S1,0,16,0,640,0,1,Attack
0.515021,tcp,unknown,26666,0,RSTO,0,34,34,28502,2040,0,Normal
3.428204,tcp,http,96,0,S1,0,16,0,640,0,1,Attack
2.905075,tcp,http,84,0,S1,0,14,0,560,0,1,Attack
0.0,other,unknown,0,0,OTH,0,1,0,60,0,0,Normal
0.0044,tcp,unknown,1762,930,SF,0,12,10,2402,1466,1,Attack
54.972008,tcp,dns,0,0,S1,0,4,0,256,0,1,Attack
0.933896,tcp,unknown,72974,0,OTH,0,94,94,78050,5640,0,Normal
1.93654,udp,dns,0,0,OTH,0,10,0,280,0,1,Attack
1e-06,udp,unknown,162,0,OTH,0,2,0,246,0,0,Normal
0.0,other,unknown,0,0,OTH,0,1,0,60,0,0,Normal
2.90657,tcp,http,84,0,S1,0,14,0,560,0,1,Attack
1.921066,udp,dns,0,0,OTH,0,10,0,280,0,1,Attack
1e-06,tcp,ssl,0,0,S1,0,2,0,120,0,1,Attack
1e-06,udp,unknown,496,0,OTH,0,2,0,580,0,0,Normal
0.0,udp,unknown,496,0,OTH,0,2,0,580,0,0,Normal
1e-06,udp,dhcp,1480,0,OTH,0,2,0,1564,0,0,Normal
0.77174,udp,unknown,982,0,OTH,0,8,0,1318,0,0,Normal
1e-06,udp,unknown,496,0,OTH,0,2,0,580,0,0,Normal
320.880063,tcp,dns,0,0,S1,0,6,0,384,0,1,Attack
0.976924,tcp,unknown,108066,0,OTH,0,122,118,114654,7080,0,Normal
1e-06,udp,unknown,496,0,OTH,0,2,0,580,0,0,Normal
0.0,tcp,dns,0,0,S1,0,2,0,128,0,1,Attack
1.929402,udp,dns,0,0,OTH,0,10,0,280,0,1,Attack
0.932239,tcp,unknown,81892,0,OTH,0,94,94,86968,5640,0,Normal
0.0,tcp,dns,0,0,S1,0,2,0,128,0,1,Attack
0.0,tcp,dns,0,0,S1,0,2,0,128,0,1,Attack
0.970355,tcp,unknown,106982,0,OTH,0,124,124,113678,7440,0,Normal
0.0,tcp,ssl,0,0,S1,0,2,0,120,0,1,Attack
2.913335,tcp,http,84,0,S1,0,14,0,560,0,1,Attack
0.988293,tcp,unknown,147722,0,OTH,0,144,140,155498,8400,0,Normal
0.990275,tcp,unknown,122384,0,OTH,0,130,120,129404,7200,0,Normal
0.0,tcp,ssl,0,0,S1,0,2,0,120,0,1,Attack
0.030047,tcp,unknown,4,12,RSTR,0,2,2,88,80,1,Attack
2.930045,tcp,http,84,0,S1,0,14,0,560,0,1,Attack
1.935874,udp,dns,0,0,OTH,0,10,0,280,0,1,Attack
0.0,other,unknown,0,0,OTH,0,1,0,60,0,0,Normal
0.0,tcp,ssl,0,0,S1,0,2,0,120,0,1,Attack
0.96956,tcp,unknown,81308,0,OTH,0,98,98,86600,5880,0,Normal
0.910627,tcp,unknown,87670,0,OTH,0,98,98,92962,5880,0,Normal
3.427271,tcp,http,96,0,S1,0,16,0,640,0,1,Attack
1.906155,udp,dns,0,0,OTH,0,10,0,280,0,1,Attack
0.0,tcp,dns,0,0,S1,0,2,0,128,0,1,Attack
0.0,other,unknown,0,0,OTH,0,1,0,60,0,0,Normal
1.889653,udp,dns,0,0,OTH,0,10,0,280,0,1,Attack
0.96555,tcp,unknown,109506,0,OTH,0,122,118,116094,7080,0,Normal
2.939505,tcp,http,84,0,S1,0,14,0,560,0,1,Attack
1.91446,udp,dns,0,0,OTH,0,10,0,280,0,1,Attack
1.892413,udp,dns,0,0,OTH,0,10,0,280,0,1,Attack
1e-06,tcp,ssl,0,0,S1,0,2,0,120,0,1,Attack
1e-06,udp,unknown,162,0,OTH,0,2,0,246,0,0,Normal
2.918979,tcp,http,84,0,S1,0,14,0,560,0,1,Attack
3.431747,tcp,http,96,0,S1,0,16,0,640,0,1,Attack
1.911142,udp,dns,0,0,OTH,0,10,0,280,0,1,Attack
0.0,tcp,dns,0,0,S1,0,2,0,128,0,1,Attack
0.112484,udp,unknown,1096,0,OTH,0,8,0,1432,0,0,Normal
1.922724,udp,dns,0,0,OTH,0,10,0,280,0,1,Attack
2.946785,tcp,http,84,0,S1,0,14,0,560,0,1,Attack
0.962006,tcp,unknown,68114,0,OTH,0,84,84,72650,5040,0,Normal
1.416914,udp,dns,0,0,OTH,0,8,0,224,0,1,Attack
0.0,tcp,dns,0,0,S1,0,2,0,128,0,1,Attack
0.043697,tcp,unknown,4,12,RSTR,0,2,2,88,80,1,Attack
1e-06,tcp,dns,0,0,S1,0,2,0,128,0,1,Attack
0.768645,udp,unknown,982,0,OTH,0,8,0,1318,0,0,Normal
1.927272,udp,dns,0,0,OTH,0,10,0,280,0,1,Attack
1.901078,udp,dns,0,0,OTH,0,10,0,280,0,1,Attack
0.005926,tcp,unknown,2920,0,RSTO,0,2,4,3028,240,0,Normal
0.980314,tcp,unknown,115856,0,OTH,0,126,126,122660,7560,0,Normal
2.92633,tcp,http,84,0,S1,0,14,0,560,0,1,Attack
0.960054,tcp,unknown,110736,0,OTH,0,118,114,117108,6840,0,Normal
0.965645,tcp,unknown,78016,0,OTH,0,94,94,83092,5640,0,Normal
0.0,tcp,ssl,0,0,S1,0,2,0,120,0,1,Attack
0.963695,tcp,unknown,56836,0,OTH,0,72,72,60724,4320,0,Normal
0.0,udp,unknown,496,0,OTH,0,2,0,580,0,0,Normal
0.48151,udp,unknown,486,0,OTH,0,6,0,738,0,0,Normal
0.277363,udp,unknown,658,0,OTH,0,4,0,826,0,0,Normal
2.94498,tcp,http,84,0,S1,0,14,0,560,0,1,Attack
2.939966,tcp,http,84,0,S1,0,14,0,560,0,1,Attack
0.952111,tcp,unknown,76806,0,OTH,0,96,96,81990,5760,0,Normal
0.94485,tcp,unknown,72136,0,OTH,0,92,92,77104,5520,0,Normal
0.253631,udp,unknown,658,0,OTH,0,4,0,826,0,0,Normal
0.0,tcp,dns,0,0,S1,0,2,0,128,0,1,Attack
0.0,tcp,dns,0,0,S1,0,2,0,128,0,1,Attack
0.0,other,unknown,0,0,OTH,0,1,0,60,0,0,Normal
0.944972,tcp,unknown,77966,0,OTH,0,90,88,82826,5280,0,Normal
1.889441,udp,dns,0,0,OTH,0,10,0,280,0,1,Attack
1e-06,udp,unknown,496,0,OTH,0,2,0,580,0,0,Normal
1e-06,udp,unknown,496,0,OTH,0,2,0,580,0,0,Normal
0.0,tcp,ssl,0,0,S1,0,2,0,120,0,1,Attack
0.985724,tcp,unknown,80260,0,OTH,0,104,104,85876,6240,0,Normal
153.008304,tcp,dns,0,0,S1,0,4,0,256,0,1,Attack
1e-06,tcp,ssl,0,0,S1,0,2,0,120,0,1,Attack
0.0,udp,unknown,496,0,OTH,0,2,0,580,0,0,Normal
0.0,tcp,dns,0,0,S1,0,2,0,128,0,1,Attack
1e-06,udp,unknown,496,0,OTH,0,2,0,580,0,0,Normal
0.031749,tcp,unknown,4,12,RSTR,0,2,2,88,80,1,Attack
1e-06,udp,dhcp,1480,0,OTH,0,2,0,1564,0,0,Normal
0.950961,tcp,unknown,77482,0,OTH,0,94,94,82558,5640,0,Normal
1.913413,udp,dns,0,0,OTH,0,10,0,280,0,1,Attack
0.0,tcp,dns,0,0,S1,0,2,0,128,0,1,Attack
0.964464,tcp,unknown,55700,0,OTH,0,72,72,59588,4320,0,Normal
0.0,tcp,dns,0,0,S1,0,2,0,128,0,1,Attack
2.934511,tcp,http,84,0,S1,0,14,0,560,0,1,Attack
0.964176,tcp,unknown,70376,0,OTH,0,92,92,75344,5520,0,Normal
0.971354,tcp,unknown,118702,0,OTH,0,120,118,125182,7080,0,Normal
2.94702,tcp,http,84,0,S1,0,14,0,560,0,1,Attack
1e-06,udp,unknown,496,0,OTH,0,2,0,580,0,0,Normal
0.929258,tcp,unknown,90376,0,OTH,0,108,108,96208,6480,0,Normal
0.004457,tcp,http,0,12,RSTR,0,2,2,120,80,1,Attack
0.989976,tcp,unknown,112740,0,OTH,0,108,108,118572,6480,0,Normal
0.948064,tcp,unknown,78918,0,OTH,0,88,88,83670,5280,0,Normal
153.997002,tcp,dns,0,0,S1,0,4,0,256,0,1,Attack
0.490366,tcp,unknown,63368,0,RSTO,0,58,52,66512,3120,0,Normal
0.0,tcp,dns,0,0,S1,0,2,0,128,0,1,Attack
1.913373,udp,dns,0,0,OTH,0,10,0,280,0,1,Attack
1e-06,udp,unknown,496,0,OTH,0,2,0,580,0,0,Normal
0.972078,tcp,unknown,72380,0,OTH,0,100,100,77780,6000,0,Normal
1.902015,udp,dns,0,0,OTH,0,10,0,280,0,1,Attack
0.922781,tcp,unknown,48550,0,OTH,0,68,68,52222,4080,0,Normal
0.0,tcp,dns,0,0,S1,0,2,0,128,0,1,Attack
0.096126,udp,unknown,582,0,OTH,0,4,0,750,0,0,Normal
0.946255,tcp,unknown,115194,0,OTH,0,116,116,121458,6960,0,Normal
0.253324,udp,unknown,658,0,OTH,0,4,0,826,0,0,Normal
1e-06,tcp,dns,0,0,S1,0,2,0,128,0,1,Attack
0.0,other,unknown,0,0,OTH,0,1,0,60,0,0,Normal
2.926501,tcp,http,84,0,S1,0,14,0,560,0,1,Attack
1e-06,udp,unknown,496,0,OTH,0,2,0,580,0,0,Normal
1e-06,tcp,dns,0,0,S1,0,2,0,128,0,1,Attack
0.0,tcp,dns,0,0,S1,0,2,0,128,0,1,Attack
0.0,tcp,dns,0,0,S1,0,2,0,128,0,1,Attack
0.0,other,unknown,0,0,OTH,0,1,0,60,0,0,Normal
0.097045,other,unknown,0,0,OTH,0,2,0,120,0,0,Normal
1e-06,udp,unknown,86,0,OTH,0,2,0,170,0,0,Normal
1e-06,tcp,dns,0,0,S1,0,2,0,128,0,1,Attack
0.133515,udp,unknown,1096,0,OTH,0,8,0,1432,0,0,Normal
0.132511,other,unknown,0,0,OTH,0,2,0,120,0,0,Normal
0.031611,tcp,unknown,4,12,RSTR,0,2,2,88,80,1,Attack
1e-06,udp,unknown,496,0,OTH,0,2,0,580,0,0,Normal
0.988228,tcp,unknown,69572,0,OTH,0,96,96,74756,5760,0,Normal
0.022695,udp,unknown,582,0,OTH,0,4,0,750,0,0,Normal
0.946168,tcp,unknown,110308,0,OTH,0,120,120,116788,7200,0,Normal
0.965146,tcp,unknown,108678,0,OTH,0,122,122,115266,7320,0,Normal
0.960136,tcp,unknown,73692,0,OTH,0,98,98,78984,5880,0,Normal
0.934431,tcp,unknown,50252,0,OTH,0,64,64,53708,3840,0,Normal
0.962781,tcp,unknown,75950,0,OTH,0,98,98,81242,5880,0,Normal
0.964905,tcp,unknown,45172,0,OTH,0,70,70,48952,4200,0,Normal
3.427627,tcp,http,96,0,S1,0,16,0,640,0,1,Attack
0.957363,tcp,unknown,78524,0,OTH,0,100,100,83924,6000,0,Normal
1.915668,udp,dns,0,0,OTH,0,10,0,280,0,1,Attack
1e-06,udp,unknown,496,0,OTH,0,2,0,580,0,0,Normal
236.616661,tcp,dns,0,0,S1,0,4,0,256,0,1,Attack
0.972367,tcp,unknown,84336,0,OTH,0,98,94,89628,5640,0,Normal
0.990246,tcp,unknown,79100,0,OTH,0,98,98,84392,5880,0,Normal
0.975787,tcp,unknown,84124,0,OTH,0,104,104,89740,6240,0,Normal
0.257074,udp,unknown,658,0,OTH,0,4,0,826,0,0,Normal
2.938693,tcp,http,84,0,S1,0,14,0,560,0,1,Attack
0.969582,tcp,unknown,62056,0,OTH,0,88,88,66808,5280,0,Normal
2.933138,tcp,http,84,0,S1,0,14,0,560,0,1,Attack
1.919543,udp,dns,0,0,OTH,0,10,0,280,0,1,Attack
0.0,other,unknown,0,0,OTH,0,1,0,60,0,0,Normal
1e-06,udp,unknown,496,0,OTH,0,2,0,580,0,0,Normal
1e-06,tcp,ssl,0,0,S1,0,2,0,120,0,1,Attack
2.948116,tcp,http,84,0,S1,0,14,0,560,0,1,Attack
2.947896,tcp,http,84,0,S1,0,14,0,560,0,1,Attack
0.33276,other,unknown,0,0,OTH,0,2,0,120,0,0,Normal
1e-06,udp,unknown,496,0,OTH,0,2,0,580,0,0,Normal
1.890404,udp,dns,0,0,OTH,0,10,0,280,0,1,Attack
2.9e-05,tcp,ssl,0,0,S1,0,2,0,120,0,1,Attack
2.944677,tcp,http,84,0,S1,0,14,0,560,0,1,Attack
1e-06,udp,unknown,496,0,OTH,0,2,0,580,0,0,Normal
0.0,udp,unknown,162,0,OTH,0,2,0,246,0,0,Normal
2.925504,tcp,http,84,0,S1,0,14,0,560,0,1,Attack
0.539506,tcp,unknown,158602,1316,S1,0,132,82,165746,6204,0,Normal
2.921858,tcp,http,84,0,S1,0,14,0,560,0,1,Attack
1e-06,udp,unknown,496,0,OTH,0,2,0,580,0,0,Normal
0.946585,tcp,unknown,74834,0,OTH,0,94,94,79910,5640,0,Normal
1.889672,udp,dns,0,0,OTH,0,10,0,280,0,1,Attack
3.427168,tcp,http,90,0,S1,0,15,0,600,0,1,Attack
0.949627,tcp,unknown,111914,0,OTH,0,126,126,118718,7560,0,Normal
0.985547,tcp,unknown,78500,0,OTH,0,104,104,84116,6240,0,Normal
1.921114,udp,dns,0,0,OTH,0,10,0,280,0,1,Attack
0.750454,tcp,unknown,60822,1320,S1,0,78,82,65062,6208,0,Normal
0.991193,tcp,unknown,63918,0,OTH,0,84,86,68454,5160,0,Normal
1e-06,udp,unknown,496,0,OTH,0,2,0,580,0,0,Normal
0.0,other,unknown,0,0,OTH,0,1,0,60,0,0,Normal
1.901857,udp,dns,0,0,OTH,0,10,0,280,0,1,Attack
0.946064,tcp,unknown,86880,0,OTH,0,96,96,92064,5760,0,Normal
0.976132,tcp,unknown,97412,0,OTH,0,114,114,103568,6840,0,Normal
0.965867,tcp,unknown,62608,0,OTH,0,82,82,67036,4920,0,Normal
0.327886,other,unknown,0,0,OTH,0,3,0,180,0,0,Normal
1e-06,udp,unknown,496,0,OTH,0,2,0,580,0,0,Normal
1e-06,udp,unknown,496,0,OTH,0,2,0,580,0,0,Normal
0.0,tcp,dns,0,0,S1,0,2,0,128,0,1,Attack
1e-06,tcp,ssl,0,0,S1,0,2,0,120,0,1,Attack
1e-06,udp,unknown,496,0,OTH,0,2,0,580,0,0,Normal
0.0,tcp,ssl,0,0,S1,0,2,0,120,0,1,Attack
1.904301,udp,dns,0,0,OTH,0,10,0,280,0,1,Attack
0.961406,tcp,unknown,84122,0,OTH,0,104,104,89738,6240,0,Normal
0.948818,tcp,unknown,110884,0,OTH,0,108,106,116716,6360,0,Normal
0.114844,other,unknown,0,0,OTH,0,2,0,120,0,0,Normal
0.1555,other,unknown,0,0,OTH,0,2,0,120,0,0,Normal
0.0,tcp,dns,0,0,S1,0,2,0,128,0,1,Attack
0.94845,tcp,unknown,113820,0,OTH,0,128,128,120732,7680,0,Normal
1e-06,udp,dhcp,1480,0,OTH,0,2,0,1564,0,0,Normal
1e-06,udp,dhcp,1480,0,OTH,0,2,0,1564,0,0,Normal
0.031055,udp,unknown,582,0,OTH,0,4,0,750,0,0,Normal
0.0,tcp,dns,0,0,S1,0,2,0,128,0,1,Attack
1.91453,udp,dns,0,0,OTH,0,10,0,280,0,1,Attack
1.416966,udp,dns,0,0,OTH,0,8,0,224,0,1,Attack
2.921728,tcp,http,84,0,S1,0,14,0,560,0,1,Attack
1.912172,udp,dns,0,0,OTH,0,10,0,280,0,1,Attack
1.891636,udp,dns,0,0,OTH,0,10,0,280,0,1,Attack
0.985994,tcp,unknown,97590,0,OTH,0,112,112,103638,6720,0,Normal
2.924017,tcp,http,84,0,S1,0,14,0,560,0,1,Attack
1e-06,udp,unknown,86,0,OTH,0,2,0,170,0,0,Normal
0.00568,tcp,http,0,12,RSTR,0,2,2,120,80,1,Attack
88.890018,tcp,dns,0,0,S1,0,4,0,256,0,1,Attack
3.427828,tcp,http,96,0,S1,0,16,0,640,0,1,Attack
0.0,tcp,dns,0,0,S1,0,2,0,128,0,1,Attack
0.022129,tcp,unknown,4,12,RSTR,0,2,2,88,80,1,Attack
0.478948,other,unknown,0,0,OTH,0,2,0,120,0,0,Normal
0.932597,tcp,unknown,83570,0,OTH,0,94,92,88646,5520,0,Normal
0.0,tcp,dns,0,0,S1,0,2,0,128,0,1,Attack
0.973602,tcp,unknown,82776,0,OTH,0,94,94,87852,5640,0,Normal
1e-06,tcp,ssl,0,0,S1,0,2,0,120,0,1,Attack
0.475848,udp,unknown,486,0,OTH,0,6,0,738,0,0,Normal
3.428159,tcp,http,96,0,S1,0,16,0,640,0,1,Attack
0.0,tcp,ssl,0,0,S1,0,2,0,120,0,1,Attack
0.045109,tcp,unknown,4,12,RSTR,0,2,2,88,80,1,Attack
1e-06,udp,unknown,496,0,OTH,0,2,0,580,0,0,Normal
1.892528,udp,dns,0,0,OTH,0,10,0,280,0,1,Attack
1.890422,udp,dns,0,0,OTH,0,10,0,280,0,1,Attack
0.0,tcp,ssl,0,0,S1,0,2,0,120,0,1,Attack
0.982555,tcp,unknown,76066,0,OTH,0,96,96,81250,5760,0,Normal
2.944385,tcp,http,84,0,S1,0,14,0,560,0,1,Attack
0.0,tcp,dns,0,0,S1,0,2,0,128,0,1,Attack
0.0,udp,unknown,496,0,OTH,0,2,0,580,0,0,Normal
0.963984,tcp,unknown,81854,0,OTH,0,98,98,87146,5880,0,Normal
1.905,udp,dns,0,0,OTH,0,10,0,280,0,1,Attack
1.912728,udp,dns,0,0,OTH,0,10,0,280,0,1,Attack
0.7531,udp,unknown,982,0,OTH,0,8,0,1318,0,0,Normal
0.547779,other,unknown,0,0,OTH,0,2,0,120,0,0,Normal
0.0,udp,unknown,496,0,OTH,0,2,0,580,0,0,Normal
0.992749,tcp,unknown,81112,0,OTH,0,104,104,86728,6240,0,Normal
0.0,udp,unknown,274,0,OTH,0,2,0,358,0,0,Normal
1e-06,udp,unknown,496,0,OTH,0,2,0,580,0,0,Normal
1e-06,tcp,dns,0,0,S1,0,2,0,128,0,1,Attack
0.968202,tcp,unknown,28540,0,OTH,0,72,72,32428,4320,0,Normal
0.87346,other,unknown,0,0,OTH,0,2,0,120,0,0,Normal
0.0,udp,dhcp,1480,0,OTH,0,2,0,1564,0,0,Normal
0.0,other,unknown,0,0,OTH,0,1,0,60,0,0,Normal
0.196515,other,unknown,0,0,OTH,0,2,0,120,0,0,Normal
355.178534,udp,unknown,5600,0,OTH,0,140,0,9520,0,1,Attack
0.0,tcp,dns,0,0,S1,0,2,0,128,0,1,Attack
1.891457,udp,dns,0,0,OTH,0,10,0,280,0,1,Attack
1.914011,udp,dns,0,0,OTH,0,10,0,280,0,1,Attack
0.945443,tcp,unknown,77126,0,OTH,0,96,96,82310,5760,0,Normal
333.968896,tcp,dns,0,0,S1,0,4,0,256,0,1,Attack
2.927463,tcp,http,84,0,S1,0,14,0,560,0,1,Attack
1.901108,udp,dns,0,0,OTH,0,10,0,280,0,1,Attack
0.0,tcp,dns,0,0,S1,0,2,0,128,0,1,Attack
0.549396,tcp,unknown,45936,0,RSTO,0,54,52,48864,3120,0,Normal
0.250085,udp,unknown,658,0,OTH,0,4,0,826,0,0,Normal
0.0,tcp,dns,0,0,S1,0,2,0,128,0,1,Attack
0.498418,udp,unknown,820,0,OTH,0,6,0,1072,0,0,Normal
0.97037,tcp,unknown,99730,0,OTH,0,122,122,106318,7320,0,Normal
0.958594,tcp,unknown,110680,0,OTH,0,124,124,117376,7440,0,Normal
0.973393,tcp,unknown,107152,0,OTH,0,120,116,113632,6960,0,Normal
0.983851,tcp,unknown,75394,0,OTH,0,94,94,80470,5640,0,Normal
0.0,tcp,ssl,0,0,S1,0,2,0,120,0,1,Attack
0.932027,tcp,unknown,106510,0,OTH,0,112,112,112558,6720,0,Normal
0.940847,tcp,unknown,75028,0,OTH,0,100,100,80428,6000,0,Normal
0.007253,tcp,unknown,4,12,RSTR,0,2,2,88,80,1,Attack
0.950336,tcp,unknown,75672,0,OTH,0,94,94,80748,5640,0,Normal
0.0,tcp,ssl,0,0,S1,0,2,0,120,0,1,Attack
355.178884,udp,unknown,5600,0,OTH,0,140,0,9520,0,1,Attack
0.985597,tcp,unknown,70602,0,OTH,0,96,96,75786,5760,0,Normal
1e-06,tcp,unknown,0,0,S1,0,0,2,0,148,0,Normal
1.922383,udp,dns,0,0,OTH,0,10,0,280,0,1,Attack
1.416848,udp,dns,0,0,OTH,0,8,0,224,0,1,Attack
1e-06,tcp,dns,0,0,S1,0,2,0,128,0,1,Attack
0.0,tcp,ssl,0,0,S1,0,2,0,120,0,1,Attack
0.954653,tcp,unknown,78694,0,OTH,0,96,96,83878,5760,0,Normal
2.930285,tcp,http,84,0,S1,0,14,0,560,0,1,Attack
33.067988,tcp,dns,0,0,S1,0,4,0,256,0,1,Attack
0.250213,udp,unknown,708,0,OTH,0,6,0,960,0,0,Normal
3.426316,tcp,http,90,0,S1,0,15,0,600,0,1,Attack
0.953794,tcp,unknown,126868,0,OTH,0,128,128,133780,7680,0,Normal
0.0,other,unknown,0,0,OTH,0,1,0,60,0,0,Normal
1.891821,udp,dns,0,0,OTH,0,10,0,280,0,1,Attack
0.97663,tcp,unknown,105252,0,OTH,0,124,124,111948,7440,0,Normal
0.970255,tcp,unknown,54126,0,OTH,0,74,74,58122,4440,0,Normal
1.904728,udp,dns,0,0,OTH,0,10,0,280,0,1,Attack
1e-06,udp,unknown,162,0,OTH,0,2,0,246,0,0,Normal
0.0,udp,unknown,274,0,OTH,0,2,0,358,0,0,Normal
0.974915,tcp,unknown,81298,230,OTH,0,110,110,87238,6818,0,Normal
0.959449,tcp,unknown,103744,0,OTH,0,120,118,110224,7080,0,Normal
2.914288,tcp,http,84,0,S1,0,14,0,560,0,1,Attack
0.98402,tcp,unknown,76278,0,OTH,0,104,102,81894,6120,0,Normal
0.982535,tcp,unknown,103412,0,OTH,0,114,114,109568,6840,0,Normal
3.423608,tcp,http,96,0,S1,0,16,0,640,0,1,Attack
1e-06,tcp,dns,0,0,S1,0,2,0,128,0,1,Attack
0.0,tcp,ssl,0,0,S1,0,2,0,120,0,1,Attack
3.426221,tcp,http,96,0,S1,0,16,0,640,0,1,Attack
1e-06,udp,unknown,496,0,OTH,0,2,0,580,0,0,Normal
0.985554,tcp,unknown,110212,0,OTH,0,118,118,116584,7080,0,Normal
1.900978,udp,dns,0,0,OTH,0,10,0,280,0,1,Attack
0.0,udp,unknown,162,0,OTH,0,2,0,246,0,0,Normal
2.947798,tcp,http,84,0,S1,0,14,0,560,0,1,Attack
0.0,other,unknown,0,0,OTH,0,1,0,60,0,0,Normal
0.047896,tcp,unknown,4,12,RSTR,0,2,2,88,80,1,Attack
0.0,tcp,dns,0,0,S1,0,2,0,128,0,1,Attack
0.50354,tcp,unknown,1560,1974,SF,0,24,18,2500,2674,1,Attack
38.019911,tcp,dns,0,0,S1,0,4,0,256,0,1,Attack
0.0,udp,unknown,496,0,OTH,0,2,0,580,0,0,Normal
0.929596,tcp,unknown,56706,0,OTH,0,72,72,60594,4320,0,Normal
0.49689,udp,unknown,486,0,OTH,0,6,0,738,0,0,Normal
0.0,udp,unknown,496,0,OTH,0,2,0,580,0,0,Normal
0.97635,tcp,unknown,76600,0,OTH,0,90,90,81460,5400,0,Normal
0.934536,tcp,unknown,68308,0,OTH,0,78,78,72520,4680,0,Normal
0.005991,tcp,unknown,4,12,RSTR,0,2,2,88,80,1,Attack
1.910987,udp,dns,0,0,OTH,0,10,0,280,0,1,Attack
0.753587,other,unknown,0,0,OTH,0,2,0,120,0,0,Normal
2.913997,tcp,http,84,0,S1,0,14,0,560,0,1,Attack
1.912334,udp,dns,0,0,OTH,0,10,0,280,0,1,Attack
1.902942,udp,dns,0,0,OTH,0,10,0,280,0,1,Attack
0.988119,tcp,unknown,118248,0,OTH,0,132,132,125376,7920,0,Normal
1.892311,udp,dns,0,0,OTH,0,10,0,280,0,1,Attack
0.96732,tcp,unknown,91646,0,OTH,0,108,108,97478,6480,0,Normal
7e-05,other,unknown,0,0,OTH,0,2,0,120,0,0,Normal
0.965396,tcp,unknown,120206,0,OTH,0,124,122,126902,7320,0,Normal
1.418643,udp,dns,0,0,OTH,0,8,0,224,0,1,Attack
0.997341,tcp,unknown,117336,0,OTH,0,124,124,124032,7440,0,Normal
0.955437,tcp,unknown,110356,0,OTH,0,120,120,116836,7200,0,Normal
0.967917,tcp,unknown,82606,0,OTH,0,106,106,88330,6360,0,Normal
0.947038,tcp,unknown,73416,0,OTH,0,94,92,78492,5520,0,Normal
0.0,other,unknown,0,0,OTH,0,1,0,60,0,0,Normal
0.984545,tcp,unknown,111392,0,OTH,0,128,128,118304,7680,0,Normal
2.926279,tcp,http,84,0,S1,0,14,0,560,0,1,Attack
0.251816,udp,unknown,658,0,OTH,0,4,0,826,0,0,Normal
0.028087,tcp,unknown,4,12,RSTR,0,2,2,88,80,1,Attack
0.0,tcp,dns,0,0,S1,0,2,0,128,0,1,Attack
0.964202,tcp,unknown,109226,0,OTH,0,116,116,115490,6960,0,Normal
32.938821,tcp,dns,0,0,S1,0,4,0,256,0,1,Attack
1e-06,udp,unknown,496,0,OTH,0,2,0,580,0,0,Normal
1e-06,udp,unknown,496,0,OTH,0,2,0,580,0,0,Normal
0.0,tcp,dns,0,0,S1,0,2,0,128,0,1,Attack
11.004356,tcp,dns,0,0,S1,0,4,0,256,0,1,Attack
0.937848,tcp,unknown,83626,0,OTH,0,102,102,89134,6120,0,Normal
0.08297,other,unknown,0,0,OTH,0,2,0,120,0,0,Normal
3.424395,tcp,http,96,0,S1,0,16,0,640,0,1,Attack
1e-06,udp,unknown,496,0,OTH,0,2,0,580,0,0,Normal
0.970861,tcp,unknown,91226,0,OTH,0,98,96,96518,5760,0,Normal
0.948457,tcp,unknown,91286,0,OTH,0,104,104,96902,6240,0,Normal
0.993385,tcp,unknown,106297,0,OTH,0,113,110,112399,6600,0,Normal
0.0,tcp,ssl,0,0,S1,0,2,0,120,0,1,Attack
0.965804,tcp,unknown,104782,0,OTH,0,118,116,111154,6960,0,Normal
0.986401,tcp,unknown,111476,0,OTH,0,118,118,117848,7080,0,Normal
0.945809,tcp,unknown,49320,0,OTH,0,74,74,53316,4440,0,Normal
1e-06,udp,unknown,496,0,OTH,0,2,0,580,0,0,Normal
1e-06,udp,unknown,496,0,OTH,0,2,0,580,0,0,Normal
0.0,udp,unknown,496,0,OTH,0,2,0,580,0,0,Normal
1.88973,udp,dns,0,0,OTH,0,10,0,280,0,1,Attack
0.0,other,unknown,0,0,OTH,0,1,0,60,0,0,Normal
1e-06,udp,unknown,496,0,OTH,0,2,0,580,0,0,Normal
0.140897,other,unknown,0,0,OTH,0,2,0,120,0,0,Normal
0.500835,udp,unknown,486,0,OTH,0,6,0,738,0,0,Normal
1e-06,udp,dhcp,1480,0,OTH,0,2,0,1564,0,0,Normal
1e-06,udp,unknown,496,0,OTH,0,2,0,580,0,0,Normal
0.920391,tcp,unknown,86528,0,OTH,0,96,96,91712,5760,0,Normal
0.0,tcp,dns,0,0,S1,0,2,0,128,0,1,Attack
0.241863,tcp,unknown,10702,1320,S1,0,18,24,11690,2728,0,Normal
2.906933,tcp,http,84,0,S1,0,14,0,560,0,1,Attack
0.989151,tcp,unknown,72498,0,OTH,0,92,92,77466,5520,0,Normal
109.982177,tcp,dns,0,0,S1,0,4,0,256,0,1,Attack
1.889537,udp,dns,0,0,OTH,0,10,0,280,0,1,Attack
0.498265,udp,unknown,486,0,OTH,0,6,0,738,0,0,Normal
0.0,tcp,dns,0,0,S1,0,2,0,128,0,1,Attack
0.20594,other,unknown,0,0,OTH,0,3,0,180,0,0,Normal
1.889235,udp,dns,0,0,OTH,0,10,0,280,0,1,Attack
1e-06,udp,unknown,496,0,OTH,0,2,0,580,0,0,Normal
1e-06,tcp,dns,0,0,S1,0,2,0,128,0,1,Attack
1e-06,udp,unknown,496,0,OTH,0,2,0,580,0,0,Normal
2.931331,tcp,http,84,0,S1,0,14,0,560,0,1,Attack
2.906687,tcp,http,84,0,S1,0,14,0,560,0,1,Attack
3.425385,tcp,http,96,0,S1,0,16,0,640,0,1,Attack
0.965308,tcp,unknown,33464,0,OTH,0,72,72,37352,4320,0,Normal
0.0,tcp,dns,0,0,S1,0,2,0,128,0,1,Attack
0.955277,tcp,unknown,95740,0,OTH,0,110,106,101680,6360,0,Normal
112.03488,tcp,dns,0,0,S1,0,4,0,256,0,1,Attack
0.968332,tcp,unknown,54722,0,OTH,0,74,74,58718,4440,0,Normal
1e-06,udp,unknown,496,0,OTH,0,2,0,580,0,0,Normal
1e-06,udp,unknown,496,0,OTH,0,2,0,580,0,0,Normal
0.0,tcp,ssl,0,0,S1,0,2,0,120,0,1,Attack
0.968111,tcp,unknown,71852,0,OTH,0,96,96,77036,5760,0,Normal
0.967257,tcp,unknown,64024,0,OTH,0,84,84,68560,5040,0,Normal
0.0,tcp,dns,0,0,S1,0,2,0,128,0,1,Attack
0.977273,tcp,unknown,95094,228,OTH,0,116,114,101370,7056,0,Normal
0.980597,tcp,unknown,77436,0,OTH,0,96,96,82620,5760,0,Normal
0.996063,tcp,unknown,79072,0,OTH,0,97,98,84310,5880,0,Normal
0.991173,tcp,unknown,69792,0,OTH,0,90,90,74652,5400,0,Normal
0.0,udp,unknown,496,0,OTH,0,2,0,580,0,0,Normal
1e-06,udp,unknown,496,0,OTH,0,2,0,580,0,0,Normal
2.944684,tcp,http,84,0,S1,0,14,0,560,0,1,Attack
1e-06,udp,unknown,274,0,OTH,0,2,0,358,0,0,Normal
0.934804,tcp,unknown,56026,0,OTH,0,74,74,60022,4440,0,Normal
0.0,tcp,dns,0,0,S1,0,2,0,128,0,1,Attack
0.0,tcp,dns,0,0,S1,0,2,0,128,0,1,Attack
0.980982,tcp,unknown,61864,0,OTH,0,84,84,66400,5040,0,Normal
2.945956,tcp,http,84,0,S1,0,14,0,560,0,1,Attack
1e-06,udp,unknown,496,0,OTH,0,2,0,580,0,0,Normal
1e-06,udp,dhcp,1480,0,OTH,0,2,0,1564,0,0,Normal
0.954689,tcp,unknown,64232,0,OTH,0,86,86,68876,5160,0,Normal
0.964684,tcp,unknown,107466,0,OTH,0,122,122,114054,7320,0,Normal
1e-06,udp,dhcp,1480,0,OTH,0,2,0,1564,0,0,Normal
0.0,other,unknown,0,0,OTH,0,1,0,60,0,0,Normal
133.854167,tcp,dns,0,0,S1,0,4,0,256,0,1,Attack
2.907041,tcp,http,84,0,S1,0,14,0,560,0,1,Attack
0.959652,tcp,unknown,57988,0,OTH,0,76,76,62092,4560,0,Normal
0.988395,tcp,unknown,99798,0,OTH,0,116,114,106062,6840,0,Normal
0.0,tcp,dns,0,0,S1,0,2,0,128,0,1,Attack
0.0,tcp,ssl,0,0,S1,0,2,0,120,0,1,Attack
220.078814,tcp,dns,0,0,S1,0,4,0,256,0,1,Attack
0.0,tcp,ssl,0,0,S1,0,2,0,120,0,1,Attack
0.989137,tcp,unknown,113976,0,OTH,0,118,118,120348,7080,0,Normal
0.934416,tcp,unknown,77040,0,OTH,0,102,102,82548,6120,0,Normal
0.0,tcp,ssl,0,0,S1,0,2,0,120,0,1,Attack
1e-06,udp,unknown,496,0,OTH,0,2,0,580,0,0,Normal
0.227884,tcp,unknown,30708,0,RSTO,0,22,20,31896,1200,0,Normal
0.0,tcp,dns,0,0,S1,0,2,0,128,0,1,Attack
1e-06,udp,unknown,274,0,OTH,0,2,0,358,0,0,Normal
0.0,tcp,dns,0,0,S1,0,2,0,128,0,1,Attack
0.950224,tcp,unknown,56538,0,OTH,0,74,74,60534,4440,0,Normal
1e-06,udp,unknown,496,0,OTH,0,2,0,580,0,0,Normal
1.913749,udp,dns,0,0,OTH,0,10,0,280,0,1,Attack
0.0,tcp,dns,0,0,S1,0,2,0,128,0,1,Attack
0.0,tcp,dns,0,0,S1,0,2,0,128,0,1,Attack
0.981992,tcp,unknown,104908,0,OTH,0,126,126,111712,7560,0,Normal
0.0,other,unknown,0,0,OTH,0,1,0,60,0,0,Normal
1.91582,udp,dns,0,0,OTH,0,10,0,280,0,1,Attack
0.968428,tcp,unknown,75798,0,OTH,0,90,90,80658,5400,0,Normal
1e-06,udp,unknown,162,0,OTH,0,2,0,246,0,0,Normal
1.930363,udp,dns,0,0,OTH,0,10,0,280,0,1,Attack
153.936646,tcp,dns,0,0,S1,0,4,0,256,0,1,Attack
0.0,tcp,dns,0,0,S1,0,2,0,128,0,1,Attack
0.009623,tcp,http,0,12,RSTR,0,2,2,120,80,1,Attack
1e-06,udp,unknown,496,0,OTH,0,2,0,580,0,0,Normal
0.984556,tcp,unknown,118578,0,OTH,0,122,122,125166,7320,0,Normal
60.878106,tcp,dns,0,0,S1,0,4,0,256,0,1,Attack
0.0,udp,unknown,496,0,OTH,0,2,0,580,0,0,Normal
0.995153,tcp,unknown,70270,0,OTH,0,94,94,75346,5640,0,Normal
0.964652,tcp,unknown,45306,0,OTH,0,72,72,49194,4320,0,Normal
0.968255,tcp,unknown,80976,0,OTH,0,108,108,86808,6480,0,Normal
0.990978,tcp,unknown,56236,0,OTH,0,80,80,60556,4800,0,Normal
1e-06,udp,unknown,496,0,OTH,0,2,0,580,0,0,Normal
1e-06,tcp,ssl,0,0,S1,0,2,0,120,0,1,Attack
0.960859,tcp,unknown,76646,0,OTH,0,102,102,82154,6120,0,Normal
1e-06,udp,unknown,496,0,OTH,0,2,0,580,0,0,Normal
0.993955,tcp,unknown,51580,0,OTH,0,72,72,55468,4320,0,Normal
1.915178,udp,dns,0,0,OTH,0,10,0,280,0,1,Attack
2.907272,tcp,http,84,0,S1,0,14,0,560,0,1,Attack
0.94623,tcp,unknown,77094,0,OTH,0,96,96,82278,5760,0,Normal
1.914268,udp,dns,0,0,OTH,0,10,0,280,0,1,Attack
1e-06,udp,unknown,496,0,OTH,0,2,0,580,0,0,Normal
0.93986,tcp,unknown,58382,0,OTH,0,72,72,62270,4320,0,Normal
0.571779,tcp,unknown,118018,1320,S1,0,112,106,124094,7648,0,Normal
0.0,udp,unknown,274,0,OTH,0,2,0,358,0,0,Normal
0.0,tcp,ssl,0,0,S1,0,2,0,120,0,1,Attack
153.464858,tcp,dns,0,0,S1,0,4,0,256,0,1,Attack
1.913922,udp,dns,0,0,OTH,0,10,0,280,0,1,Attack
2.937536,tcp,http,84,0,S1,0,14,0,560,0,1,Attack
1.893784,udp,dns,0,0,OTH,0,10,0,280,0,1,Attack
298.860894,tcp,dns,0,0,S1,0,4,0,256,0,1,Attack
1.41775,udp,dns,0,0,OTH,0,8,0,224,0,1,Attack
1.891529,udp,dns,0,0,OTH,0,10,0,280,0,1,Attack
1.935219,udp,dns,0,0,OTH,0,10,0,280,0,1,Attack
0.0,tcp,dns,0,0,S1,0,2,0,128,0,1,Attack
0.0,other,unknown,0,0,OTH,0,1,0,60,0,0,Normal
0.990164,tcp,unknown,82844,0,OTH,0,100,100,88244,6000,0,Normal
0.027448,tcp,unknown,4,12,RSTR,0,2,2,88,80,1,Attack
0.988211,tcp,unknown,96004,0,OTH,0,110,108,101944,6480,0,Normal
0.0,udp,unknown,496,0,OTH,0,2,0,580,0,0,Normal
0.965892,tcp,unknown,83804,0,OTH,0,98,98,89096,5880,0,Normal
0.0,tcp,ssl,0,0,S1,0,2,0,120,0,1,Attack
0.0,tcp,dns,0,0,S1,0,2,0,128,0,1,Attack
0.114532,udp,unknown,324,0,OTH,0,4,0,492,0,0,Normal
0.0,other,unknown,0,0,OTH,0,1,0,60,0,0,Normal
0.0,tcp,dns,0,0,S1,0,2,0,128,0,1,Attack
2.944737,tcp,http,84,0,S1,0,14,0,560,0,1,Attack
2.933237,tcp,http,84,0,S1,0,14,0,560,0,1,Attack
1.904596,udp,dns,0,0,OTH,0,10,0,280,0,1,Attack
3.425119,tcp,http,96,0,S1,0,16,0,640,0,1,Attack
2.911509,tcp,http,84,0,S1,0,14,0,560,0,1,Attack
1.928721,udp,dns,0,0,OTH,0,10,0,280,0,1,Attack
1.418547,udp,dns,0,0,OTH,0,8,0,224,0,1,Attack
2.940409,tcp,http,84,0,S1,0,14,0,560,0,1,Attack
1.906637,udp,dns,0,0,OTH,0,10,0,280,0,1,Attack
0.973548,tcp,unknown,97432,0,OTH,0,110,110,103372,6600,0,Normal
2.923029,tcp,http,84,0,S1,0,14,0,560,0,1,Attack
0.968546,tcp,unknown,72894,0,OTH,0,98,98,78186,5880,0,Normal
1.901929,udp,dns,0,0,OTH,0,10,0,280,0,1,Attack
35.006099,tcp,dns,0,0,S1,0,4,0,256,0,1,Attack
0.998649,tcp,unknown,108936,1132,OTH,0,120,102,115416,7204,0,Normal
0.986101,tcp,unknown,71152,0,OTH,0,92,92,76120,5520,0,Normal
1.915687,udp,dns,0,0,OTH,0,10,0,280,0,1,Attack
0.963469,tcp,unknown,71138,0,OTH,0,92,92,76106,5520,0,Normal
0.992833,tcp,unknown,72686,0,OTH,0,92,92,77654,5520,0,Normal
0.838463,tcp,unknown,147116,1316,S1,0,138,92,154596,6804,0,Normal
1e-06,udp,unknown,86,0,OTH,0,2,0,170,0,0,Normal
14.64344,tcp,dns,0,0,S1,0,4,0,256,0,1,Attack
3.42828,tcp,http,96,0,S1,0,16,0,640,0,1,Attack
0.0,tcp,dns,0,0,S1,0,2,0,128,0,1,Attack
0.0,other,unknown,0,0,OTH,0,1,0,60,0,0,Normal
1e-06,udp,unknown,162,0,OTH,0,2,0,246,0,0,Normal
0.0,tcp,dns,0,0,S1,0,2,0,128,0,1,Attack
0.337014,other,unknown,0,0,OTH,0,2,0,120,0,0,Normal
0.000814,udp,unknown,822,0,OTH,0,6,0,1074,0,0,Normal
0.266039,tcp,unknown,53540,1312,S1,0,50,56,56256,4640,0,Normal
2.944606,tcp,http,84,0,S1,0,14,0,560,0,1,Attack
0.984604,tcp,unknown,95626,0,OTH,0,108,108,101458,6480,0,Normal
0.962541,tcp,unknown,37148,0,OTH,0,72,72,41036,4320,0,Normal
0.990564,tcp,unknown,98954,0,OTH,0,116,116,105218,6960,0,Normal
0.238056,udp,unknown,287828,0,OTH,0,244,0,294660,0,1,Attack
0.243469,udp,unknown,324,0,OTH,0,4,0,492,0,0,Normal
1.914622,udp,dns,0,0,OTH,0,10,0,280,0,1,Attack
2.906313,tcp,http,84,0,S1,0,14,0,560,0,1,Attack
0.960558,tcp,unknown,90546,0,OTH,0,104,100,96162,6000,0,Normal
1.417214,udp,dns,0,0,OTH,0,8,0,224,0,1,Attack
0.962495,tcp,unknown,110122,0,OTH,0,128,128,117034,7680,0,Normal
0.0,udp,unknown,86,0,OTH,0,2,0,170,0,0,Normal
0.925509,tcp,unknown,92220,0,OTH,0,106,98,97944,5880,0,Normal
0.0,other,unknown,0,0,OTH,0,1,0,60,0,0,Normal
0.96505,tcp,unknown,59710,0,OTH,0,74,74,63706,4440,0,Normal
1.912385,udp,dns,0,0,OTH,0,10,0,280,0,1,Attack
0.0,tcp,ssl,0,0,S1,0,2,0,120,0,1,Attack
3.426991,tcp,http,96,0,S1,0,16,0,640,0,1,Attack
1e-06,udp,unknown,496,0,OTH,0,2,0,580,0,0,Normal
0.96026,tcp,unknown,82346,0,OTH,0,102,102,87854,6120,0,Normal
0.589867,tcp,unknown,72222,1320,S1,0,72,50,76138,4288,0,Normal
1e-06,udp,unknown,496,0,OTH,0,2,0,580,0,0,Normal
0.956568,tcp,unknown,87658,0,OTH,0,100,100,93058,6000,0,Normal
1.88975,udp,dns,0,0,OTH,0,10,0,280,0,1,Attack
0.0,tcp,dns,0,0,S1,0,2,0,128,0,1,Attack
0.951871,tcp,unknown,26484,0,OTH,0,74,74,30480,4440,0,Normal
0.955653,tcp,unknown,117590,0,OTH,0,132,132,124718,7920,0,Normal
0.0,tcp,dns,0,0,S1,0,2,0,128,0,1,Attack
0.0,tcp,ssl,0,0,S1,0,2,0,120,0,1,Attack
1e-06,tcp,dns,0,0,S1,0,2,0,128,0,1,Attack
0.0,udp,unknown,496,0,OTH,0,2,0,580,0,0,Normal
1e-06,tcp,dns,0,0,S1,0,2,0,128,0,1,Attack
2.933395,tcp,http,84,0,S1,0,14,0,560,0,1,Attack
0.981361,tcp,unknown,58736,0,OTH,0,82,82,63164,4920,0,Normal
0.986625,tcp,unknown,76858,0,OTH,0,96,96,82042,5760,0,Normal
1e-06,udp,unknown,496,0,OTH,0,2,0,580,0,0,Normal
1e-06,tcp,dns,0,0,S1,0,2,0,128,0,1,Attack
2.927424,tcp,http,84,0,S1,0,14,0,560,0,1,Attack
0.961739,tcp,unknown,44188,0,OTH,0,74,74,48184,4440,0,Normal
0.990047,tcp,unknown,108230,0,OTH,0,110,102,114170,6120,0,Normal
0.982318,tcp,unknown,114910,0,OTH,0,124,124,121606,7440,0,Normal
1.906531,udp,dns,0,0,OTH,0,10,0,280,0,1,Attack
1.89789,udp,dns,0,0,OTH,0,10,0,280,0,1,Attack
0.0,tcp,ssl,0,0,S1,0,2,0,120,0,1,Attack
1.922901,udp,dns,0,0,OTH,0,10,0,280,0,1,Attack
1e-06,tcp,dns,0,0,S1,0,2,0,128,0,1,Attack
0.0,tcp,ssl,0,0,S1,0,2,0,120,0,1,Attack
0.993627,tcp,unknown,74900,0,OTH,0,102,102,80408,6120,0,Normal
0.500227,udp,unknown,870,0,OTH,0,8,0,1206,0,0,Normal
0.0,tcp,ssl,0,0,S1,0,2,0,120,0,1,Attack
1.924186,udp,dns,0,0,OTH,0,10,0,280,0,1,Attack
0.959422,tcp,unknown,50160,0,OTH,0,68,68,53832,4080,0,Normal
0.0,other,unknown,0,0,OTH,0,1,0,60,0,0,Normal
1e-06,tcp,dns,0,0,S1,0,2,0,128,0,1,Attack
0.0,udp,unknown,496,0,OTH,0,2,0,580,0,0,Normal
0.970819,tcp,unknown,63726,0,OTH,0,86,86,68370,5160,0,Normal
0.009987,tcp,unknown,4,12,RSTR,0,2,2,88,80,1,Attack
172.073838,tcp,dns,0,0,S1,0,4,0,256,0,1,Attack
0.965185,tcp,unknown,68270,0,OTH,0,86,86,72914,5160,0,Normal
1e-06,udp,dhcp,1480,0,OTH,0,2,0,1564,0,0,Normal
2.905138,tcp,http,84,0,S1,0,14,0,560,0,1,Attack
0.974999,tcp,unknown,101148,0,OTH,0,118,118,107520,7080,0,Normal
0.976082,tcp,unknown,45276,0,OTH,0,62,62,48624,3720,0,Normal
1e-06,udp,unknown,496,0,OTH,0,2,0,580,0,0,Normal
1e-06,udp,unknown,496,0,OTH,0,2,0,580,0,0,Normal
1.912616,udp,dns,0,0,OTH,0,10,0,280,0,1,Attack
2.906572,tcp,http,84,0,S1,0,14,0,560,0,1,Attack
1.915234,udp,dns,0,0,OTH,0,10,0,280,0,1,Attack
2.937066,tcp,http,84,0,S1,0,14,0,560,0,1,Attack
0.930123,tcp,unknown,59650,0,OTH,0,76,76,63754,4560,0,Normal
0.0,tcp,dns,0,0,S1,0,2,0,128,0,1,Attack
0.0,tcp,ssl,0,0,S1,0,2,0,120,0,1,Attack
0.007484,tcp,unknown,4,12,RSTR,0,2,2,88,80,1,Attack
1.921154,udp,dns,0,0,OTH,0,10,0,280,0,1,Attack
1e-06,udp,unknown,274,0,OTH,0,2,0,358,0,0,Normal
0.008376,tcp,http,0,12,RSTR,0,2,2,120,80,1,Attack
0.005767,tcp,http,0,12,RSTR,0,2,2,120,80,1,Attack
0.0,tcp,dns,0,0,S1,0,2,0,128,0,1,Attack
0.0,tcp,dns,0,0,S1,0,2,0,128,0,1,Attack
0.627567,other,unknown,0,0,OTH,0,2,0,120,0,0,Normal
0.943096,tcp,unknown,85038,0,OTH,0,108,108,90870,6480,0,Normal
0.973936,tcp,unknown,68800,0,OTH,0,88,88,73552,5280,0,Normal
0.0,tcp,dns,0,0,S1,0,2,0,128,0,1,Attack
0.942362,tcp,unknown,71962,0,OTH,0,90,88,76822,5280,0,Normal
1.906902,udp,dns,0,0,OTH,0,10,0,280,0,1,Attack
1.927627,udp,dns,0,0,OTH,0,10,0,280,0,1,Attack
1e-06,tcp,dns,0,0,S1,0,2,0,128,0,1,Attack
1e-06,tcp,dns,0,0,S1,0,2,0,128,0,1,Attack
0.984595,tcp,unknown,112644,0,OTH,0,126,126,119448,7560,0,Normal
1e-06,tcp,ssl,0,0,S1,0,2,0,120,0,1,Attack
0.93926,tcp,unknown,74510,0,OTH,0,92,92,79478,5520,0,Normal
0.969883,tcp,unknown,76102,0,OTH,0,104,104,81718,6240,0,Normal
0.969801,tcp,unknown,100202,0,OTH,0,116,116,106466,6960,0,Normal
2.923739,tcp,http,84,0,S1,0,14,0,560,0,1,Attack
0.04213,tcp,unknown,4,12,RSTR,0,2,2,88,80,1,Attack
1.928835,udp,dns,0,0,OTH,0,10,0,280,0,1,Attack
1.90448,udp,dns,0,0,OTH,0,10,0,280,0,1,Attack
1.905632,udp,dns,0,0,OTH,0,10,0,280,0,1,Attack
1e-06,udp,dhcp,1480,0,OTH,0,2,0,1564,0,0,Normal
2.944738,tcp,http,84,0,S1,0,14,0,560,0,1,Attack
0.983864,tcp,unknown,99882,0,OTH,0,116,116,106146,6960,0,Normal
0.953278,tcp,unknown,100934,0,OTH,0,114,114,107090,6840,0,Normal
1e-06,udp,unknown,178,0,OTH,0,2,0,262,0,0,Normal
1e-06,udp,unknown,162,0,OTH,0,2,0,246,0,0,Normal
1.901173,udp,dns,0,0,OTH,0,10,0,280,0,1,Attack
1e-06,udp,unknown,274,0,OTH,0,2,0,358,0,0,Normal
0.945143,tcp,unknown,82040,0,OTH,0,94,92,87116,5520,0,Normal
1e-06,tcp,ssl,0,0,S1,0,2,0,120,0,1,Attack
0.408117,other,unknown,0,0,OTH,0,2,0,120,0,0,Normal
0.964061,tcp,unknown,101752,0,OTH,0,108,108,107584,6480,0,Normal
1e-06,udp,dhcp,1480,0,OTH,0,2,0,1564,0,0,Normal
0.966979,tcp,unknown,53158,0,OTH,0,70,70,56938,4200,0,Normal
0.916808,tcp,unknown,232786,1320,S1,0,204,188,243830,12568,0,Normal
0.0,tcp,dns,0,0,S1,0,2,0,128,0,1,Attack
0.0,udp,unknown,496,0,OTH,0,2,0,580,0,0,Normal
0.964079,tcp,unknown,79452,0,OTH,0,102,102,84960,6120,0,Normal
0.007931,tcp,http,0,12,RSTR,0,2,2,120,80,1,Attack
1e-06,udp,unknown,274,0,OTH,0,2,0,358,0,0,Normal
2.90628,tcp,http,84,0,S1,0,14,0,560,0,1,Attack
1e-06,udp,unknown,496,0,OTH,0,2,0,580,0,0,Normal
0.223903,tcp,unknown,112902,1316,S1,0,88,42,117670,3804,0,Normal
0.0,tcp,dns,0,0,S1,0,2,0,128,0,1,Attack
1e-06,tcp,ssl,0,0,S1,0,2,0,120,0,1,Attack
0.956256,tcp,unknown,103312,0,OTH,0,104,104,108928,6240,0,Normal
0.000278,udp,unknown,1078,0,OTH,0,6,0,1330,0,0,Normal
0.949989,tcp,unknown,76598,0,OTH,0,98,98,81890,5880,0,Normal
0.0,other,unknown,0,0,OTH,0,1,0,60,0,0,Normal
0.600931,other,unknown,0,0,OTH,0,3,0,180,0,0,Normal
0.968659,tcp,unknown,95520,0,OTH,0,112,112,101568,6720,0,Normal
1.924186,udp,dns,0,0,OTH,0,10,0,280,0,1,Attack
0.928701,tcp,unknown,74920,0,OTH,0,94,94,79996,5640,0,Normal
118.132926,tcp,dns,0,0,S1,0,4,0,256,0,1,Attack
1e-06,udp,unknown,496,0,OTH,0,2,0,580,0,0,Normal
179.012283,tcp,dns,0,0,S1,0,6,0,384,0,1,Attack
1.418562,udp,dns,0,0,OTH,0,8,0,224,0,1,Attack
0.968304,tcp,unknown,90672,0,OTH,0,102,102,96180,6120,0,Normal
0.965593,tcp,unknown,93326,0,OTH,0,108,108,99158,6480,0,Normal
0.242356,udp,unknown,324,0,OTH,0,4,0,492,0,0,Normal
2.929863,tcp,http,84,0,S1,0,14,0,560,0,1,Attack
1.923288,udp,dns,0,0,OTH,0,10,0,280,0,1,Attack
0.0,udp,unknown,274,0,OTH,0,2,0,358,0,0,Normal
0.989111,tcp,unknown,54734,0,OTH,0,84,84,59270,5040,0,Normal
0.000104,udp,unknown,822,0,OTH,0,6,0,1074,0,0,Normal
2.941677,tcp,http,84,0,S1,0,14,0,560,0,1,Attack
0.0,tcp,dns,0,0,S1,0,2,0,128,0,1,Attack
0.0,udp,unknown,496,0,OTH,0,2,0,580,0,0,Normal
2.948036,tcp,http,84,0,S1,0,14,0,560,0,1,Attack
1.907216,udp,dns,0,0,OTH,0,10,0,280,0,1,Attack
0.0,other,unknown,0,0,OTH,0,1,0,60,0,0,Normal
0.949854,tcp,unknown,86920,0,OTH,0,98,96,92212,5760,0,Normal
0.00566,tcp,http,0,12,RSTR,0,2,2,120,80,1,Attack
1e-06,tcp,dns,0,0,S1,0,2,0,128,0,1,Attack
0.164192,udp,unknown,1096,0,OTH,0,8,0,1432,0,0,Normal
0.0,tcp,dns,0,0,S1,0,2,0,128,0,1,Attack
23.849174,tcp,dns,0,0,S1,0,4,0,256,0,1,Attack
0.755729,udp,unknown,1032,0,OTH,0,10,0,1452,0,0,Normal
0.987467,tcp,unknown,93968,0,OTH,0,116,116,100232,6960,0,Normal
0.945723,tcp,unknown,66874,0,OTH,0,88,88,71626,5280,0,Normal
0.495168,udp,unknown,486,0,OTH,0,6,0,738,0,0,Normal
1e-06,tcp,ssl,0,0,S1,0,2,0,120,0,1,Attack
0.0,other,unknown,0,0,OTH,0,1,0,60,0,0,Normal
1.91465,udp,dns,0,0,OTH,0,10,0,280,0,1,Attack
1.89396,udp,dns,0,0,OTH,0,10,0,280,0,1,Attack
1e-06,udp,unknown,496,0,OTH,0,2,0,580,0,0,Normal
43.915242,tcp,dns,0,0,S1,0,4,0,256,0,1,Attack
3.427367,tcp,http,96,0,S1,0,16,0,640,0,1,Attack
0.965236,tcp,unknown,75400,0,OTH,0,96,96,80584,5760,0,Normal
0.0,tcp,dns,0,0,S1,0,2,0,128,0,1,Attack
1.915627,udp,dns,0,0,OTH,0,10,0,280,0,1,Attack
1.414488,udp,dns,0,0,OTH,0,8,0,224,0,1,Attack
1.889408,udp,dns,0,0,OTH,0,10,0,280,0,1,Attack
1e-06,udp,unknown,496,0,OTH,0,2,0,580,0,0,Normal
0.985888,tcp,unknown,98254,0,OTH,0,108,108,104086,6480,0,Normal
0.0,udp,unknown,496,0,OTH,0,2,0,580,0,0,Normal
0.0,tcp,dns,0,0,S1,0,2,0,128,0,1,Attack
1.906272,udp,dns,0,0,OTH,0,10,0,280,0,1,Attack
0.977686,tcp,unknown,84636,0,OTH,0,98,98,89928,5880,0,Normal
0.0,tcp,dns,0,0,S1,0,2,0,128,0,1,Attack
0.0,tcp,dns,0,0,S1,0,2,0,128,0,1,Attack
1.418494,udp,dns,0,0,OTH,0,8,0,224,0,1,Attack
0.0,tcp,ssl,0,0,S1,0,2,0,120,0,1,Attack
2.939396,tcp,http,84,0,S1,0,14,0,560,0,1,Attack
0.0,tcp,ssl,0,0,S1,0,2,0,120,0,1,Attack
1.919094,udp,dns,0,0,OTH,0,10,0,280,0,1,Attack
0.979594,tcp,unknown,109934,0,OTH,0,124,124,116630,7440,0,Normal
0.0,udp,unknown,496,0,OTH,0,2,0,580,0,0,Normal
1e-06,udp,unknown,496,0,OTH,0,2,0,580,0,0,Normal
0.010661,tcp,http,0,12,RSTR,0,2,2,120,80,1,Attack
0.0,other,unknown,0,0,OTH,0,1,0,60,0,0,Normal
0.0,tcp,ssl,0,0,S1,0,2,0,120,0,1,Attack
0.973292,tcp,unknown,120248,0,OTH,0,134,134,127484,8040,0,Normal
1e-06,tcp,dns,0,0,S1,0,2,0,128,0,1,Attack
0.0787,tcp,unknown,9904,0,RSTO,0,12,10,10564,600,0,Normal
34.999989,tcp,dns,0,0,S1,0,4,0,256,0,1,Attack
0.989819,tcp,unknown,75160,0,OTH,0,90,90,80020,5400,0,Normal
0.962614,tcp,unknown,78542,0,OTH,0,100,100,83942,6000,0,Normal
2.916829,tcp,http,84,0,S1,0,14,0,560,0,1,Attack
1.418051,udp,dns,0,0,OTH,0,8,0,224,0,1,Attack
1.917778,udp,dns,0,0,OTH,0,10,0,280,0,1,Attack
0.000164,udp,unknown,1096,0,OTH,0,8,0,1432,0,0,Normal
1.921711,udp,dns,0,0,OTH,0,10,0,280,0,1,Attack
0.0,udp,unknown,496,0,OTH,0,2,0,580,0,0,Normal
0.0,tcp,ssl,0,0,S1,0,2,0,120,0,1,Attack
0.977491,tcp,unknown,105512,0,OTH,0,114,112,111668,6720,0,Normal
2.940331,tcp,http,84,0,S1,0,14,0,560,0,1,Attack
0.966149,tcp,unknown,99338,0,OTH,0,112,110,105386,6600,0,Normal
0.0,tcp,dns,0,0,S1,0,2,0,128,0,1,Attack
0.355742,other,unknown,0,0,OTH,0,2,0,120,0,0,Normal
0.0,other,unknown,0,0,OTH,0,1,0,60,0,0,Normal
0.0,tcp,dns,0,0,S1,0,2,0,128,0,1,Attack
0.948136,tcp,unknown,117770,0,OTH,0,116,116,124034,6960,0,Normal
0.183362,udp,unknown,1096,0,OTH,0,8,0,1432,0,0,Normal
0.024103,tcp,unknown,4,12,RSTR,0,2,2,88,80,1,Attack
0.0,tcp,dns,0,0,S1,0,2,0,128,0,1,Attack
2.944638,tcp,http,84,0,S1,0,14,0,560,0,1,Attack
1.913713,udp,dns,0,0,OTH,0,10,0,280,0,1,Attack
1e-06,udp,unknown,496,0,OTH,0,2,0,580,0,0,Normal
5.4e-05,udp,unknown,52,0,OTH,0,4,0,164,0,1,Attack
0.977213,tcp,unknown,93676,0,OTH,0,104,104,99292,6240,0,Normal
1e-06,udp,unknown,496,0,OTH,0,2,0,580,0,0,Normal
1e-06,udp,unknown,496,0,OTH,0,2,0,580,0,0,Normal
1.910553,udp,dns,0,0,OTH,0,10,0,280,0,1,Attack
2.918508,tcp,http,84,0,S1,0,14,0,560,0,1,Attack
0.50246,udp,unknown,486,0,OTH,0,6,0,738,0,0,Normal
0.98479,tcp,unknown,69172,0,OTH,0,96,96,74356,5760,0,Normal
3.429594,tcp,http,96,0,S1,0,16,0,640,0,1,Attack
0.0,tcp,dns,0,0,S1,0,2,0,128,0,1,Attack
2.905233,tcp,http,84,0,S1,0,14,0,560,0,1,Attack
1.415134,udp,dns,0,0,OTH,0,8,0,224,0,1,Attack
0.992015,tcp,unknown,74340,0,OTH,0,94,94,79416,5640,0,Normal
0.984915,tcp,unknown,73686,0,OTH,0,92,92,78654,5520,0,Normal
0.0,tcp,dns,0,0,S1,0,2,0,128,0,1,Attack
0.95482,tcp,unknown,41036,0,OTH,0,80,80,45356,4800,0,Normal
258.909815,tcp,dns,0,0,S1,0,6,0,384,0,1,Attack
1e-06,tcp,dns,0,0,S1,0,2,0,128,0,1,Attack
0.003624,tcp,unknown,4,12,RSTR,0,2,2,88,80,1,Attack
0.97801,tcp,unknown,49912,0,OTH,0,72,72,53800,4320,0,Normal
1e-06,tcp,ssl,0,0,S1,0,2,0,120,0,1,Attack
0.169965,other,unknown,0,0,OTH,0,2,0,120,0,0,Normal
1e-06,udp,unknown,496,0,OTH,0,2,0,580,0,0,Normal
0.0,other,unknown,0,0,OTH,0,1,0,60,0,0,Normal
1e-06,udp,unknown,496,0,OTH,0,2,0,580,0,0,Normal
1e-06,udp,unknown,496,0,OTH,0,2,0,580,0,0,Normal
0.0,tcp,dns,0,0,S1,0,2,0,128,0,1,Attack
1e-06,tcp,ssl,0,0,S1,0,2,0,120,0,1,Attack
0.974646,tcp,unknown,112888,0,OTH,0,118,118,119260,7080,0,Normal
0.963727,tcp,unknown,107872,0,OTH,0,120,118,114352,7080,0,Normal
1e-06,udp,unknown,496,0,OTH,0,2,0,580,0,0,Normal
0.965401,tcp,unknown,71360,0,OTH,0,90,90,76220,5400,0,Normal
0.982067,tcp,unknown,199174,1128,OTH,0,182,134,209002,9120,0,Normal
0.972806,tcp,unknown,73250,0,OTH,0,94,94,78326,5640,0,Normal
1.418206,udp,dns,0,0,OTH,0,8,0,224,0,1,Attack
0.944433,tcp,unknown,53238,0,OTH,0,76,76,57342,4560,0,Normal
1.418557,udp,dns,0,0,OTH,0,8,0,224,0,1,Attack
0.436212,other,unknown,0,0,OTH,0,2,0,120,0,0,Normal
0.0,udp,unknown,496,0,OTH,0,2,0,580,0,0,Normal
0.0,tcp,ssl,0,0,S1,0,2,0,120,0,1,Attack
0.104238,other,unknown,0,0,OTH,0,2,0,120,0,0,Normal
0.997553,tcp,unknown,103038,0,OTH,0,118,116,109410,6960,0,Normal
0.0,other,unknown,0,0,OTH,0,1,0,60,0,0,Normal
2.931108,tcp,http,84,0,S1,0,14,0,560,0,1,Attack
0.249699,udp,unknown,708,0,OTH,0,6,0,960,0,0,Normal
0.000188,tcp,http,0,12,RSTR,0,2,2,120,80,1,Attack
0.023407,other,unknown,0,0,OTH,0,2,0,120,0,0,Normal
0.978325,tcp,unknown,105022,0,OTH,0,114,114,111178,6840,0,Normal
2.939225,tcp,http,84,0,S1,0,14,0,560,0,1,Attack
0.985586,tcp,unknown,96068,0,OTH,0,108,108,101900,6480,0,Normal
0.974183,tcp,unknown,108172,0,OTH,0,122,122,114760,7320,0,Normal
0.945708,tcp,unknown,87502,0,OTH,0,100,100,92902,6000,0,Normal
0.94148,tcp,unknown,73044,0,OTH,0,86,86,77688,5160,0,Normal
2.921699,tcp,http,84,0,S1,0,14,0,560,0,1,Attack
0.0,tcp,dns,0,0,S1,0,2,0,128,0,1,Attack
0.967357,tcp,unknown,72794,0,OTH,0,100,100,78194,6000,0,Normal
0.99065,tcp,unknown,73690,0,OTH,0,98,98,78982,5880,0,Normal
0.945084,tcp,unknown,76642,0,OTH,0,100,100,82042,6000,0,Normal
0.754974,tcp,unknown,232502,1320,S1,0,192,148,242886,10168,0,Normal
0.899036,tcp,unknown,82844,0,OTH,0,98,98,88136,5880,0,Normal
0.752131,udp,unknown,982,0,OTH,0,8,0,1318,0,0,Normal
0.998133,tcp,unknown,63222,0,OTH,0,82,82,67650,4920,0,Normal
1.891513,udp,dns,0,0,OTH,0,10,0,280,0,1,Attack
0.0,other,unknown,0,0,OTH,0,1,0,60,0,0,Normal
0.0,tcp,ssl,0,0,S1,0,2,0,120,0,1,Attack
0.025992,other,unknown,0,0,OTH,0,2,0,120,0,0,Normal
0.0,tcp,dns,0,0,S1,0,2,0,128,0,1,Attack
0.991921,tcp,unknown,72734,0,OTH,0,98,98,78026,5880,0,Normal
0.983559,tcp,unknown,108448,0,OTH,0,110,108,114388,6480,0,Normal
2.923772,tcp,http,84,0,S1,0,14,0,560,0,1,Attack
0.968856,tcp,unknown,72318,0,OTH,0,98,98,77610,5880,0,Normal
0.0,udp,unknown,496,0,OTH,0,2,0,580,0,0,Normal
0.956963,tcp,unknown,71532,0,OTH,0,98,98,76824,5880,0,Normal
1.889775,udp,dns,0,0,OTH,0,10,0,280,0,1,Attack
1e-06,tcp,dns,0,0,S1,0,2,0,128,0,1,Attack
0.0,other,unknown,0,0,OTH,0,1,0,60,0,0,Normal
0.981797,tcp,unknown,118014,0,OTH,0,128,128,124926,7680,0,Normal
0.500008,udp,unknown,486,0,OTH,0,6,0,738,0,0,Normal
1.914225,udp,dns,0,0,OTH,0,10,0,280,0,1,Attack
0.977294,tcp,unknown,99764,0,OTH,0,114,114,105920,6840,0,Normal
0.984197,tcp,unknown,255070,1320,S1,0,232,214,267626,14128,0,Normal
10.147341,tcp,dns,0,0,S1,0,4,0,256,0,1,Attack
0.251203,udp,unknown,658,0,OTH,0,4,0,826,0,0,Normal
1e-06,udp,unknown,496,0,OTH,0,2,0,580,0,0,Normal
0.091342,udp,unknown,582,0,OTH,0,4,0,750,0,0,Normal
3.429608,tcp,http,96,0,S1,0,16,0,640,0,1,Attack
0.0,tcp,dns,0,0,S1,0,2,0,128,0,1,Attack
0.981523,tcp,unknown,75500,0,OTH,0,100,100,80900,6000,0,Normal
2.934583,tcp,http,84,0,S1,0,14,0,560,0,1,Attack
0.983723,tcp,unknown,116672,1410,S1,0,125,123,123446,8766,0,Normal
0.0,tcp,dns,0,0,S1,0,2,0,128,0,1,Attack
7.128182,tcp,unknown,0,0,S1,0,14,0,840,0,1,Attack
1.921818,udp,dns,0,0,OTH,0,10,0,280,0,1,Attack
1.890481,udp,dns,0,0,OTH,0,10,0,280,0,1,Attack
2.918016,tcp,http,84,0,S1,0,14,0,560,0,1,Attack
9.2e-05,other,unknown,0,0,OTH,0,2,0,120,0,0,Normal
1.914831,udp,dns,0,0,OTH,0,10,0,280,0,1,Attack
3.428407,tcp,http,90,0,S1,0,15,0,600,0,1,Attack
0.970018,tcp,unknown,78228,0,OTH,0,102,102,83736,6120,0,Normal
2.947039,tcp,http,84,0,S1,0,14,0,560,0,1,Attack
247.189653,tcp,dns,0,0,S1,0,4,0,256,0,1,Attack
1e-06,udp,unknown,496,0,OTH,0,2,0,580,0,0,Normal
3.42819,tcp,http,96,0,S1,0,16,0,640,0,1,Attack
0.0,other,unknown,0,0,OTH,0,1,0,60,0,0,Normal
2.911,tcp,http,84,0,S1,0,14,0,560,0,1,Attack
3.426336,tcp,http,90,0,S1,0,15,0,600,0,1,Attack
0.0,udp,unknown,496,0,OTH,0,2,0,580,0,0,Normal
3.42833,tcp,http,96,0,S1,0,16,0,640,0,1,Attack
0.018425,other,unknown,0,0,OTH,0,2,0,120,0,0,Normal
0.512096,other,unknown,0,0,OTH,0,3,0,180,0,0,Normal
0.0,tcp,ssl,0,0,S1,0,2,0,120,0,1,Attack
0.612133,other,unknown,0,0,OTH,0,2,0,120,0,0,Normal
1.893772,udp,dns,0,0,OTH,0,10,0,280,0,1,Attack
0.944215,tcp,unknown,56104,0,OTH,0,72,72,59992,4320,0,Normal
0.0,tcp,ssl,0,0,S1,0,2,0,120,0,1,Attack
0.0,tcp,dns,0,0,S1,0,2,0,128,0,1,Attack
1.891643,udp,dns,0,0,OTH,0,10,0,280,0,1,Attack
1e-06,tcp,dns,0,0,S1,0,2,0,128,0,1,Attack
0.0,tcp,dns,0,0,S1,0,2,0,128,0,1,Attack
0.0,tcp,ssl,0,0,S1,0,2,0,120,0,1,Attack
0.0,tcp,ssl,0,0,S1,0,2,0,120,0,1,Attack
0.988862,tcp,unknown,79676,0,OTH,0,96,94,84860,5640,0,Normal
0.0,udp,unknown,496,0,OTH,0,2,0,580,0,0,Normal
1.418003,udp,dns,0,0,OTH,0,8,0,224,0,1,Attack
1e-06,udp,unknown,496,0,OTH,0,2,0,580,0,0,Normal
0.96783,tcp,unknown,90960,0,OTH,0,104,104,96576,6240,0,Normal
0.0,tcp,dns,0,0,S1,0,2,0,128,0,1,Attack
0.969698,tcp,unknown,62260,0,OTH,0,82,82,66688,4920,0,Normal
1.913937,udp,dns,0,0,OTH,0,10,0,280,0,1,Attack
1.913926,udp,dns,0,0,OTH,0,10,0,280,0,1,Attack
0.0,udp,unknown,86,0,OTH,0,2,0,170,0,0,Normal
0.0,tcp,ssl,0,0,S1,0,2,0,120,0,1,Attack
0.263867,tcp,unknown,63264,1320,S1,0,56,32,66316,3208,0,Normal
0.034729,tcp,http,0,12,RSTR,0,2,2,120,80,1,Attack
1e-06,udp,dhcp,1480,0,OTH,0,2,0,1564,0,0,Normal
0.986274,tcp,unknown,54994,0,OTH,0,74,74,58990,4440,0,Normal
0.457349,tcp,unknown,34412,0,RSTO,0,48,46,37016,2760,0,Normal
0.765337,udp,unknown,982,0,OTH,0,8,0,1318,0,0,Normal
0.986167,tcp,unknown,108870,0,OTH,0,114,114,115026,6840,0,Normal
1e-06,tcp,dns,0,0,S1,0,2,0,128,0,1,Attack
43.455059,tcp,dns,0,0,S1,0,4,0,256,0,1,Attack
3.428998,tcp,http,96,0,S1,0,16,0,640,0,1,Attack
2.907233,tcp,http,84,0,S1,0,14,0,560,0,1,Attack
0.954363,tcp,unknown,75844,0,OTH,0,94,94,80920,5640,0,Normal
1e-06,tcp,ssl,0,0,S1,0,2,0,120,0,1,Attack
0.968714,tcp,unknown,67710,0,OTH,0,84,84,72246,5040,0,Normal
0.945275,tcp,unknown,70840,0,OTH,0,92,92,75808,5520,0,Normal
1e-06,tcp,unknown,0,0,S1,0,0,2,0,148,0,Normal
0.0,tcp,dns,0,0,S1,0,2,0,128,0,1,Attack
0.042442,tcp,unknown,4,12,RSTR,0,2,2,88,80,1,Attack
1e-06,tcp,dns,0,0,S1,0,2,0,128,0,1,Attack
0.119343,udp,unknown,582,0,OTH,0,4,0,750,0,0,Normal
0.0,tcp,dns,0,0,S1,0,2,0,128,0,1,Attack
2.913917,tcp,http,84,0,S1,0,14,0,560,0,1,Attack
0.943143,tcp,unknown,60612,0,OTH,0,78,78,64824,4680,0,Normal
0.251012,udp,unknown,324,0,OTH,0,4,0,492,0,0,Normal
0.988886,tcp,unknown,127046,0,OTH,0,134,134,134282,8040,0,Normal
0.62367,tcp,unknown,183046,1320,S1,0,152,98,191270,7168,0,Normal
0.963969,tcp,unknown,73868,0,OTH,0,96,96,79052,5760,0,Normal
0.985297,tcp,unknown,82024,0,OTH,0,98,98,87316,5880,0,Normal
0.961487,tcp,unknown,103638,0,OTH,0,114,114,109794,6840,0,Normal
0.0,tcp,dns,0,0,S1,0,2,0,128,0,1,Attack
0.98524,tcp,unknown,65370,0,OTH,0,92,92,70338,5520,0,Normal
0.0,tcp,ssl,0,0,S1,0,2,0,120,0,1,Attack
0.0,tcp,dns,0,0,S1,0,2,0,128,0,1,Attack
1e-06,udp,unknown,496,0,OTH,0,2,0,580,0,0,Normal
0.0,tcp,ssl,0,0,S1,0,2,0,120,0,1,Attack
2.944757,tcp,http,84,0,S1,0,14,0,560,0,1,Attack
0.479683,udp,unknown,486,0,OTH,0,6,0,738,0,0,Normal
0.009688,tcp,http,0,12,RSTR,0,2,2,120,80,1,Attack
1e-06,udp,unknown,496,0,OTH,0,2,0,580,0,0,Normal
0.991893,tcp,unknown,40992,0,OTH,0,76,76,45096,4560,0,Normal
0.007728,tcp,unknown,4,12,RSTR,0,2,2,88,80,1,Attack
3.425329,tcp,http,90,0,S1,0,15,0,600,0,1,Attack
0.959439,tcp,unknown,50256,0,OTH,0,70,70,54036,4200,0,Normal
1.912334,udp,dns,0,0,OTH,0,10,0,280,0,1,Attack
1.896834,udp,dns,0,0,OTH,0,10,0,280,0,1,Attack
1.904222,udp,dns,0,0,OTH,0,10,0,280,0,1,Attack
0.502726,udp,unknown,820,0,OTH,0,6,0,1072,0,0,Normal
0.0,other,unknown,0,0,OTH,0,1,0,60,0,0,Normal
1e-06,udp,unknown,496,0,OTH,0,2,0,580,0,0,Normal
0.989649,tcp,unknown,74100,0,OTH,0,100,98,79500,5880,0,Normal
0.018931,udp,unknown,582,0,OTH,0,4,0,750,0,0,Normal
0.945688,tcp,unknown,132862,0,OTH,0,118,84,139234,5040,0,Normal
0.0,tcp,dns,0,0,S1,0,2,0,128,0,1,Attack
0.0,tcp,dns,0,0,S1,0,2,0,128,0,1,Attack
0.0,tcp,dns,0,0,S1,0,2,0,128,0,1,Attack
0.989664,tcp,unknown,104204,0,OTH,0,122,118,110792,7080,0,Normal
2.946188,tcp,http,84,0,S1,0,14,0,560,0,1,Attack
1e-06,udp,unknown,496,0,OTH,0,2,0,580,0,0,Normal
1e-06,udp,unknown,496,0,OTH,0,2,0,580,0,0,Normal
0.734788,udp,unknown,658,0,OTH,0,4,0,826,0,0,Normal
0.454609,tcp,unknown,156702,1316,S1,0,120,56,163210,4644,0,Normal
0.159354,tcp,http,0,12,RSTR,0,2,2,120,80,1,Attack
0.964562,tcp,unknown,102525,0,OTH,0,115,114,108735,6840,0,Normal
0.146264,other,unknown,0,0,OTH,0,2,0,122,0,0,Normal
1e-06,udp,dhcp,1480,0,OTH,0,2,0,1564,0,0,Normal
0.004196,tcp,unknown,1132,1062,SF,0,16,12,1980,1702,1,Attack
0.0,tcp,dns,0,0,S1,0,2,0,128,0,1,Attack
1.907174,udp,dns,0,0,OTH,0,10,0,280,0,1,Attack
0.753965,udp,unknown,982,0,OTH,0,8,0,1318,0,0,Normal
0.0,tcp,dns,0,0,S1,0,2,0,128,0,1,Attack
1.889486,udp,dns,0,0,OTH,0,10,0,280,0,1,Attack
10.519769,tcp,http,0,24,RSTR,0,4,4,240,160,1,Attack
0.0,tcp,dns,0,0,S1,0,2,0,128,0,1,Attack
1e-06,tcp,dns,0,0,S1,0,2,0,128,0,1,Attack
0.985283,tcp,unknown,113206,0,OTH,0,126,126,120010,7560,0,Normal
0.0,tcp,ssl,0,0,S1,0,2,0,120,0,1,Attack
0.0,tcp,dns,0,0,S1,0,2,0,128,0,1,Attack
0.992146,tcp,unknown,97482,0,OTH,0,116,116,103746,6960,0,Normal
1.912425,udp,dns,0,0,OTH,0,10,0,280,0,1,Attack
1.923622,udp,dns,0,0,OTH,0,9,0,252,0,1,Attack
0.969871,tcp,unknown,54590,0,OTH,0,76,76,58694,4560,0,Normal
1e-06,udp,unknown,496,0,OTH,0,2,0,580,0,0,Normal
0.312139,other,unknown,0,0,OTH,0,2,0,120,0,0,Normal
0.004071,tcp,http,0,12,RSTR,0,2,2,120,80,1,Attack
0.969007,tcp,unknown,53578,0,OTH,0,72,72,57466,4320,0,Normal
0.964019,tcp,unknown,107924,0,OTH,0,126,124,114728,7440,0,Normal
2.904346,tcp,http,84,0,S1,0,14,0,560,0,1,Attack
0.964614,tcp,unknown,78406,0,OTH,0,98,98,83698,5880,0,Normal
1e-06,udp,unknown,52,0,OTH,0,4,0,164,0,1,Attack
1e-06,tcp,ssl,0,0,S1,0,2,0,120,0,1,Attack
0.0,tcp,dns,0,0,S1,0,2,0,128,0,1,Attack
0.0,tcp,dns,0,0,S1,0,2,0,128,0,1,Attack
0.249615,udp,unknown,324,0,OTH,0,4,0,492,0,0,Normal
0.0,tcp,ssl,0,0,S1,0,2,0,120,0,1,Attack
2.944693,tcp,http,84,0,S1,0,14,0,560,0,1,Attack
0.956102,tcp,unknown,73532,0,OTH,0,98,98,78824,5880,0,Normal
1.905143,udp,dns,0,0,OTH,0,10,0,280,0,1,Attack
0.0,tcp,dns,0,0,S1,0,2,0,128,0,1,Attack
1e-06,udp,unknown,496,0,OTH,0,2,0,580,0,0,Normal
1e-06,udp,unknown,496,0,OTH,0,2,0,580,0,0,Normal
0.0,tcp,dns,0,0,S1,0,2,0,128,0,1,Attack
0.969313,tcp,unknown,93876,0,OTH,0,106,106,99600,6360,0,Normal
2.944524,tcp,http,84,0,S1,0,14,0,560,0,1,Attack
0.95589,tcp,unknown,90630,0,OTH,0,104,104,96246,6240,0,Normal
179.010786,tcp,dns,0,0,S1,0,6,0,384,0,1,Attack
0.0,tcp,dns,0,0,S1,0,2,0,128,0,1,Attack
0.949905,tcp,unknown,111216,0,OTH,0,128,128,118128,7680,0,Normal
1.912091,udp,dns,0,0,OTH,0,10,0,280,0,1,Attack
0.586207,tcp,unknown,222510,1320,S1,0,182,102,232366,7408,0,Normal
1e-06,tcp,dns,0,0,S1,0,2,0,128,0,1,Attack
0.0,other,unknown,0,0,OTH,0,1,0,60,0,0,Normal
0.0,tcp,ssl,0,0,S1,0,2,0,120,0,1,Attack
0.0,udp,unknown,496,0,OTH,0,2,0,580,0,0,Normal
0.992797,tcp,unknown,110324,0,OTH,0,122,122,116912,7320,0,Normal
0.955656,tcp,unknown,106032,0,OTH,0,118,118,112404,7080,0,Normal
1e-06,udp,unknown,496,0,OTH,0,2,0,580,0,0,Normal
1.929922,udp,dns,0,0,OTH,0,10,0,280,0,1,Attack
0.0,udp,unknown,496,0,OTH,0,2,0,580,0,0,Normal
2.946946,tcp,http,84,0,S1,0,14,0,560,0,1,Attack
0.0,tcp,dns,0,0,S1,0,2,0,128,0,1,Attack
1.902592,udp,dns,0,0,OTH,0,10,0,280,0,1,Attack
1e-06,udp,unknown,496,0,OTH,0,2,0,580,0,0,Normal
0.004899,tcp,unknown,1132,1062,SF,0,18,14,2084,1806,1,Attack
2.939189,tcp,http,84,0,S1,0,14,0,560,0,1,Attack
1e-06,udp,unknown,496,0,OTH,0,2,0,580,0,0,Normal
2.945434,tcp,http,84,0,S1,0,14,0,560,0,1,Attack
0.939294,tcp,unknown,108132,0,OTH,0,82,82,112560,4920,0,Normal
0.750979,udp,unknown,982,0,OTH,0,8,0,1318,0,0,Normal
0.905187,tcp,unknown,139224,1320,S1,0,132,98,146380,7168,0,Normal
2.94705,tcp,http,84,0,S1,0,14,0,560,0,1,Attack
0.037318,tcp,unknown,4,12,RSTR,0,2,2,88,80,1,Attack
0.0,tcp,dns,0,0,S1,0,2,0,128,0,1,Attack
0.0,other,unknown,0,0,OTH,0,1,0,60,0,0,Normal
1.914181,udp,dns,0,0,OTH,0,10,0,280,0,1,Attack
0.012258,tcp,unknown,4,12,RSTR,0,2,2,88,80,1,Attack
3.426014,tcp,http,90,0,S1,0,15,0,600,0,1,Attack
2.906941,tcp,http,84,0,S1,0,14,0,560,0,1,Attack
0.9997,tcp,unknown,74420,0,OTH,0,88,88,79172,5280,0,Normal
0.970015,tcp,unknown,107248,0,OTH,0,114,112,113404,6720,0,Normal
0.0,tcp,dns,0,0,S1,0,2,0,128,0,1,Attack
1e-06,udp,dhcp,1480,0,OTH,0,2,0,1564,0,0,Normal
0.950564,tcp,unknown,53690,0,OTH,0,76,76,57794,4560,0,Normal
0.987991,tcp,unknown,79856,0,OTH,0,100,100,85256,6000,0,Normal
1e-06,udp,dhcp,1480,0,OTH,0,2,0,1564,0,0,Normal
0.0,tcp,dns,0,0,S1,0,2,0,128,0,1,Attack
0.959876,tcp,unknown,105660,0,OTH,0,118,116,112032,6960,0,Normal
0.489694,udp,unknown,820,0,OTH,0,6,0,1072,0,0,Normal
26.04033,tcp,dns,0,0,S1,0,4,0,256,0,1,Attack
0.96902,tcp,unknown,76628,0,OTH,0,106,106,82352,6360,0,Normal
1.91369,udp,dns,0,0,OTH,0,10,0,280,0,1,Attack
0.0,other,unknown,0,0,OTH,0,1,0,60,0,0,Normal
0.994992,tcp,unknown,77736,0,OTH,0,100,98,83136,5880,0,Normal
2.904346,tcp,http,84,0,S1,0,14,0,560,0,1,Attack
2.944585,tcp,http,84,0,S1,0,14,0,560,0,1,Attack
0.0,tcp,dns,0,0,S1,0,2,0,128,0,1,Attack
2.911534,tcp,http,84,0,S1,0,14,0,560,0,1,Attack
0.029949,tcp,unknown,4,12,RSTR,0,2,2,88,80,1,Attack
1e-06,udp,unknown,496,0,OTH,0,2,0,580,0,0,Normal
0.950432,tcp,unknown,72662,0,OTH,0,94,94,77738,5640,0,Normal
0.0,tcp,dns,0,0,S1,0,2,0,128,0,1,Attack
0.944483,tcp,unknown,68864,0,OTH,0,88,88,73616,5280,0,Normal
1e-06,udp,unknown,496,0,OTH,0,2,0,580,0,0,Normal
3.427362,tcp,http,96,0,S1,0,16,0,640,0,1,Attack
1e-06,tcp,ssl,0,0,S1,0,2,0,120,0,1,Attack
0.0,udp,unknown,162,0,OTH,0,2,0,246,0,0,Normal
1.909496,udp,dns,0,0,OTH,0,10,0,280,0,1,Attack
0.961942,tcp,unknown,62502,0,OTH,0,82,82,66930,4920,0,Normal
0.145906,udp,unknown,1096,0,OTH,0,8,0,1432,0,0,Normal
0.0,tcp,ssl,0,0,S1,0,2,0,120,0,1,Attack
2.925521,tcp,http,84,0,S1,0,14,0,560,0,1,Attack
0.984922,tcp,unknown,110212,0,OTH,0,120,120,116692,7200,0,Normal
1.895648,udp,dns,0,0,OTH,0,10,0,280,0,1,Attack
0.954477,tcp,unknown,100248,0,OTH,0,116,116,106512,6960,0,Normal
2.941472,tcp,http,84,0,S1,0,14,0,560,0,1,Attack
0.49896,udp,unknown,486,0,OTH,0,6,0,738,0,0,Normal
0.983692,tcp,unknown,113512,0,OTH,0,124,124,120208,7440,0,Normal
1e-06,udp,unknown,496,0,OTH,0,2,0,580,0,0,Normal
0.165627,udp,unknown,1096,0,OTH,0,8,0,1432,0,0,Normal
2.933542,tcp,http,84,0,S1,0,14,0,560,0,1,Attack
2.948113,tcp,http,84,0,S1,0,14,0,560,0,1,Attack
1e-06,udp,unknown,496,0,OTH,0,2,0,580,0,0,Normal
0.0,other,unknown,0,0,OTH,0,1,0,60,0,0,Normal
0.0,tcp,dns,0,0,S1,0,2,0,128,0,1,Attack
1.418355,udp,dns,0,0,OTH,0,8,0,224,0,1,Attack
0.0,tcp,ssl,0,0,S1,0,2,0,120,0,1,Attack
1.418551,udp,dns,0,0,OTH,0,8,0,224,0,1,Attack
0.047972,tcp,unknown,4,12,RSTR,0,2,2,88,80,1,Attack
0.983458,tcp,unknown,86930,0,OTH,0,100,100,92330,6000,0,Normal
0.0,tcp,dns,0,0,S1,0,2,0,128,0,1,Attack
0.96289,tcp,unknown,81058,0,OTH,0,100,100,86458,6000,0,Normal
1e-06,udp,unknown,496,0,OTH,0,2,0,580,0,0,Normal
0.846361,tcp,unknown,98644,1320,S1,0,104,106,104288,7648,0,Normal
0.0,tcp,ssl,0,0,S1,0,2,0,120,0,1,Attack
1.91394,udp,dns,0,0,OTH,0,10,0,280,0,1,Attack
0.0,tcp,dns,0,0,S1,0,2,0,128,0,1,Attack
355.179334,udp,unknown,5600,0,OTH,0,140,0,9520,0,1,Attack
0.0,tcp,dns,0,0,S1,0,2,0,128,0,1,Attack
0.0,tcp,dns,0,0,S1,0,2,0,128,0,1,Attack
0.884547,tcp,unknown,176782,1320,S1,0,164,150,185666,10288,0,Normal
133.11971,tcp,dns,0,0,S1,0,4,0,256,0,1,Attack
0.961471,tcp,unknown,71886,0,OTH,0,96,96,77070,5760,0,Normal
1.925099,udp,dns,0,0,OTH,0,10,0,280,0,1,Attack
1.891038,udp,dns,0,0,OTH,0,10,0,280,0,1,Attack
1.913255,udp,dns,0,0,OTH,0,10,0,280,0,1,Attack
0.971349,tcp,unknown,126128,0,OTH,0,136,136,133472,8160,0,Normal
0.982843,tcp,unknown,82806,0,OTH,0,104,104,88422,6240,0,Normal
1e-06,udp,unknown,274,0,OTH,0,2,0,358,0,0,Normal
0.022179,tcp,unknown,4,12,RSTR,0,2,2,88,80,1,Attack
0.0,tcp,ssl,0,0,S1,0,2,0,120,0,1,Attack
0.0,tcp,ssl,0,0,S1,0,2,0,120,0,1,Attack
3.2e-05,tcp,ssl,0,0,S1,0,2,0,120,0,1,Attack
0.978367,tcp,unknown,107146,0,OTH,0,122,120,113734,7200,0,Normal
0.0,udp,unknown,274,0,OTH,0,2,0,358,0,0,Normal
0.0,other,unknown,0,0,OTH,0,1,0,60,0,0,Normal
0.976673,tcp,unknown,77104,0,OTH,0,98,98,82396,5880,0,Normal
67.13245,tcp,dns,0,0,S1,0,4,0,256,0,1,Attack
1.915859,udp,dns,0,0,OTH,0,10,0,280,0,1,Attack
0.0,tcp,dns,0,0,S1,0,2,0,128,0,1,Attack
1.905192,udp,dns,0,0,OTH,0,10,0,280,0,1,Attack
3.428838,tcp,http,96,0,S1,0,16,0,640,0,1,Attack
0.0,tcp,dns,0,0,S1,0,2,0,128,0,1,Attack
0.96452,tcp,unknown,75564,0,OTH,0,98,98,80856,5880,0,Normal
0.0,tcp,dns,0,0,S1,0,2,0,128,0,1,Attack
0.95535,tcp,unknown,104806,0,OTH,0,122,120,111394,7200,0,Normal
0.0,tcp,ssl,0,0,S1,0,2,0,120,0,1,Attack
159.77664,tcp,dns,0,0,S1,0,6,0,384,0,1,Attack
2.930052,tcp,http,84,0,S1,0,14,0,560,0,1,Attack
1.898267,udp,dns,0,0,OTH,0,10,0,280,0,1,Attack
0.0,tcp,dns,0,0,S1,0,2,0,128,0,1,Attack
0.032225,tcp,unknown,4770,0,RSTO,0,8,6,5214,360,0,Normal
1.901245,udp,dns,0,0,OTH,0,10,0,280,0,1,Attack
2.906741,tcp,http,84,0,S1,0,14,0,560,0,1,Attack
0.0,tcp,dns,0,0,S1,0,2,0,128,0,1,Attack
1e-06,udp,unknown,496,0,OTH,0,2,0,580,0,0,Normal
0.581703,other,unknown,0,0,OTH,0,2,0,120,0,0,Normal
3.42386,tcp,http,96,0,S1,0,16,0,640,0,1,Attack
0.965081,tcp,unknown,95548,0,OTH,0,106,106,101272,6360,0,Normal
0.008127,tcp,unknown,4,12,RSTR,0,2,2,88,80,1,Attack
1.927443,udp,dns,0,0,OTH,0,10,0,280,0,1,Attack
0.952709,tcp,unknown,49406,0,OTH,0,72,72,53294,4320,0,Normal
0.974564,tcp,unknown,108870,0,OTH,0,116,116,115134,6960,0,Normal
0.0,tcp,ssl,0,0,S1,0,2,0,120,0,1,Attack
0.044642,tcp,unknown,4,12,RSTR,0,2,2,88,80,1,Attack
0.0,tcp,dns,0,0,S1,0,2,0,128,0,1,Attack
2.916445,tcp,http,84,0,S1,0,14,0,560,0,1,Attack
0.0,tcp,ssl,0,0,S1,0,2,0,120,0,1,Attack
1e-06,tcp,ssl,0,0,S1,0,2,0,120,0,1,Attack
2.3e-05,tcp,ssl,0,0,S1,0,2,0,120,0,1,Attack
0.949128,tcp,unknown,69600,0,OTH,0,88,88,74352,5280,0,Normal
0.976591,tcp,unknown,232582,1132,OTH,0,198,140,243274,9484,0,Normal
0.0,other,unknown,0,0,OTH,0,1,0,60,0,0,Normal
3.425654,tcp,http,96,0,S1,0,16,0,640,0,1,Attack
2e-06,udp,dhcp,1480,0,OTH,0,2,0,1564,0,0,Normal
0.750415,udp,unknown,982,0,OTH,0,8,0,1318,0,0,Normal
0.983062,tcp,unknown,62406,0,OTH,0,80,80,66726,4800,0,Normal
1e-06,udp,unknown,496,0,OTH,0,2,0,580,0,0,Normal
0.95274,tcp,unknown,37382,0,OTH,0,70,70,41162,4200,0,Normal
0.333888,other,unknown,0,0,OTH,0,2,0,120,0,0,Normal
0.00667,other,unknown,0,0,OTH,0,2,0,120,0,0,Normal
2.938318,tcp,http,84,0,S1,0,14,0,560,0,1,Attack
0.978557,tcp,unknown,114522,0,OTH,0,124,124,121218,7440,0,Normal
1e-06,udp,unknown,496,0,OTH,0,2,0,580,0,0,Normal
0.0,tcp,ssl,0,0,S1,0,2,0,120,0,1,Attack
1e-06,tcp,dns,0,0,S1,0,2,0,128,0,1,Attack
1.92232,udp,dns,0,0,OTH,0,9,0,252,0,1,Attack
0.980644,tcp,unknown,78848,0,OTH,0,98,98,84140,5880,0,Normal
0.242689,tcp,unknown,0,722,S1,0,0,12,0,1434,0,Normal
1e-06,tcp,ssl,0,0,S1,0,2,0,120,0,1,Attack
0.0,tcp,dns,0,0,S1,0,2,0,128,0,1,Attack
1e-06,udp,dhcp,1480,0,OTH,0,2,0,1564,0,0,Normal
0.955864,tcp,unknown,105550,0,OTH,0,112,110,111598,6600,0,Normal
0.0,tcp,dns,0,0,S1,0,2,0,128,0,1,Attack
0.0,tcp,dns,0,0,S1,0,2,0,128,0,1,Attack
0.699699,udp,unknown,324,0,OTH,0,4,0,492,0,0,Normal
1.925697,udp,dns,0,0,OTH,0,10,0,280,0,1,Attack
0.0,tcp,dns,0,0,S1,0,2,0,128,0,1,Attack
0.970723,tcp,unknown,228760,0,OTH,0,198,138,239452,8280,0,Normal
0.989434,tcp,unknown,102206,0,OTH,0,114,114,108362,6840,0,Normal
2.931779,tcp,http,84,0,S1,0,14,0,560,0,1,Attack
1e-06,tcp,ssl,0,0,S1,0,2,0,120,0,1,Attack
0.980043,tcp,unknown,109340,0,OTH,0,120,120,115820,7200,0,Normal
0.134756,other,unknown,0,0,OTH,0,2,0,120,0,0,Normal
0.967486,tcp,unknown,75594,0,OTH,0,92,92,80562,5520,0,Normal
0.958302,tcp,unknown,109704,0,OTH,0,116,106,115968,6360,0,Normal
0.064586,other,unknown,0,0,OTH,0,2,0,120,0,0,Normal
0.253959,udp,unknown,324,0,OTH,0,4,0,492,0,0,Normal
1e-06,tcp,dns,0,0,S1,0,2,0,128,0,1,Attack
0.0,tcp,ssl,0,0,S1,0,2,0,120,0,1,Attack
3.426096,tcp,http,96,0,S1,0,16,0,640,0,1,Attack
0.938927,tcp,unknown,54526,0,OTH,0,70,70,58306,4200,0,Normal
0.0,tcp,ssl,0,0,S1,0,2,0,120,0,1,Attack
0.0,udp,unknown,496,0,OTH,0,2,0,580,0,0,Normal
1e-06,udp,unknown,496,0,OTH,0,2,0,580,0,0,Normal
0.967513,tcp,unknown,82648,0,OTH,0,108,108,88480,6480,0,Normal
2.948005,tcp,http,84,0,S1,0,14,0,560,0,1,Attack
0.500862,udp,unknown,820,0,OTH,0,6,0,1072,0,0,Normal
1e-06,tcp,dns,0,0,S1,0,2,0,128,0,1,Attack
0.0,tcp,dns,0,0,S1,0,2,0,128,0,1,Attack
0.973019,tcp,unknown,74740,0,OTH,0,98,98,80032,5880,0,Normal
0.0,tcp,dns,0,0,S1,0,2,0,128,0,1,Attack
0.977445,tcp,unknown,96276,0,OTH,0,104,100,101892,6000,0,Normal
0.970654,tcp,unknown,106102,0,OTH,0,112,112,112150,6720,0,Normal
0.187861,other,unknown,0,0,OTH,0,2,0,120,0,0,Normal
1.922656,udp,dns,0,0,OTH,0,10,0,280,0,1,Attack
0.502962,udp,unknown,486,0,OTH,0,6,0,738,0,0,Normal
1e-06,tcp,ssl,0,0,S1,0,2,0,120,0,1,Attack
1e-06,udp,unknown,496,0,OTH,0,2,0,580,0,0,Normal
0.0,tcp,dns,0,0,S1,0,2,0,128,0,1,Attack
0.976443,tcp,unknown,74964,0,OTH,0,98,98,80256,5880,0,Normal
0.04306,tcp,unknown,4,12,RSTR,0,2,2,88,80,1,Attack
0.0,tcp,ssl,0,0,S1,0,2,0,120,0,1,Attack
0.0,udp,unknown,496,0,OTH,0,2,0,580,0,0,Normal
1e-06,tcp,ssl,0,0,S1,0,2,0,120,0,1,Attack
1.928542,udp,dns,0,0,OTH,0,10,0,280,0,1,Attack
1e-06,tcp,dns,0,0,S1,0,2,0,128,0,1,Attack
0.0,other,unknown,0,0,OTH,0,1,0,60,0,0,Normal
0.0,udp,unknown,496,0,OTH,0,2,0,580,0,0,Normal
0.499665,udp,unknown,820,0,OTH,0,6,0,1072,0,0,Normal
0.965619,tcp,unknown,74268,0,OTH,0,88,86,79020,5160,0,Normal
0.701195,other,unknown,0,0,OTH,0,3,0,180,0,0,Normal
0.0,tcp,ssl,0,0,S1,0,2,0,120,0,1,Attack
0.009667,tcp,http,0,12,RSTR,0,2,2,120,80,1,Attack
0.966797,tcp,unknown,77806,0,OTH,0,94,94,82882,5640,0,Normal
1e-06,udp,unknown,496,0,OTH,0,2,0,580,0,0,Normal
3.428785,tcp,http,96,0,S1,0,16,0,640,0,1,Attack
0.644869,other,unknown,0,0,OTH,0,2,0,120,0,0,Normal
0.0,other,unknown,0,0,OTH,0,1,0,60,0,0,Normal
0.960457,tcp,unknown,79352,0,OTH,0,96,96,84536,5760,0,Normal
0.970161,tcp,unknown,28886,0,OTH,0,70,70,32666,4200,0,Normal
0.044816,tcp,unknown,4,12,RSTR,0,2,2,88,80,1,Attack
0.998663,tcp,unknown,106250,0,OTH,0,124,114,112946,6840,0,Normal
0.969876,tcp,unknown,131798,0,OTH,0,138,138,139250,8280,0,Normal
0.452071,other,unknown,0,0,OTH,0,2,0,120,0,0,Normal
0.0,udp,unknown,496,0,OTH,0,2,0,580,0,0,Normal
0.96041,tcp,unknown,108294,0,OTH,0,118,118,114666,7080,0,Normal
0.503033,udp,unknown,820,0,OTH,0,6,0,1072,0,0,Normal
0.960376,tcp,unknown,89810,0,OTH,0,100,100,95210,6000,0,Normal
1e-06,udp,unknown,274,0,OTH,0,2,0,358,0,0,Normal
0.952197,udp,unknown,658,0,OTH,0,4,0,826,0,0,Normal
2.917608,tcp,http,84,0,S1,0,14,0,560,0,1,Attack
0.988729,tcp,unknown,107914,0,OTH,0,122,122,114502,7320,0,Normal
1.914625,udp,dns,0,0,OTH,0,10,0,280,0,1,Attack
1.414825,udp,dns,0,0,OTH,0,8,0,224,0,1,Attack
0.946266,tcp,unknown,78930,0,OTH,0,100,100,84330,6000,0,Normal
2.915602,tcp,http,84,0,S1,0,14,0,560,0,1,Attack
1.899922,udp,dns,0,0,OTH,0,10,0,280,0,1,Attack
1e-06,udp,unknown,496,0,OTH,0,2,0,580,0,0,Normal
0.86936,tcp,unknown,72742,0,OTH,0,78,78,76954,4680,0,Normal
1e-06,tcp,ssl,0,0,S1,0,2,0,120,0,1,Attack
2.906651,tcp,http,84,0,S1,0,14,0,560,0,1,Attack
2.93403,tcp,http,84,0,S1,0,14,0,560,0,1,Attack
0.961429,tcp,unknown,76054,0,OTH,0,92,92,81022,5520,0,Normal
0.0,tcp,dns,0,0,S1,0,2,0,128,0,1,Attack
1e-06,udp,unknown,496,0,OTH,0,2,0,580,0,0,Normal
1.922292,udp,dns,0,0,OTH,0,10,0,280,0,1,Attack
2.941455,tcp,http,84,0,S1,0,14,0,560,0,1,Attack
0.0,tcp,dns,0,0,S1,0,2,0,128,0,1,Attack
0.98251,tcp,unknown,85684,0,OTH,0,106,106,91408,6360,0,Normal
1.899023,udp,dns,0,0,OTH,0,10,0,280,0,1,Attack
0.0,other,unknown,0,0,OTH,0,1,0,60,0,0,Normal
0.170905,other,unknown,0,0,OTH,0,2,0,120,0,0,Normal
2.938554,tcp,http,84,0,S1,0,14,0,560,0,1,Attack
0.984786,tcp,unknown,66942,0,OTH,0,92,92,71910,5520,0,Normal
2.941499,tcp,http,84,0,S1,0,14,0,560,0,1,Attack
0.928384,tcp,unknown,114118,0,OTH,0,122,120,120706,7200,0,Normal
0.286383,other,unknown,0,0,OTH,0,2,0,120,0,0,Normal
2.91387,tcp,http,84,0,S1,0,14,0,560,0,1,Attack
0.500233,udp,unknown,486,0,OTH,0,6,0,738,0,0,Normal
0.501352,udp,unknown,486,0,OTH,0,6,0,738,0,0,Normal
0.0,tcp,dns,0,0,S1,0,2,0,128,0,1,Attack
1.921442,udp,dns,0,0,OTH,0,10,0,280,0,1,Attack
1.921387,udp,dns,0,0,OTH,0,10,0,280,0,1,Attack
0.995253,tcp,unknown,72738,0,OTH,0,94,94,77814,5640,0,Normal
0.975503,tcp,unknown,74588,0,OTH,0,98,98,79880,5880,0,Normal
3.427321,tcp,http,96,0,S1,0,16,0,640,0,1,Attack
0.0,udp,unknown,496,0,OTH,0,2,0,580,0,0,Normal
1.893874,udp,dns,0,0,OTH,0,10,0,280,0,1,Attack
0.00463,tcp,http,0,12,RSTR,0,2,2,120,80,1,Attack
2.947036,tcp,http,84,0,S1,0,14,0,560,0,1,Attack
0.0,tcp,dns,0,0,S1,0,2,0,128,0,1,Attack
1e-06,udp,unknown,86,0,OTH,0,2,0,170,0,0,Normal
0.99126,tcp,unknown,106544,0,OTH,0,120,120,113024,7200,0,Normal
0.0,udp,dhcp,1480,0,OTH,0,2,0,1564,0,0,Normal
0.000108,udp,unknown,582,0,OTH,0,4,0,750,0,0,Normal
0.987699,tcp,unknown,76984,0,OTH,0,94,92,82060,5520,0,Normal
0.158351,udp,unknown,324,0,OTH,0,4,0,492,0,0,Normal
2.94687,tcp,http,84,0,S1,0,14,0,560,0,1,Attack
0.083471,other,unknown,0,0,OTH,0,2,0,120,0,0,Normal
0.0,tcp,dns,0,0,S1,0,2,0,128,0,1,Attack
1.915651,udp,dns,0,0,OTH,0,10,0,280,0,1,Attack
0.0,udp,unknown,86,0,OTH,0,2,0,170,0,0,Normal
84.465382,tcp,dns,0,0,S1,0,4,0,256,0,1,Attack
0.987572,tcp,unknown,110696,0,OTH,0,122,120,117284,7200,0,Normal
0.66109,other,unknown,0,0,OTH,0,2,0,120,0,0,Normal
1e-06,tcp,dns,0,0,S1,0,2,0,128,0,1,Attack
0.0,tcp,dns,0,0,S1,0,2,0,128,0,1,Attack
1.90612,udp,dns,0,0,OTH,0,10,0,280,0,1,Attack
1.911347,udp,dns,0,0,OTH,0,10,0,280,0,1,Attack
1e-06,udp,dhcp,1480,0,OTH,0,2,0,1564,0,0,Normal
0.990969,tcp,unknown,107968,0,OTH,0,116,114,114232,6840,0,Normal
1.416875,udp,dns,0,0,OTH,0,8,0,224,0,1,Attack
1e-06,tcp,ssl,0,0,S1,0,2,0,120,0,1,Attack
3.424252,tcp,http,96,0,S1,0,16,0,640,0,1,Attack
0.502059,udp,unknown,486,0,OTH,0,6,0,738,0,0,Normal
0.983049,tcp,unknown,98140,0,OTH,0,114,114,104296,6840,0,Normal
2.913733,tcp,http,84,0,S1,0,14,0,560,0,1,Attack
1e-06,udp,unknown,86,0,OTH,0,2,0,170,0,0,Normal
0.960482,tcp,unknown,84320,0,OTH,0,98,98,89612,5880,0,Normal
0.990562,tcp,unknown,78094,0,OTH,0,100,100,83494,6000,0,Normal
2.928736,tcp,http,84,0,S1,0,14,0,560,0,1,Attack
1.901816,udp,dns,0,0,OTH,0,10,0,280,0,1,Attack
0.0,tcp,ssl,0,0,S1,0,2,0,120,0,1,Attack
1e-06,udp,unknown,496,0,OTH,0,2,0,580,0,0,Normal
1e-06,tcp,ssl,0,0,S1,0,2,0,120,0,1,Attack
0.0,tcp,dns,0,0,S1,0,2,0,128,0,1,Attack
0.972557,tcp,unknown,72674,0,OTH,0,94,94,77750,5640,0,Normal
0.34349,tcp,unknown,30072,0,RSTO,0,36,34,32028,2040,0,Normal
1.914664,udp,dns,0,0,OTH,0,10,0,280,0,1,Attack
2.938595,tcp,http,84,0,S1,0,14,0,560,0,1,Attack
1.895395,udp,dns,0,0,OTH,0,10,0,280,0,1,Attack
0.0,other,unknown,0,0,OTH,0,1,0,60,0,0,Normal
0.971476,tcp,unknown,73466,0,OTH,0,84,84,78002,5040,0,Normal
0.981153,tcp,unknown,97030,0,OTH,0,116,112,103294,6720,0,Normal
0.0,tcp,ssl,0,0,S1,0,2,0,120,0,1,Attack
0.0,other,unknown,0,0,OTH,0,1,0,60,0,0,Normal
3.429406,tcp,http,96,0,S1,0,16,0,640,0,1,Attack
0.016777,tcp,unknown,4,12,RSTR,0,2,2,88,80,1,Attack
3.428768,tcp,http,96,0,S1,0,16,0,640,0,1,Attack
3.426293,tcp,http,96,0,S1,0,16,0,640,0,1,Attack
0.0,other,unknown,0,0,OTH,0,1,0,60,0,0,Normal
0.0,tcp,ssl,0,0,S1,0,2,0,120,0,1,Attack
2.933529,tcp,http,84,0,S1,0,14,0,560,0,1,Attack
0.975244,tcp,unknown,55652,0,OTH,0,74,74,59648,4440,0,Normal
133.853889,tcp,dns,0,0,S1,0,6,0,384,0,1,Attack
0.959076,tcp,unknown,78222,0,OTH,0,100,100,83622,6000,0,Normal
1e-06,udp,unknown,496,0,OTH,0,2,0,580,0,0,Normal
0.0,tcp,ssl,0,0,S1,0,2,0,120,0,1,Attack
0.96023,tcp,unknown,109958,0,OTH,0,122,120,116546,7200,0,Normal
0.0,tcp,dns,0,0,S1,0,2,0,128,0,1,Attack
1.901277,udp,dns,0,0,OTH,0,10,0,280,0,1,Attack
0.947753,tcp,unknown,114222,0,OTH,0,128,124,121134,7440,0,Normal
0.0,tcp,ssl,0,0,S1,0,2,0,120,0,1,Attack
0.0,other,unknown,0,0,OTH,0,1,0,60,0,0,Normal
0.939856,tcp,unknown,59830,0,OTH,0,74,74,63826,4440,0,Normal
0.99706,tcp,unknown,104370,0,OTH,0,122,122,110958,7320,0,Normal
0.961687,tcp,unknown,84964,0,OTH,0,102,102,90472,6120,0,Normal
0.0,tcp,dns,0,0,S1,0,2,0,128,0,1,Attack
351.175712,other,unknown,3588,0,OTH,0,138,0,4278,0,1,Attack
0.0,tcp,ssl,0,0,S1,0,2,0,120,0,1,Attack
0.970672,tcp,unknown,110146,0,OTH,0,122,118,116734,7080,0,Normal
1e-06,udp,dhcp,1480,0,OTH,0,2,0,1564,0,0,Normal
0.120544,tcp,unknown,0,598,OTH,0,0,6,0,934,0,Normal
0.020939,other,unknown,0,0,OTH,0,2,0,120,0,0,Normal
0.002622,tcp,http,0,12,RSTR,0,2,2,120,80,1,Attack
0.994325,tcp,unknown,100004,0,OTH,0,114,114,106160,6840,0,Normal
1e-06,tcp,dns,0,0,S1,0,2,0,128,0,1,Attack
1.913861,udp,dns,0,0,OTH,0,10,0,280,0,1,Attack
0.980006,tcp,unknown,36864,0,OTH,0,72,72,40752,4320,0,Normal
3.7e-05,tcp,ssl,0,0,S1,0,2,0,120,0,1,Attack
0.981455,tcp,unknown,108000,0,OTH,0,120,120,114480,7200,0,Normal
0.0,tcp,dns,0,0,S1,0,2,0,128,0,1,Attack
2.938095,tcp,http,84,0,S1,0,14,0,560,0,1,Attack
0.977741,tcp,unknown,67322,0,OTH,0,84,84,71858,5040,0,Normal
2e-06,udp,unknown,496,0,OTH,0,2,0,580,0,0,Normal
1.914273,udp,dns,0,0,OTH,0,10,0,280,0,1,Attack
282.036358,tcp,dns,0,0,S1,0,4,0,256,0,1,Attack
0.0,tcp,dns,0,0,S1,0,2,0,128,0,1,Attack
0.064607,other,unknown,0,0,OTH,0,2,0,120,0,0,Normal
0.0,tcp,ssl,0,0,S1,0,2,0,120,0,1,Attack
7.1e-05,other,unknown,0,0,OTH,0,2,0,120,0,0,Normal
0.499992,udp,unknown,820,0,OTH,0,6,0,1072,0,0,Normal
1.417945,udp,dns,0,0,OTH,0,8,0,224,0,1,Attack
23.901177,tcp,dns,0,0,S1,0,4,0,256,0,1,Attack
1e-06,udp,unknown,496,0,OTH,0,2,0,580,0,0,Normal
2.938812,tcp,http,84,0,S1,0,14,0,560,0,1,Attack
0.0,tcp,dns,0,0,S1,0,2,0,128,0,1,Attack
1e-06,tcp,dns,0,0,S1,0,2,0,128,0,1,Attack
206.358482,tcp,dns,0,0,S1,0,4,0,256,0,1,Attack
0.96071,tcp,unknown,71588,0,OTH,0,96,96,76772,5760,0,Normal
1e-06,tcp,ssl,0,0,S1,0,2,0,120,0,1,Attack
0.956434,tcp,unknown,101686,0,OTH,0,116,116,107950,6960,0,Normal
1e-06,udp,unknown,496,0,OTH,0,2,0,580,0,0,Normal
0.996466,tcp,unknown,98266,0,OTH,0,110,110,104206,6600,0,Normal
1e-06,tcp,dns,0,0,S1,0,2,0,128,0,1,Attack
2.936438,tcp,http,84,0,S1,0,14,0,560,0,1,Attack
0.0,tcp,ssl,0,0,S1,0,2,0,120,0,1,Attack
0.0,tcp,ssl,0,0,S1,0,2,0,120,0,1,Attack
0.984117,tcp,unknown,83850,0,OTH,0,100,98,89250,5880,0,Normal
1.91545,udp,dns,0,0,OTH,0,10,0,280,0,1,Attack
0.969046,tcp,unknown,69424,0,OTH,0,86,86,74068,5160,0,Normal
0.974937,tcp,unknown,86968,0,OTH,0,104,102,92584,6120,0,Normal
0.0,tcp,dns,0,0,S1,0,2,0,128,0,1,Attack
0.030439,tcp,unknown,4,12,RSTR,0,2,2,88,80,1,Attack
2.910387,tcp,http,84,0,S1,0,14,0,560,0,1,Attack
1e-06,udp,unknown,496,0,OTH,0,2,0,580,0,0,Normal
0.0,tcp,dns,0,0,S1,0,2,0,128,0,1,Attack
0.957693,tcp,unknown,57814,0,OTH,0,76,76,61918,4560,0,Normal
0.0,other,unknown,0,0,OTH,0,1,0,60,0,0,Normal
2.927481,tcp,http,84,0,S1,0,14,0,560,0,1,Attack
0.960381,tcp,unknown,46624,0,OTH,0,72,72,50512,4320,0,Normal
0.962773,tcp,unknown,77362,0,OTH,0,96,94,82546,5640,0,Normal
0.961016,tcp,unknown,71204,0,OTH,0,88,88,75956,5280,0,Normal
0.947342,tcp,unknown,88926,0,OTH,0,98,98,94218,5880,0,Normal
0.137109,udp,unknown,1096,0,OTH,0,8,0,1432,0,0,Normal
0.0,tcp,dns,0,0,S1,0,2,0,128,0,1,Attack
0.0,tcp,ssl,0,0,S1,0,2,0,120,0,1,Attack
0.260833,udp,unknown,324,0,OTH,0,4,0,492,0,0,Normal
0.027302,tcp,unknown,4,12,RSTR,0,2,2,88,80,1,Attack
1e-06,udp,unknown,496,0,OTH,0,2,0,580,0,0,Normal
0.0,tcp,dns,0,0,S1,0,2,0,128,0,1,Attack
0.0,other,unknown,0,0,OTH,0,1,0,60,0,0,Normal
0.0,other,unknown,0,0,OTH,0,1,0,60,0,0,Normal
0.0,tcp,ssl,0,0,S1,0,2,0,120,0,1,Attack
0.003489,tcp,http,0,12,RSTR,0,2,2,120,80,1,Attack
0.0,other,unknown,0,0,OTH,0,1,0,60,0,0,Normal
1e-06,tcp,ssl,0,0,S1,0,2,0,120,0,1,Attack
1e-06,udp,unknown,496,0,OTH,0,2,0,580,0,0,Normal
0.02849,tcp,unknown,4,12,RSTR,0,2,2,88,80,1,Attack
1.913533,udp,dns,0,0,OTH,0,10,0,280,0,1,Attack
1.910936,udp,dns,0,0,OTH,0,10,0,280,0,1,Attack
0.0,tcp,ssl,0,0,S1,0,2,0,120,0,1,Attack
0.964527,tcp,unknown,106488,0,OTH,0,112,106,112536,6360,0,Normal
1e-06,udp,unknown,496,0,OTH,0,2,0,580,0,0,Normal
0.963115,tcp,unknown,73272,0,OTH,0,92,92,78240,5520,0,Normal
0.527255,other,unknown,0,0,OTH,0,2,0,120,0,0,Normal
0.0,udp,unknown,496,0,OTH,0,2,0,580,0,0,Normal
0.0,other,unknown,0,0,OTH,0,1,0,60,0,0,Normal
0.0,other,unknown,0,0,OTH,0,1,0,60,0,0,Normal
1e-06,udp,dhcp,1480,0,OTH,0,2,0,1564,0,0,Normal
2.948109,tcp,http,84,0,S1,0,14,0,560,0,1,Attack
0.0,other,unknown,0,0,OTH,0,1,0,60,0,0,Normal
0.0,other,unknown,0,0,OTH,0,1,0,60,0,0,Normal
0.96786,tcp,unknown,73974,0,OTH,0,94,94,79050,5640,0,Normal
1e-06,tcp,ssl,0,0,S1,0,2,0,120,0,1,Attack
0.972328,tcp,unknown,85164,0,OTH,0,104,104,90780,6240,0,Normal
0.976548,tcp,unknown,78072,0,OTH,0,92,92,83040,5520,0,Normal
240.939851,tcp,dns,0,0,S1,0,4,0,256,0,1,Attack
0.0,tcp,ssl,0,0,S1,0,2,0,120,0,1,Attack
0.0,udp,unknown,274,0,OTH,0,2,0,358,0,0,Normal
0.949737,tcp,unknown,110290,0,OTH,0,120,120,116770,7200,0,Normal
0.976084,tcp,unknown,72386,0,OTH,0,94,94,77462,5640,0,Normal
1e-06,tcp,ssl,0,0,S1,0,2,0,120,0,1,Attack
0.0,tcp,dns,0,0,S1,0,2,0,128,0,1,Attack
0.0,other,unknown,0,0,OTH,0,1,0,60,0,0,Normal
2.923721,tcp,http,84,0,S1,0,14,0,560,0,1,Attack
0.968064,tcp,unknown,90948,0,OTH,0,104,104,96564,6240,0,Normal
0.993782,tcp,unknown,58142,0,OTH,0,84,84,62678,5040,0,Normal
0.518798,udp,unknown,820,0,OTH,0,6,0,1072,0,0,Normal
0.957202,tcp,unknown,95796,0,OTH,0,110,110,101736,6600,0,Normal
0.935409,tcp,unknown,78844,0,OTH,0,102,102,84352,6120,0,Normal
0.531733,udp,unknown,820,0,OTH,0,6,0,1072,0,0,Normal
1.891479,udp,dns,0,0,OTH,0,10,0,280,0,1,Attack
0.991253,tcp,unknown,106048,0,OTH,0,116,112,112312,6720,0,Normal
0.973117,tcp,unknown,107054,0,OTH,0,120,120,113534,7200,0,Normal
0.0,tcp,dns,0,0,S1,0,2,0,128,0,1,Attack
58.225705,tcp,dns,0,0,S1,0,4,0,256,0,1,Attack
1e-06,udp,unknown,496,0,OTH,0,2,0,580,0,0,Normal
0.972337,tcp,unknown,98422,0,OTH,0,110,110,104362,6600,0,Normal
0.956745,tcp,unknown,100192,0,OTH,0,116,114,106456,6840,0,Normal
0.004004,tcp,unknown,1762,930,SF,0,14,10,2506,1466,1,Attack
1.915157,udp,dns,0,0,OTH,0,10,0,280,0,1,Attack
0.0,other,unknown,0,0,OTH,0,1,0,60,0,0,Normal
0.989394,tcp,unknown,100896,0,OTH,0,116,116,107160,6960,0,Normal
16.977692,tcp,dns,0,0,S1,0,4,0,256,0,1,Attack
0.966396,tcp,unknown,102604,0,OTH,0,120,118,109084,7080,0,Normal
0.957466,tcp,unknown,97748,0,OTH,0,114,114,103904,6840,0,Normal
2.92332,tcp,http,84,0,S1,0,14,0,560,0,1,Attack
1e-06,tcp,dns,0,0,S1,0,2,0,128,0,1,Attack
0.977455,tcp,unknown,74220,0,OTH,0,94,94,79296,5640,0,Normal
0.978634,tcp,unknown,102336,0,OTH,0,110,110,108276,6600,0,Normal
0.0,tcp,ssl,0,0,S1,0,2,0,120,0,1,Attack
0.0,other,unknown,0,0,OTH,0,1,0,60,0,0,Normal
0.972638,tcp,unknown,47332,0,OTH,0,72,72,51220,4320,0,Normal
0.972738,tcp,unknown,83388,0,OTH,0,112,112,89436,6720,0,Normal
2.920636,tcp,http,84,0,S1,0,14,0,560,0,1,Attack
0.950179,tcp,unknown,101506,0,OTH,0,104,102,107122,6120,0,Normal
0.053332,tcp,unknown,4,12,RSTR,0,2,2,88,80,1,Attack
1.919564,udp,dns,0,0,OTH,0,10,0,280,0,1,Attack
0.974611,tcp,unknown,101102,0,OTH,0,116,116,107366,6960,0,Normal
0.984349,tcp,unknown,84316,0,OTH,0,96,96,89500,5760,0,Normal
3.427929,tcp,http,96,0,S1,0,16,0,640,0,1,Attack
0.994645,tcp,unknown,72428,0,OTH,0,92,92,77396,5520,0,Normal
0.0,udp,unknown,496,0,OTH,0,2,0,580,0,0,Normal
1e-06,tcp,dns,0,0,S1,0,2,0,128,0,1,Attack
0.0,tcp,dns,0,0,S1,0,2,0,128,0,1,Attack
0.0,other,unknown,0,0,OTH,0,1,0,60,0,0,Normal
1.900634,udp,dns,0,0,OTH,0,10,0,280,0,1,Attack
0.443746,tcp,unknown,52410,0,RSTO,0,58,56,55554,3360,0,Normal
0.377447,other,unknown,0,0,OTH,0,2,0,120,0,0,Normal
0.0,tcp,dns,0,0,S1,0,2,0,128,0,1,Attack
0.973305,tcp,unknown,77716,0,OTH,0,98,98,83008,5880,0,Normal
0.0,tcp,dns,0,0,S1,0,2,0,128,0,1,Attack
0.971683,tcp,unknown,101546,0,OTH,0,114,114,107702,6840,0,Normal
2.915757,tcp,http,84,0,S1,0,14,0,560,0,1,Attack
0.058044,udp,unknown,582,0,OTH,0,4,0,750,0,0,Normal
1e-06,udp,unknown,496,0,OTH,0,2,0,580,0,0,Normal
1e-06,udp,dhcp,1480,0,OTH,0,2,0,1564,0,0,Normal
0.953647,tcp,unknown,62990,0,OTH,0,82,82,67418,4920,0,Normal
0.972222,tcp,unknown,98614,0,OTH,0,116,118,104878,7080,0,Normal
0.986775,tcp,unknown,76052,0,OTH,0,100,100,81452,6000,0,Normal
0.0,tcp,ssl,0,0,S1,0,2,0,120,0,1,Attack
2.918365,tcp,http,84,0,S1,0,14,0,560,0,1,Attack
1.913851,udp,dns,0,0,OTH,0,10,0,280,0,1,Attack
0.954903,tcp,unknown,100580,0,OTH,0,112,112,106628,6720,0,Normal
1.90455,udp,dns,0,0,OTH,0,10,0,280,0,1,Attack
1e-06,udp,dhcp,1480,0,OTH,0,2,0,1564,0,0,Normal
0.0,tcp,ssl,0,0,S1,0,2,0,120,0,1,Attack
0.01375,tcp,http,166,6558,SF,0,14,14,910,7302,1,Attack
0.012592,tcp,unknown,4,12,RSTR,0,2,2,88,80,1,Attack
0.979501,tcp,unknown,98446,0,OTH,0,114,114,104602,6840,0,Normal
0.0,udp,unknown,496,0,OTH,0,2,0,580,0,0,Normal
0.983925,tcp,unknown,81544,0,OTH,0,102,102,87052,6120,0,Normal
0.974926,tcp,unknown,70792,0,OTH,0,96,96,75976,5760,0,Normal
0.0,tcp,dns,0,0,S1,0,2,0,128,0,1,Attack
0.983067,tcp,unknown,84138,0,OTH,0,102,102,89646,6120,0,Normal
1e-06,udp,unknown,496,0,OTH,0,2,0,580,0,0,Normal
2.921052,tcp,http,84,0,S1,0,14,0,560,0,1,Attack
1.417184,udp,dns,0,0,OTH,0,8,0,224,0,1,Attack
0.968742,tcp,unknown,86708,0,OTH,0,92,92,91676,5520,0,Normal
0.0,other,unknown,0,0,OTH,0,1,0,60,0,0,Normal
1.894182,udp,dns,0,0,OTH,0,10,0,280,0,1,Attack
0.969614,tcp,unknown,108516,0,OTH,0,124,124,115212,7440,0,Normal
0.35767,other,unknown,0,0,OTH,0,2,0,120,0,0,Normal
0.0,tcp,dns,0,0,S1,0,2,0,128,0,1,Attack
0.948946,tcp,unknown,76446,0,OTH,0,94,94,81522,5640,0,Normal
0.983493,tcp,unknown,125556,598,OTH,0,140,136,133128,8734,0,Normal
0.955659,tcp,unknown,75600,0,OTH,0,92,92,80568,5520,0,Normal
1e-06,tcp,unknown,0,0,S1,0,0,2,0,148,0,Normal
282.032818,tcp,dns,0,0,S1,0,4,0,256,0,1,Attack
0.523724,other,unknown,0,0,OTH,0,2,0,120,0,0,Normal
2.926561,tcp,http,84,0,S1,0,14,0,560,0,1,Attack
1.907341,udp,dns,0,0,OTH,0,10,0,280,0,1,Attack
1.921378,udp,dns,0,0,OTH,0,10,0,280,0,1,Attack
0.978539,tcp,unknown,85246,0,OTH,0,98,98,90538,5880,0,Normal
0.0,tcp,dns,0,0,S1,0,2,0,128,0,1,Attack
0.458844,tcp,unknown,204334,1320,S1,0,156,74,212774,5728,0,Normal
2.944669,tcp,http,84,0,S1,0,14,0,560,0,1,Attack
0.0,tcp,ssl,0,0,S1,0,2,0,120,0,1,Attack
173.93738,tcp,dns,0,0,S1,0,4,0,256,0,1,Attack
0.447704,tcp,unknown,99604,0,RSTO,0,90,88,104476,5280,0,Normal
0.988753,tcp,unknown,103060,0,OTH,0,118,114,109432,6840,0,Normal
0.0,tcp,ssl,0,0,S1,0,2,0,120,0,1,Attack
0.962419,tcp,unknown,27368,0,OTH,0,72,72,31256,4320,0,Normal
0.934677,tcp,unknown,98792,0,OTH,0,106,104,104516,6240,0,Normal
0.0,udp,unknown,274,0,OTH,0,2,0,358,0,0,Normal
0.004138,tcp,unknown,1762,930,SF,0,14,10,2506,1466,1,Attack
0.0,tcp,dns,0,0,S1,0,2,0,128,0,1,Attack
1e-06,tcp,ssl,0,0,S1,0,2,0,120,0,1,Attack
0.023734,other,unknown,0,0,OTH,0,2,0,120,0,0,Normal
0.989137,tcp,unknown,83522,0,OTH,0,100,100,88922,6000,0,Normal
0.0,tcp,dns,0,0,S1,0,2,0,128,0,1,Attack
0.0,other,unknown,0,0,OTH,0,1,0,60,0,0,Normal
0.481823,other,unknown,0,0,OTH,0,3,0,180,0,0,Normal
3.424639,tcp,http,96,0,S1,0,16,0,640,0,1,Attack
1.889417,udp,dns,0,0,OTH,0,10,0,280,0,1,Attack
0.0,other,unknown,0,0,OTH,0,1,0,60,0,0,Normal
2.94168,tcp,http,84,0,S1,0,14,0,560,0,1,Attack
299.411004,tcp,dns,0,0,S1,0,6,0,384,0,1,Attack
0.0,tcp,dns,0,0,S1,0,2,0,128,0,1,Attack
0.985901,tcp,unknown,120130,0,OTH,0,130,130,127150,7800,0,Normal
0.0,tcp,ssl,0,0,S1,0,2,0,120,0,1,Attack
0.004229,tcp,unknown,4,12,RSTR,0,2,2,88,80,1,Attack
1.915849,udp,dns,0,0,OTH,0,10,0,280,0,1,Attack
1e-06,udp,unknown,274,0,OTH,0,2,0,358,0,0,Normal
0.993206,tcp,unknown,71062,0,OTH,0,88,84,75814,5040,0,Normal
0.983237,tcp,unknown,53262,0,OTH,0,72,72,57150,4320,0,Normal
0.990929,tcp,unknown,103116,0,OTH,0,122,122,109704,7320,0,Normal
2.906129,tcp,http,84,0,S1,0,14,0,560,0,1,Attack
1e-06,udp,unknown,496,0,OTH,0,2,0,580,0,0,Normal
0.102678,udp,unknown,1096,0,OTH,0,8,0,1432,0,0,Normal
1e-06,udp,unknown,496,0,OTH,0,2,0,580,0,0,Normal
0.990261,tcp,unknown,69182,0,OTH,0,92,92,74150,5520,0,Normal
0.482949,udp,unknown,820,0,OTH,0,6,0,1072,0,0,Normal
0.925313,tcp,unknown,110118,0,OTH,0,120,120,116598,7200,0,Normal
1e-06,udp,unknown,496,0,OTH,0,2,0,580,0,0,Normal
0.0,other,unknown,0,0,OTH,0,1,0,60,0,0,Normal
0.0,udp,unknown,86,0,OTH,0,2,0,170,0,0,Normal
0.975525,tcp,unknown,104848,0,OTH,0,116,116,111112,6960,0,Normal
1e-06,tcp,ssl,0,0,S1,0,2,0,120,0,1,Attack
2.9323,tcp,http,84,0,S1,0,14,0,560,0,1,Attack
1e-06,udp,unknown,496,0,OTH,0,2,0,580,0,0,Normal
0.971116,tcp,unknown,47544,0,OTH,0,72,72,51432,4320,0,Normal
0.0,other,unknown,0,0,OTH,0,1,0,60,0,0,Normal
0.959609,tcp,unknown,73380,0,OTH,0,90,90,78240,5400,0,Normal
0.994953,tcp,unknown,79196,0,OTH,0,100,100,84596,6000,0,Normal
0.249217,udp,unknown,324,0,OTH,0,4,0,492,0,0,Normal
0.966997,tcp,unknown,75778,0,OTH,0,102,102,81286,6120,0,Normal
0.0,tcp,ssl,0,0,S1,0,2,0,120,0,1,Attack
0.0,udp,unknown,496,0,OTH,0,2,0,580,0,0,Normal
0.0,tcp,dns,0,0,S1,0,2,0,128,0,1,Attack
0.986111,tcp,unknown,66186,0,OTH,0,86,86,70830,5160,0,Normal
3.424966,tcp,http,96,0,S1,0,16,0,640,0,1,Attack
1.923283,udp,dns,0,0,OTH,0,10,0,280,0,1,Attack
0.500608,udp,unknown,820,0,OTH,0,6,0,1072,0,0,Normal
0.0,udp,unknown,162,0,OTH,0,2,0,246,0,0,Normal
0.0,udp,dhcp,1480,0,OTH,0,2,0,1564,0,0,Normal
1.904633,udp,dns,0,0,OTH,0,10,0,280,0,1,Attack
0.073354,other,unknown,0,0,OTH,0,2,0,120,0,0,Normal
2.947446,tcp,http,84,0,S1,0,14,0,560,0,1,Attack
1e-06,tcp,ssl,0,0,S1,0,2,0,120,0,1,Attack
0.0,tcp,ssl,0,0,S1,0,2,0,120,0,1,Attack
0.0,tcp,dns,0,0,S1,0,2,0,128,0,1,Attack
2.937116,tcp,http,84,0,S1,0,14,0,560,0,1,Attack
2.906379,tcp,http,84,0,S1,0,14,0,560,0,1,Attack
0.0,tcp,dns,0,0,S1,0,2,0,128,0,1,Attack
0.962622,tcp,unknown,61180,0,OTH,0,78,78,65392,4680,0,Normal
0.966445,tcp,unknown,77660,0,OTH,0,106,106,83384,6360,0,Normal
0.986994,tcp,unknown,75172,0,OTH,0,100,100,80572,6000,0,Normal
2.931886,tcp,http,84,0,S1,0,14,0,560,0,1,Attack
1.921715,udp,dns,0,0,OTH,0,10,0,280,0,1,Attack
0.955904,tcp,unknown,98862,0,OTH,0,112,112,104910,6720,0,Normal
0.0,other,unknown,0,0,OTH,0,1,0,60,0,0,Normal
0.0,other,unknown,0,0,OTH,0,1,0,60,0,0,Normal
0.0,udp,unknown,162,0,OTH,0,2,0,246,0,0,Normal
0.459157,other,unknown,0,0,OTH,0,2,0,120,0,0,Normal
0.981072,tcp,unknown,105636,0,OTH,0,116,116,111900,6960,0,Normal
1.89103,udp,dns,0,0,OTH,0,10,0,280,0,1,Attack
0.0,udp,unknown,496,0,OTH,0,2,0,580,0,0,Normal
2.941663,tcp,http,84,0,S1,0,14,0,560,0,1,Attack
1e-06,udp,unknown,496,0,OTH,0,2,0,580,0,0,Normal
1e-06,udp,dhcp,1480,0,OTH,0,2,0,1564,0,0,Normal
0.523315,udp,unknown,820,0,OTH,0,6,0,1072,0,0,Normal
0.0,udp,dhcp,1480,0,OTH,0,2,0,1564,0,0,Normal
0.964662,tcp,unknown,76658,0,OTH,0,96,96,81842,5760,0,Normal
0.404323,other,unknown,0,0,OTH,0,3,0,180,0,0,Normal
0.023531,other,unknown,0,0,OTH,0,2,0,120,0,0,Normal
0.379656,tcp,unknown,13892,0,RSTO,0,24,24,15188,1440,0,Normal
0.982995,tcp,unknown,80184,0,OTH,0,98,98,85476,5880,0,Normal
1.914867,udp,dns,0,0,OTH,0,10,0,280,0,1,Attack
0.967613,tcp,unknown,100256,0,OTH,0,110,108,106196,6480,0,Normal
3.431071,tcp,http,96,0,S1,0,16,0,640,0,1,Attack
1e-06,udp,dhcp,1480,0,OTH,0,2,0,1564,0,0,Normal
0.0,tcp,ssl,0,0,S1,0,2,0,120,0,1,Attack
2.938803,tcp,http,84,0,S1,0,14,0,560,0,1,Attack
0.0,tcp,ssl,0,0,S1,0,2,0,120,0,1,Attack
0.249857,udp,unknown,324,0,OTH,0,4,0,492,0,0,Normal
0.039641,other,unknown,0,0,OTH,0,2,0,120,0,0,Normal
2.947438,tcp,http,84,0,S1,0,14,0,560,0,1,Attack
0.980348,tcp,unknown,87604,0,OTH,0,112,112,93652,6720,0,Normal
0.969028,tcp,unknown,72584,0,OTH,0,86,86,77228,5160,0,Normal
1.891091,udp,dns,0,0,OTH,0,10,0,280,0,1,Attack
0.99938,tcp,unknown,107138,0,OTH,0,116,116,113402,6960,0,Normal
1e-06,udp,dhcp,1480,0,OTH,0,2,0,1564,0,0,Normal
0.961244,tcp,unknown,97614,0,OTH,0,110,110,103554,6600,0,Normal
0.986238,tcp,unknown,72290,0,OTH,0,90,90,77150,5400,0,Normal
1.922138,udp,dns,0,0,OTH,0,10,0,280,0,1,Attack
1e-06,udp,unknown,496,0,OTH,0,2,0,580,0,0,Normal
1.41684,udp,dns,0,0,OTH,0,8,0,224,0,1,Attack
0.0,other,unknown,0,0,OTH,0,1,0,60,0,0,Normal
0.974489,tcp,unknown,78398,0,OTH,0,104,104,84014,6240,0,Normal
29.922559,tcp,dns,0,0,S1,0,4,0,256,0,1,Attack
0.0,tcp,ssl,0,0,S1,0,2,0,120,0,1,Attack
1e-06,udp,unknown,496,0,OTH,0,2,0,580,0,0,Normal
0.364647,other,unknown,0,0,OTH,0,2,0,120,0,0,Normal
0.0,tcp,dns,0,0,S1,0,2,0,128,0,1,Attack
0.0,other,unknown,0,0,OTH,0,1,0,60,0,0,Normal
1.914614,udp,dns,0,0,OTH,0,10,0,280,0,1,Attack
0.989624,tcp,unknown,103710,0,OTH,0,122,118,110298,7080,0,Normal
0.0,tcp,dns,0,0,S1,0,2,0,128,0,1,Attack
0.0,tcp,dns,0,0,S1,0,2,0,128,0,1,Attack
2.933177,tcp,http,84,0,S1,0,14,0,560,0,1,Attack
0.0,tcp,dns,0,0,S1,0,2,0,128,0,1,Attack
1.928095,udp,dns,0,0,OTH,0,10,0,280,0,1,Attack
0.952768,tcp,unknown,66114,0,OTH,0,84,84,70650,5040,0,Normal
0.121503,tcp,unknown,12100,0,RSTO,0,14,12,12868,720,0,Normal
2.944474,tcp,http,84,0,S1,0,14,0,560,0,1,Attack
0.0,tcp,ssl,0,0,S1,0,2,0,120,0,1,Attack
0.981028,tcp,unknown,76832,0,OTH,0,94,94,81908,5640,0,Normal
132.035968,tcp,dns,0,0,S1,0,4,0,256,0,1,Attack
0.967086,tcp,unknown,72946,0,OTH,0,94,94,78022,5640,0,Normal
1.890961,udp,dns,0,0,OTH,0,10,0,280,0,1,Attack
1.907807,udp,dns,0,0,OTH,0,10,0,280,0,1,Attack
1.914278,udp,dns,0,0,OTH,0,10,0,280,0,1,Attack
2.936716,tcp,http,84,0,S1,0,14,0,560,0,1,Attack
0.945474,tcp,unknown,63822,0,OTH,0,78,78,68034,4680,0,Normal
2.947563,tcp,http,84,0,S1,0,14,0,560,0,1,Attack
0.464805,other,unknown,0,0,OTH,0,3,0,180,0,0,Normal
1.914307,udp,dns,0,0,OTH,0,10,0,280,0,1,Attack
28.29461,tcp,dns,0,0,S1,0,4,0,256,0,1,Attack
0.0,udp,dhcp,1480,0,OTH,0,2,0,1564,0,0,Normal
0.043091,tcp,unknown,4,12,RSTR,0,2,2,88,80,1,Attack
2.946866,tcp,http,84,0,S1,0,14,0,560,0,1,Attack
2.933487,tcp,http,84,0,S1,0,14,0,560,0,1,Attack
0.0,tcp,ssl,0,0,S1,0,2,0,120,0,1,Attack
0.0,other,unknown,0,0,OTH,0,1,0,60,0,0,Normal
0.0,other,unknown,0,0,OTH,0,1,0,60,0,0,Normal
0.500898,udp,unknown,486,0,OTH,0,6,0,738,0,0,Normal
0.0,tcp,dns,0,0,S1,0,2,0,128,0,1,Attack
2.939037,tcp,http,84,0,S1,0,14,0,560,0,1,Attack
2.936931,tcp,http,84,0,S1,0,14,0,560,0,1,Attack
1.914516,udp,dns,0,0,OTH,0,10,0,280,0,1,Attack
0.971126,tcp,unknown,78930,0,OTH,0,102,102,84438,6120,0,Normal
0.0,tcp,dns,0,0,S1,0,2,0,128,0,1,Attack
5.4e-05,udp,dhcp,1480,0,OTH,0,2,0,1564,0,0,Normal
0.0,tcp,dns,0,0,S1,0,2,0,128,0,1,Attack
0.960132,tcp,unknown,75052,0,OTH,0,94,94,80128,5640,0,Normal
0.970188,tcp,unknown,80020,0,OTH,0,90,90,84880,5400,0,Normal
0.965692,tcp,unknown,68410,0,OTH,0,84,84,72946,5040,0,Normal
0.005111,tcp,unknown,1132,1062,SF,0,20,16,2188,1910,1,Attack
2.936102,tcp,http,84,0,S1,0,14,0,560,0,1,Attack
1e-06,tcp,dns,0,0,S1,0,2,0,128,0,1,Attack
0.962147,tcp,unknown,95420,0,OTH,0,102,102,100928,6120,0,Normal
0.036045,other,unknown,0,0,OTH,0,2,0,120,0,0,Normal
0.948726,tcp,unknown,71420,0,OTH,0,90,90,76280,5400,0,Normal
0.0,other,unknown,0,0,OTH,0,1,0,60,0,0,Normal
0.987197,tcp,unknown,59164,0,OTH,0,76,76,63268,4560,0,Normal
0.982542,tcp,unknown,90260,0,OTH,0,98,98,95552,5880,0,Normal
2.941662,tcp,http,84,0,S1,0,14,0,560,0,1,Attack
2.930371,tcp,http,84,0,S1,0,14,0,560,0,1,Attack
1e-06,tcp,dns,0,0,S1,0,2,0,128,0,1,Attack
1e-06,udp,unknown,496,0,OTH,0,2,0,580,0,0,Normal
1.911428,udp,dns,0,0,OTH,0,10,0,280,0,1,Attack
291.986739,tcp,dns,0,0,S1,0,4,0,256,0,1,Attack
38.018866,tcp,dns,0,0,S1,0,4,0,256,0,1,Attack
0.95431,tcp,unknown,71970,0,OTH,0,94,94,77046,5640,0,Normal
0.006649,tcp,http,0,12,RSTR,0,2,2,120,80,1,Attack
299.021959,tcp,dns,0,0,S1,0,6,0,384,0,1,Attack
1.911927,udp,dns,0,0,OTH,0,10,0,280,0,1,Attack
1e-06,tcp,dns,0,0,S1,0,2,0,128,0,1,Attack
2.944772,tcp,http,84,0,S1,0,14,0,560,0,1,Attack
0.987993,tcp,unknown,94866,0,OTH,0,118,116,101238,6960,0,Normal
0.97154,tcp,unknown,73860,0,OTH,0,98,96,79152,5760,0,Normal
221.917568,tcp,dns,0,0,S1,0,4,0,256,0,1,Attack
0.966303,tcp,unknown,101548,0,OTH,0,114,114,107704,6840,0,Normal
0.963409,tcp,unknown,108282,0,OTH,0,116,116,114546,6960,0,Normal
1.921527,udp,dns,0,0,OTH,0,10,0,280,0,1,Attack
0.960165,tcp,unknown,59894,0,OTH,0,72,72,63782,4320,0,Normal
2.919685,tcp,http,84,0,S1,0,14,0,560,0,1,Attack
2.914258,tcp,http,84,0,S1,0,14,0,560,0,1,Attack
2.947223,tcp,http,84,0,S1,0,14,0,560,0,1,Attack
0.969986,tcp,unknown,88812,0,OTH,0,104,102,94428,6120,0,Normal
1.922867,udp,dns,0,0,OTH,0,10,0,280,0,1,Attack
0.250445,udp,unknown,324,0,OTH,0,4,0,492,0,0,Normal
55.005091,tcp,dns,0,0,S1,0,4,0,256,0,1,Attack
0.500817,udp,unknown,486,0,OTH,0,6,0,738,0,0,Normal
2.944678,tcp,http,84,0,S1,0,14,0,560,0,1,Attack
0.974358,tcp,unknown,58916,0,OTH,0,72,72,62804,4320,0,Normal
0.0,tcp,dns,0,0,S1,0,2,0,128,0,1,Attack
0.2498,udp,unknown,324,0,OTH,0,4,0,492,0,0,Normal
0.954023,tcp,unknown,59198,0,OTH,0,76,74,63302,4440,0,Normal
0.403645,other,unknown,0,0,OTH,0,3,0,180,0,0,Normal
1e-06,tcp,dns,0,0,S1,0,2,0,128,0,1,Attack
0.500272,udp,unknown,820,0,OTH,0,6,0,1072,0,0,Normal
3.432482,tcp,http,96,0,S1,0,16,0,640,0,1,Attack
2.92924,tcp,http,84,0,S1,0,14,0,560,0,1,Attack
0.251213,udp,unknown,708,0,OTH,0,6,0,960,0,0,Normal
0.0,tcp,dns,0,0,S1,0,2,0,128,0,1,Attack
0.982634,tcp,unknown,125596,0,OTH,0,134,132,132832,7920,0,Normal
0.226482,tcp,unknown,11966,0,RSTO,0,16,14,12842,840,0,Normal
0.0,tcp,ssl,0,0,S1,0,2,0,120,0,1,Attack
0.944077,tcp,unknown,95086,0,OTH,0,112,112,101134,6720,0,Normal
1e-06,tcp,ssl,0,0,S1,0,2,0,120,0,1,Attack
3.42358,tcp,http,96,0,S1,0,16,0,640,0,1,Attack
1e-06,udp,unknown,496,0,OTH,0,2,0,580,0,0,Normal
0.984371,tcp,unknown,81122,0,OTH,0,106,104,86846,6240,0,Normal
0.527946,udp,unknown,486,0,OTH,0,6,0,738,0,0,Normal
0.999106,tcp,unknown,77118,0,OTH,0,100,100,82518,6000,0,Normal
1.889419,udp,dns,0,0,OTH,0,10,0,280,0,1,Attack
0.971336,tcp,unknown,82854,0,OTH,0,96,96,88038,5760,0,Normal
0.0,tcp,dns,0,0,S1,0,2,0,128,0,1,Attack
3.7e-05,tcp,ssl,0,0,S1,0,2,0,120,0,1,Attack
0.0,tcp,dns,0,0,S1,0,2,0,128,0,1,Attack
2.914921,tcp,http,84,0,S1,0,14,0,560,0,1,Attack
1.91385,udp,dns,0,0,OTH,0,10,0,280,0,1,Attack
0.011191,tcp,unknown,4,12,RSTR,0,2,2,88,80,1,Attack
144.01458,tcp,dns,0,0,S1,0,6,0,384,0,1,Attack
0.994087,tcp,unknown,96794,0,OTH,0,114,114,102950,6840,0,Normal
1e-06,udp,unknown,496,0,OTH,0,2,0,580,0,0,Normal
0.044348,tcp,unknown,4,12,RSTR,0,2,2,88,80,1,Attack
0.501913,udp,unknown,820,0,OTH,0,6,0,1072,0,0,Normal
165.111457,tcp,dns,0,0,S1,0,6,0,384,0,1,Attack
0.936833,tcp,unknown,101496,0,OTH,0,110,108,107436,6480,0,Normal
2.92827,tcp,http,84,0,S1,0,14,0,560,0,1,Attack
1e-06,tcp,ssl,0,0,S1,0,2,0,120,0,1,Attack
2.916234,tcp,http,84,0,S1,0,14,0,560,0,1,Attack
1e-06,udp,dhcp,1480,0,OTH,0,2,0,1564,0,0,Normal
0.966767,tcp,unknown,122928,0,OTH,0,126,124,129732,7440,0,Normal
1e-06,tcp,ssl,0,0,S1,0,2,0,120,0,1,Attack
1.920787,udp,dns,0,0,OTH,0,10,0,280,0,1,Attack
0.0,tcp,ssl,0,0,S1,0,2,0,120,0,1,Attack
1e-06,udp,dhcp,1480,0,OTH,0,2,0,1564,0,0,Normal
3.432909,tcp,http,96,0,S1,0,16,0,640,0,1,Attack
90.043911,tcp,dns,0,0,S1,0,4,0,256,0,1,Attack
0.992426,tcp,unknown,76908,0,OTH,0,98,98,82200,5880,0,Normal
1e-06,udp,unknown,496,0,OTH,0,2,0,580,0,0,Normal
2.923795,tcp,http,84,0,S1,0,14,0,560,0,1,Attack
2.939031,tcp,http,84,0,S1,0,14,0,560,0,1,Attack
0.951987,tcp,unknown,105204,0,OTH,0,110,104,111144,6240,0,Normal
0.145088,udp,unknown,1096,0,OTH,0,8,0,1432,0,0,Normal
1e-06,udp,unknown,496,0,OTH,0,2,0,580,0,0,Normal
1.904961,udp,dns,0,0,OTH,0,10,0,280,0,1,Attack
0.959685,tcp,unknown,113178,0,OTH,0,122,122,119766,7320,0,Normal
2.939952,tcp,http,84,0,S1,0,14,0,560,0,1,Attack
0.0,tcp,ssl,0,0,S1,0,2,0,120,0,1,Attack
3.428056,tcp,http,90,0,S1,0,15,0,600,0,1,Attack
0.030458,tcp,unknown,4,12,RSTR,0,2,2,88,80,1,Attack
2.939067,tcp,http,84,0,S1,0,14,0,560,0,1,Attack
1e-06,udp,unknown,496,0,OTH,0,2,0,580,0,0,Normal
1e-06,udp,unknown,162,0,OTH,0,2,0,246,0,0,Normal
0.0,tcp,ssl,0,0,S1,0,2,0,120,0,1,Attack
0.0,tcp,ssl,0,0,S1,0,2,0,120,0,1,Attack
0.966238,tcp,unknown,74934,0,OTH,0,96,96,80118,5760,0,Normal
1e-06,tcp,dns,0,0,S1,0,2,0,128,0,1,Attack
1e-06,udp,unknown,496,0,OTH,0,2,0,580,0,0,Normal
0.948681,tcp,unknown,75986,0,OTH,0,96,96,81170,5760,0,Normal
0.999355,tcp,unknown,94260,0,OTH,0,104,104,99876,6240,0,Normal
1.905351,udp,dns,0,0,OTH,0,10,0,280,0,1,Attack
0.0,udp,unknown,496,0,OTH,0,2,0,580,0,0,Normal
0.0,tcp,ssl,0,0,S1,0,2,0,120,0,1,Attack
2.941461,tcp,http,84,0,S1,0,14,0,560,0,1,Attack
0.0,tcp,dns,0,0,S1,0,2,0,128,0,1,Attack
0.0,udp,unknown,496,0,OTH,0,2,0,580,0,0,Normal
0.970224,tcp,unknown,98438,0,OTH,0,116,116,104702,6960,0,Normal
0.0,udp,unknown,496,0,OTH,0,2,0,580,0,0,Normal
3.426774,tcp,http,96,0,S1,0,16,0,640,0,1,Attack
62.043445,tcp,dns,0,0,S1,0,4,0,256,0,1,Attack
2.906975,tcp,http,84,0,S1,0,14,0,560,0,1,Attack
47.725417,tcp,ssl,0,0,S1,0,4,0,240,0,1,Attack
0.0,other,unknown,0,0,OTH,0,1,0,60,0,0,Normal
0.010485,tcp,http,0,12,RSTR,0,2,2,120,80,1,Attack
0.259365,udp,unknown,658,0,OTH,0,4,0,826,0,0,Normal
0.964508,tcp,unknown,74144,0,OTH,0,90,90,79004,5400,0,Normal
0.981212,tcp,unknown,112754,0,OTH,0,132,126,119882,7560,0,Normal
1.930584,udp,dns,0,0,OTH,0,10,0,280,0,1,Attack
1.904753,udp,dns,0,0,OTH,0,10,0,280,0,1,Attack
0.0,other,unknown,0,0,OTH,0,1,0,60,0,0,Normal
0.969295,tcp,unknown,70910,0,OTH,0,92,90,75878,5400,0,Normal
0.0,other,unknown,0,0,OTH,0,1,0,60,0,0,Normal
1e-06,tcp,ssl,0,0,S1,0,2,0,120,0,1,Attack
1e-06,udp,unknown,496,0,OTH,0,2,0,580,0,0,Normal
0.0,tcp,dns,0,0,S1,0,2,0,128,0,1,Attack
0.980686,tcp,unknown,81572,0,OTH,0,92,92,86540,5520,0,Normal
1e-06,tcp,dns,0,0,S1,0,2,0,128,0,1,Attack
0.283292,tcp,unknown,24996,0,RSTO,0,26,18,26400,1080,0,Normal
1.895471,udp,dns,0,0,OTH,0,10,0,280,0,1,Attack
0.924391,tcp,unknown,110300,0,OTH,0,118,118,116672,7080,0,Normal
1e-06,udp,unknown,496,0,OTH,0,2,0,580,0,0,Normal
1.889542,udp,dns,0,0,OTH,0,10,0,280,0,1,Attack
0.821431,tcp,unknown,226138,1316,S1,0,192,132,236522,9204,0,Normal
2.924281,tcp,http,84,0,S1,0,14,0,560,0,1,Attack
0.0,udp,dhcp,1480,0,OTH,0,2,0,1564,0,0,Normal
0.963746,tcp,unknown,65398,0,OTH,0,90,90,70258,5400,0,Normal
0.619314,tcp,unknown,40918,0,RSTO,0,52,50,43726,3000,0,Normal
0.551718,udp,unknown,486,0,OTH,0,6,0,738,0,0,Normal
0.983932,tcp,unknown,78202,0,OTH,0,96,96,83386,5760,0,Normal
0.981643,tcp,unknown,112038,0,OTH,0,126,124,118842,7440,0,Normal
0.107797,tcp,unknown,1888,1320,S1,0,12,16,2564,2248,0,Normal
0.411642,other,unknown,0,0,OTH,0,2,0,120,0,0,Normal
0.0,tcp,ssl,0,0,S1,0,2,0,120,0,1,Attack
1.927292,udp,dns,0,0,OTH,0,10,0,280,0,1,Attack
0.983576,tcp,unknown,71192,0,OTH,0,90,90,76052,5400,0,Normal
1e-06,tcp,dns,0,0,S1,0,2,0,128,0,1,Attack
0.426841,other,unknown,0,0,OTH,0,2,0,120,0,0,Normal
0.0,udp,unknown,496,0,OTH,0,2,0,580,0,0,Normal
274.991497,tcp,dns,0,0,S1,0,4,0,256,0,1,Attack
0.966085,tcp,unknown,73112,0,OTH,0,72,72,77000,4320,0,Normal
0.0,tcp,dns,0,0,S1,0,2,0,128,0,1,Attack
2.93698,tcp,http,84,0,S1,0,14,0,560,0,1,Attack
0.0,tcp,dns,0,0,S1,0,2,0,128,0,1,Attack
0.97215,tcp,unknown,56200,0,OTH,0,78,78,60412,4680,0,Normal
0.020371,other,unknown,0,0,OTH,0,2,0,120,0,0,Normal
0.95419,tcp,unknown,112580,0,OTH,0,124,124,119276,7440,0,Normal
0.964356,tcp,unknown,62024,0,OTH,0,86,86,66668,5160,0,Normal
0.984458,tcp,unknown,103008,0,OTH,0,124,124,109704,7440,0,Normal
0.978812,tcp,unknown,115520,0,OTH,0,124,122,122216,7320,0,Normal
0.961997,tcp,unknown,50598,0,OTH,0,72,72,54486,4320,0,Normal
1e-06,tcp,ssl,0,0,S1,0,2,0,120,0,1,Attack
1e-06,udp,unknown,496,0,OTH,0,2,0,580,0,0,Normal
0.983387,tcp,unknown,79516,0,OTH,0,102,102,85024,6120,0,Normal
0.0,udp,unknown,16,0,OTH,0,2,0,72,0,1,Attack
1e-06,tcp,ssl,0,0,S1,0,2,0,120,0,1,Attack
1.912738,udp,dns,0,0,OTH,0,10,0,280,0,1,Attack
3.428288,tcp,http,96,0,S1,0,16,0,640,0,1,Attack
1.905733,udp,dns,0,0,OTH,0,10,0,280,0,1,Attack
0.0,tcp,dns,0,0,S1,0,2,0,128,0,1,Attack
1e-06,udp,dhcp,1480,0,OTH,0,2,0,1564,0,0,Normal
0.965176,tcp,unknown,52600,0,OTH,0,74,74,56596,4440,0,Normal
1.416959,udp,dns,0,0,OTH,0,8,0,224,0,1,Attack
1e-06,tcp,ssl,0,0,S1,0,2,0,120,0,1,Attack
0.245459,tcp,unknown,102872,1320,S1,0,82,42,107316,3808,0,Normal
0.0,other,unknown,0,0,OTH,0,1,0,60,0,0,Normal
1.889394,udp,dns,0,0,OTH,0,10,0,280,0,1,Attack
3.428344,tcp,http,96,0,S1,0,16,0,640,0,1,Attack
2.944684,tcp,http,84,0,S1,0,14,0,560,0,1,Attack
1e-06,tcp,ssl,0,0,S1,0,2,0,120,0,1,Attack
1e-06,tcp,dns,0,0,S1,0,2,0,128,0,1,Attack
2.926146,tcp,http,84,0,S1,0,14,0,560,0,1,Attack
0.0,tcp,ssl,0,0,S1,0,2,0,120,0,1,Attack
1e-06,tcp,ssl,0,0,S1,0,2,0,120,0,1,Attack
0.0,other,unknown,0,0,OTH,0,1,0,60,0,0,Normal
2.948482,tcp,http,84,0,S1,0,14,0,560,0,1,Attack
0.970785,tcp,unknown,95906,0,OTH,0,116,116,102170,6960,0,Normal
0.986705,tcp,unknown,65626,0,OTH,0,88,88,70378,5280,0,Normal
0.02582,tcp,unknown,4,12,RSTR,0,2,2,88,80,1,Attack
0.502507,udp,unknown,820,0,OTH,0,6,0,1072,0,0,Normal
0.929924,tcp,unknown,90436,0,OTH,0,96,96,95620,5760,0,Normal
0.51621,udp,unknown,324,0,OTH,0,4,0,492,0,0,Normal
1.90664,udp,dns,0,0,OTH,0,10,0,280,0,1,Attack
0.0,tcp,dns,0,0,S1,0,2,0,128,0,1,Attack
0.495843,tcp,unknown,79840,1320,S1,0,78,58,84080,4768,0,Normal
1.926282,udp,dns,0,0,OTH,0,10,0,280,0,1,Attack
0.966241,tcp,unknown,65876,0,OTH,0,98,98,71168,5880,0,Normal
0.922761,tcp,unknown,107760,0,OTH,0,108,102,113592,6120,0,Normal
1.893999,udp,dns,0,0,OTH,0,10,0,280,0,1,Attack
0.0,tcp,dns,0,0,S1,0,2,0,128,0,1,Attack
1e-06,tcp,ssl,0,0,S1,0,2,0,120,0,1,Attack
0.0,tcp,ssl,0,0,S1,0,2,0,120,0,1,Attack
6.008622,tcp,dns,0,0,S1,0,4,0,256,0,1,Attack
0.0,other,unknown,0,0,OTH,0,1,0,60,0,0,Normal
0.690745,other,unknown,0,0,OTH,0,2,0,120,0,0,Normal
1.924521,udp,dns,0,0,OTH,0,9,0,252,0,1,Attack
0.96037,tcp,unknown,100276,0,OTH,0,112,110,106324,6600,0,Normal
0.008085,tcp,unknown,4,12,RSTR,0,2,2,88,80,1,Attack
0.0,tcp,dns,0,0,S1,0,2,0,128,0,1,Attack
0.970583,tcp,unknown,100348,0,OTH,0,118,118,106720,7080,0,Normal
0.960752,tcp,unknown,106758,0,OTH,0,118,118,113130,7080,0,Normal
0.0,other,unknown,0,0,OTH,0,1,0,60,0,0,Normal
1.906899,udp,dns,0,0,OTH,0,10,0,280,0,1,Attack
2.945069,tcp,http,84,0,S1,0,14,0,560,0,1,Attack
0.500099,udp,unknown,820,0,OTH,0,6,0,1072,0,0,Normal
0.0,tcp,dns,0,0,S1,0,2,0,128,0,1,Attack
0.0,tcp,ssl,0,0,S1,0,2,0,120,0,1,Attack
1e-06,udp,unknown,496,0,OTH,0,2,0,580,0,0,Normal
1e-06,tcp,ssl,0,0,S1,0,2,0,120,0,1,Attack
0.235223,udp,unknown,324,0,OTH,0,4,0,492,0,0,Normal
0.0,udp,unknown,274,0,OTH,0,2,0,358,0,0,Normal
3.42961,tcp,http,96,0,S1,0,16,0,640,0,1,Attack
1.909233,udp,dns,0,0,OTH,0,10,0,280,0,1,Attack
0.0,other,unknown,0,0,OTH,0,1,0,60,0,0,Normal
0.965125,tcp,unknown,84102,0,OTH,0,86,82,88746,4920,0,Normal
0.982804,tcp,unknown,78934,0,OTH,0,100,100,84334,6000,0,Normal
0.086314,other,unknown,0,0,OTH,0,2,0,120,0,0,Normal
0.0,other,unknown,0,0,OTH,0,1,0,60,0,0,Normal
0.0,tcp,dns,0,0,S1,0,2,0,128,0,1,Attack
2.946835,tcp,http,84,0,S1,0,14,0,560,0,1,Attack
2.937009,tcp,http,84,0,S1,0,14,0,560,0,1,Attack
0.0,other,unknown,0,0,OTH,0,1,0,60,0,0,Normal
1.928744,udp,dns,0,0,OTH,0,10,0,280,0,1,Attack
0.0,tcp,dns,0,0,S1,0,2,0,128,0,1,Attack
0.0,other,unknown,0,0,OTH,0,1,0,60,0,0,Normal
2.921594,tcp,http,84,0,S1,0,14,0,560,0,1,Attack
0.985634,tcp,unknown,58224,0,OTH,0,77,76,62382,4560,0,Normal
1.923017,udp,dns,0,0,OTH,0,10,0,280,0,1,Attack
0.387347,tcp,unknown,30690,0,RSTO,0,36,30,32634,1800,0,Normal
0.950835,tcp,unknown,100576,0,OTH,0,110,110,106516,6600,0,Normal
1e-06,udp,unknown,496,0,OTH,0,2,0,580,0,0,Normal
136.344075,tcp,dns,0,0,S1,0,4,0,256,0,1,Attack
0.0,tcp,dns,0,0,S1,0,2,0,128,0,1,Attack
1e-06,udp,unknown,496,0,OTH,0,2,0,580,0,0,Normal
3.427185,tcp,http,96,0,S1,0,16,0,640,0,1,Attack
0.972738,tcp,unknown,151020,0,OTH,0,148,146,159012,8760,0,Normal
1e-06,udp,unknown,86,0,OTH,0,2,0,170,0,0,Normal
0.0,other,unknown,0,0,OTH,0,1,0,60,0,0,Normal
2.926516,tcp,http,84,0,S1,0,14,0,560,0,1,Attack
1e-06,udp,unknown,274,0,OTH,0,2,0,358,0,0,Normal
0.957126,tcp,unknown,114570,0,OTH,0,128,126,121482,7560,0,Normal
0.502933,udp,unknown,486,0,OTH,0,6,0,738,0,0,Normal
2.946669,tcp,http,84,0,S1,0,14,0,560,0,1,Attack
2.928448,tcp,http,84,0,S1,0,14,0,560,0,1,Attack
2.928529,tcp,http,84,0,S1,0,14,0,560,0,1,Attack
1.891808,udp,dns,0,0,OTH,0,10,0,280,0,1,Attack
0.922226,tcp,unknown,103748,0,OTH,0,112,110,109796,6600,0,Normal
0.97562,tcp,unknown,67666,0,OTH,0,90,90,72526,5400,0,Normal
0.943142,tcp,unknown,53804,0,OTH,0,74,74,57800,4440,0,Normal
0.976619,tcp,unknown,104614,0,OTH,0,110,112,110554,6720,0,Normal
1e-06,tcp,dns,0,0,S1,0,2,0,128,0,1,Attack
0.943636,tcp,unknown,59722,0,OTH,0,72,72,63610,4320,0,Normal
0.974101,tcp,unknown,75764,0,OTH,0,94,94,80840,5640,0,Normal
3.429568,tcp,http,96,0,S1,0,16,0,640,0,1,Attack
0.0,tcp,dns,0,0,S1,0,2,0,128,0,1,Attack
0.964444,tcp,unknown,72702,0,OTH,0,96,96,77886,5760,0,Normal
0.0,udp,unknown,496,0,OTH,0,2,0,580,0,0,Normal
1.921329,udp,dns,0,0,OTH,0,10,0,280,0,1,Attack
0.964717,tcp,unknown,98252,0,OTH,0,112,112,104300,6720,0,Normal
2.948121,tcp,http,84,0,S1,0,14,0,560,0,1,Attack
0.961862,tcp,unknown,93208,0,OTH,0,108,108,99040,6480,0,Normal
0.0,other,unknown,0,0,OTH,0,1,0,60,0,0,Normal
0.9392,tcp,unknown,76886,0,OTH,0,98,98,82178,5880,0,Normal
1.894945,udp,dns,0,0,OTH,0,10,0,280,0,1,Attack
0.981242,tcp,unknown,57038,0,OTH,0,72,72,60926,4320,0,Normal
1e-06,tcp,ssl,0,0,S1,0,2,0,120,0,1,Attack
0.974532,tcp,unknown,107010,0,OTH,0,116,116,113274,6960,0,Normal
0.0,tcp,dns,0,0,S1,0,2,0,128,0,1,Attack
0.0,tcp,dns,0,0,S1,0,2,0,128,0,1,Attack
0.0,other,unknown,0,0,OTH,0,1,0,60,0,0,Normal
0.937017,tcp,unknown,70776,0,OTH,0,92,92,75744,5520,0,Normal
0.981743,tcp,unknown,89820,0,OTH,0,108,108,95652,6480,0,Normal
0.989835,tcp,unknown,78055,0,OTH,0,97,98,83293,5880,0,Normal
0.968417,tcp,unknown,54034,0,OTH,0,62,62,57382,3720,0,Normal
0.985175,tcp,unknown,77328,0,OTH,0,94,94,82404,5640,0,Normal
1e-06,tcp,dns,0,0,S1,0,2,0,128,0,1,Attack
0.106896,udp,unknown,582,0,OTH,0,4,0,750,0,0,Normal
0.0,tcp,ssl,0,0,S1,0,2,0,120,0,1,Attack
1.894059,udp,dns,0,0,OTH,0,10,0,280,0,1,Attack
1e-06,udp,unknown,496,0,OTH,0,2,0,580,0,0,Normal
1.914484,udp,dns,0,0,OTH,0,10,0,280,0,1,Attack
2.906031,tcp,http,84,0,S1,0,14,0,560,0,1,Attack
0.038445,tcp,unknown,170,428,S1,0,4,10,402,1032,0,Normal
2.940058,tcp,http,84,0,S1,0,14,0,560,0,1,Attack
0.0,tcp,dns,0,0,S1,0,2,0,128,0,1,Attack
2.932421,tcp,http,84,0,S1,0,14,0,560,0,1,Attack
0.963246,tcp,unknown,46154,0,OTH,0,72,72,50042,4320,0,Normal
0.0,tcp,dns,0,0,S1,0,2,0,128,0,1,Attack
0.0,udp,dhcp,1480,0,OTH,0,2,0,1564,0,0,Normal
0.965201,tcp,unknown,46566,0,OTH,0,70,70,50346,4200,0,Normal
0.0,tcp,ssl,0,0,S1,0,2,0,120,0,1,Attack
0.928658,tcp,unknown,71088,0,OTH,0,86,86,75732,5160,0,Normal
1e-06,tcp,ssl,0,0,S1,0,2,0,120,0,1,Attack
0.960195,tcp,unknown,59552,0,OTH,0,76,76,63656,4560,0,Normal
0.538456,tcp,unknown,29960,0,RSTO,0,40,40,32120,2400,0,Normal
0.994748,tcp,unknown,62840,0,OTH,0,72,72,66728,4320,0,Normal
2.944803,tcp,http,84,0,S1,0,14,0,560,0,1,Attack
0.0,other,unknown,0,0,OTH,0,1,0,60,0,0,Normal
1e-06,udp,unknown,274,0,OTH,0,2,0,358,0,0,Normal
0.963617,tcp,unknown,79700,0,OTH,0,98,98,84992,5880,0,Normal
0.963513,tcp,unknown,78916,0,OTH,0,100,100,84316,6000,0,Normal
0.985907,tcp,unknown,102822,0,OTH,0,112,112,108870,6720,0,Normal
1.911663,udp,dns,0,0,OTH,0,10,0,280,0,1,Attack
2.935933,tcp,http,84,0,S1,0,14,0,560,0,1,Attack
1e-06,udp,unknown,496,0,OTH,0,2,0,580,0,0,Normal
0.0,tcp,ssl,0,0,S1,0,2,0,120,0,1,Attack
2.944728,tcp,http,84,0,S1,0,14,0,560,0,1,Attack
0.994422,tcp,unknown,94928,0,OTH,0,104,104,100544,6240,0,Normal
0.946142,tcp,unknown,78140,0,OTH,0,100,100,83540,6000,0,Normal
1.936767,udp,dns,0,0,OTH,0,10,0,280,0,1,Attack
2.947477,tcp,http,84,0,S1,0,14,0,560,0,1,Attack
0.960586,tcp,unknown,102958,0,OTH,0,124,124,109654,7440,0,Normal
1e-06,udp,unknown,496,0,OTH,0,2,0,580,0,0,Normal
1e-06,tcp,dns,0,0,S1,0,2,0,128,0,1,Attack
2.93679,tcp,http,84,0,S1,0,14,0,560,0,1,Attack
1.915266,udp,dns,0,0,OTH,0,10,0,280,0,1,Attack
0.964252,tcp,unknown,104202,0,OTH,0,114,114,110358,6840,0,Normal
0.0,tcp,ssl,0,0,S1,0,2,0,120,0,1,Attack
2.916067,tcp,http,84,0,S1,0,14,0,560,0,1,Attack
320.878569,tcp,dns,0,0,S1,0,4,0,256,0,1,Attack
0.982857,tcp,unknown,65584,0,OTH,0,92,92,70552,5520,0,Normal
1.914744,udp,dns,0,0,OTH,0,10,0,280,0,1,Attack
3.429129,tcp,http,96,0,S1,0,16,0,640,0,1,Attack
2.932486,tcp,http,84,0,S1,0,14,0,560,0,1,Attack
1.416945,udp,dns,0,0,OTH,0,8,0,224,0,1,Attack
1.915766,udp,dns,0,0,OTH,0,10,0,280,0,1,Attack
0.0,tcp,ssl,0,0,S1,0,2,0,120,0,1,Attack
3.428277,tcp,http,96,0,S1,0,16,0,640,0,1,Attack
0.012762,tcp,http,0,12,RSTR,0,2,2,120,80,1,Attack
2.924415,tcp,http,84,0,S1,0,14,0,560,0,1,Attack
1e-06,udp,unknown,496,0,OTH,0,2,0,580,0,0,Normal
0.985045,tcp,unknown,112268,0,OTH,0,124,124,118964,7440,0,Normal
0.0,udp,unknown,496,0,OTH,0,2,0,580,0,0,Normal
0.041356,tcp,unknown,4,12,RSTR,0,2,2,88,80,1,Attack
1e-06,udp,unknown,274,0,OTH,0,2,0,358,0,0,Normal
0.50067,udp,unknown,486,0,OTH,0,6,0,738,0,0,Normal
1.41861,udp,dns,0,0,OTH,0,8,0,224,0,1,Attack
1e-06,udp,unknown,496,0,OTH,0,2,0,580,0,0,Normal
0.014718,tcp,unknown,4,12,RSTR,0,2,2,88,80,1,Attack
2.933911,tcp,http,84,0,S1,0,14,0,560,0,1,Attack
1e-06,udp,unknown,496,0,OTH,0,2,0,580,0,0,Normal
0.963612,tcp,unknown,121200,0,OTH,0,124,122,127896,7320,0,Normal
0.979909,tcp,unknown,76172,0,OTH,0,98,98,81464,5880,0,Normal
0.250594,udp,unknown,324,0,OTH,0,4,0,492,0,0,Normal
3.432549,tcp,http,96,0,S1,0,16,0,640,0,1,Attack
0.0,udp,unknown,496,0,OTH,0,2,0,580,0,0,Normal
1e-06,tcp,ssl,0,0,S1,0,2,0,120,0,1,Attack
0.960448,tcp,unknown,70636,228,OTH,0,86,88,75280,5496,0,Normal
0.051996,tcp,unknown,4,12,RSTR,0,2,2,88,80,1,Attack
0.0,tcp,dns,0,0,S1,0,2,0,128,0,1,Attack
2.936698,tcp,http,84,0,S1,0,14,0,560,0,1,Attack
0.0,tcp,dns,0,0,S1,0,2,0,128,0,1,Attack
2.92118,tcp,http,84,0,S1,0,14,0,560,0,1,Attack
0.251036,udp,unknown,324,0,OTH,0,4,0,492,0,0,Normal
0.0,tcp,dns,0,0,S1,0,2,0,128,0,1,Attack
1.910341,udp,dns,0,0,OTH,0,10,0,280,0,1,Attack
1.892463,udp,dns,0,0,OTH,0,10,0,280,0,1,Attack
0.965344,tcp,unknown,101108,0,OTH,0,120,120,107588,7200,0,Normal
1.912363,udp,dns,0,0,OTH,0,10,0,280,0,1,Attack
0.0,other,unknown,0,0,OTH,0,1,0,60,0,0,Normal
0.0,other,unknown,0,0,OTH,0,1,0,60,0,0,Normal
0.076578,other,unknown,0,0,OTH,0,2,0,120,0,0,Normal
94.709948,tcp,dns,0,0,S1,0,4,0,256,0,1,Attack
0.954675,tcp,unknown,83190,0,OTH,0,92,90,88158,5400,0,Normal
2.924784,tcp,http,84,0,S1,0,14,0,560,0,1,Attack
0.0,tcp,dns,0,0,S1,0,2,0,128,0,1,Attack
1.936052,udp,dns,0,0,OTH,0,10,0,280,0,1,Attack
2.923415,tcp,http,84,0,S1,0,14,0,560,0,1,Attack
2.923901,tcp,http,84,0,S1,0,14,0,560,0,1,Attack
63.998075,tcp,dns,0,0,S1,0,4,0,256,0,1,Attack
2.936653,tcp,http,84,0,S1,0,14,0,560,0,1,Attack
0.0,tcp,ssl,0,0,S1,0,2,0,120,0,1,Attack
0.990011,tcp,unknown,55338,0,OTH,0,78,78,59550,4680,0,Normal
1.889405,udp,dns,0,0,OTH,0,10,0,280,0,1,Attack
0.943162,tcp,unknown,84208,0,OTH,0,76,76,88312,4560,0,Normal
0.0,tcp,dns,0,0,S1,0,2,0,128,0,1,Attack
0.0,tcp,dns,0,0,S1,0,2,0,128,0,1,Attack
1e-06,udp,unknown,496,0,OTH,0,2,0,580,0,0,Normal
230.941609,tcp,dns,0,0,S1,0,6,0,384,0,1,Attack
1.915376,udp,dns,0,0,OTH,0,10,0,280,0,1,Attack
3.431268,tcp,http,96,0,S1,0,16,0,640,0,1,Attack
10.909786,tcp,dns,0,0,S1,0,4,0,256,0,1,Attack
0.0,tcp,ssl,0,0,S1,0,2,0,120,0,1,Attack
0.0,tcp,dns,0,0,S1,0,2,0,128,0,1,Attack
0.940355,tcp,unknown,129244,0,OTH,0,130,126,136264,7560,0,Normal
1.889138,udp,dns,0,0,OTH,0,10,0,280,0,1,Attack
1.913453,udp,dns,0,0,OTH,0,10,0,280,0,1,Attack
0.0,tcp,ssl,0,0,S1,0,2,0,120,0,1,Attack
2e-06,udp,unknown,496,0,OTH,0,2,0,580,0,0,Normal
0.989554,tcp,unknown,100830,0,OTH,0,110,108,106770,6480,0,Normal
0.331596,udp,unknown,324,0,OTH,0,4,0,492,0,0,Normal
0.0,tcp,ssl,0,0,S1,0,2,0,120,0,1,Attack
0.503025,udp,unknown,486,0,OTH,0,6,0,738,0,0,Normal
0.961617,tcp,unknown,107496,0,OTH,0,124,124,114192,7440,0,Normal
0.967432,tcp,unknown,43348,0,OTH,0,72,72,47236,4320,0,Normal
1.905149,udp,dns,0,0,OTH,0,10,0,280,0,1,Attack
1.91548,udp,dns,0,0,OTH,0,10,0,280,0,1,Attack
2.944556,tcp,http,84,0,S1,0,14,0,560,0,1,Attack
0.963753,tcp,unknown,73894,0,OTH,0,102,102,79402,6120,0,Normal
0.0,tcp,dns,0,0,S1,0,2,0,128,0,1,Attack
0.763995,other,unknown,0,0,OTH,0,2,0,120,0,0,Normal
2.944461,tcp,http,84,0,S1,0,14,0,560,0,1,Attack
2.929315,tcp,http,84,0,S1,0,14,0,560,0,1,Attack
0.982037,tcp,unknown,109802,0,OTH,0,122,122,116390,7320,0,Normal
0.963632,tcp,unknown,115058,0,OTH,0,134,128,122294,7680,0,Normal
0.97502,tcp,unknown,106280,0,OTH,0,120,118,112760,7080,0,Normal
0.971427,tcp,unknown,79816,0,OTH,0,96,96,85000,5760,0,Normal
0.0,udp,unknown,162,0,OTH,0,2,0,246,0,0,Normal
1.91367,udp,dns,0,0,OTH,0,10,0,280,0,1,Attack
0.512649,udp,unknown,486,0,OTH,0,6,0,738,0,0,Normal
3.428836,tcp,http,96,0,S1,0,16,0,640,0,1,Attack
0.196052,other,unknown,0,0,OTH,0,2,0,120,0,0,Normal
1.933462,udp,dns,0,0,OTH,0,10,0,280,0,1,Attack
1.88992,udp,dns,0,0,OTH,0,10,0,280,0,1,Attack
0.0,tcp,ssl,0,0,S1,0,2,0,120,0,1,Attack
0.984834,tcp,unknown,57064,0,OTH,0,76,76,61168,4560,0,Normal
0.974883,tcp,unknown,95638,0,OTH,0,122,122,102226,7320,0,Normal
0.0,tcp,dns,0,0,S1,0,2,0,128,0,1,Attack
0.0,tcp,dns,0,0,S1,0,2,0,128,0,1,Attack
1e-06,tcp,ssl,0,0,S1,0,2,0,120,0,1,Attack
1.928833,udp,dns,0,0,OTH,0,9,0,252,0,1,Attack
1e-06,udp,unknown,52,0,OTH,0,4,0,164,0,1,Attack
0.0,tcp,dns,0,0,S1,0,2,0,128,0,1,Attack
0.0,tcp,dns,0,0,S1,0,2,0,128,0,1,Attack
0.976308,tcp,unknown,85486,0,OTH,0,98,98,90778,5880,0,Normal
0.0,other,unknown,0,0,OTH,0,1,0,60,0,0,Normal
2.94702,tcp,http,84,0,S1,0,14,0,560,0,1,Attack
0.960729,tcp,unknown,112020,0,OTH,0,124,122,118716,7320,0,Normal
0.036023,other,unknown,0,0,OTH,0,2,0,120,0,0,Normal
1.911407,udp,dns,0,0,OTH,0,10,0,280,0,1,Attack
0.768285,other,unknown,0,0,OTH,0,2,0,120,0,0,Normal
2.912687,tcp,http,84,0,S1,0,14,0,560,0,1,Attack
2.928478,tcp,http,84,0,S1,0,14,0,560,0,1,Attack
1e-06,tcp,ssl,0,0,S1,0,2,0,120,0,1,Attack
0.962772,tcp,unknown,72264,0,OTH,0,90,90,77124,5400,0,Normal
0.045753,tcp,unknown,4,12,RSTR,0,2,2,88,80,1,Attack
1e-06,udp,unknown,496,0,OTH,0,2,0,580,0,0,Normal
0.980627,tcp,unknown,97890,0,OTH,0,116,116,104154,6960,0,Normal
0.984821,tcp,unknown,45452,0,OTH,0,78,78,49664,4680,0,Normal
0.958905,tcp,unknown,61550,0,OTH,0,92,92,66518,5520,0,Normal
1e-06,udp,unknown,496,0,OTH,0,2,0,580,0,0,Normal
0.0,tcp,ssl,0,0,S1,0,2,0,120,0,1,Attack
2.922358,tcp,http,84,0,S1,0,14,0,560,0,1,Attack
1.91197,udp,dns,0,0,OTH,0,10,0,280,0,1,Attack
0.949327,tcp,unknown,106256,0,OTH,0,120,120,112736,7200,0,Normal
0.031902,other,unknown,0,0,OTH,0,2,0,120,0,0,Normal
0.0,other,unknown,0,0,OTH,0,1,0,60,0,0,Normal
0.975037,tcp,unknown,109458,0,OTH,0,120,110,115938,6600,0,Normal
1e-06,udp,unknown,496,0,OTH,0,2,0,580,0,0,Normal
0.973907,tcp,unknown,113690,0,OTH,0,126,126,120494,7560,0,Normal
0.966903,tcp,unknown,77250,0,OTH,0,96,96,82434,5760,0,Normal
0.0,udp,unknown,496,0,OTH,0,2,0,580,0,0,Normal
2.933259,tcp,http,84,0,S1,0,14,0,560,0,1,Attack
2.914138,tcp,http,84,0,S1,0,14,0,560,0,1,Attack
1e-06,udp,unknown,496,0,OTH,0,2,0,580,0,0,Normal
2.906878,tcp,http,84,0,S1,0,14,0,560,0,1,Attack
0.0,tcp,dns,0,0,S1,0,2,0,128,0,1,Attack
3.423352,tcp,http,90,0,S1,0,15,0,600,0,1,Attack
0.0,tcp,dns,0,0,S1,0,2,0,128,0,1,Attack
0.0,other,unknown,0,0,OTH,0,1,0,60,0,0,Normal
2.923987,tcp,http,84,0,S1,0,14,0,560,0,1,Attack
0.0,tcp,dns,0,0,S1,0,2,0,128,0,1,Attack
0.0,tcp,dns,0,0,S1,0,2,0,128,0,1,Attack
2.947005,tcp,http,84,0,S1,0,14,0,560,0,1,Attack
0.005328,tcp,unknown,1762,930,SF,0,16,12,2610,1570,1,Attack
0.0,tcp,ssl,0,0,S1,0,2,0,120,0,1,Attack
0.0,tcp,ssl,0,0,S1,0,2,0,120,0,1,Attack
0.0,tcp,ssl,0,0,S1,0,2,0,120,0,1,Attack
0.0,udp,unknown,162,0,OTH,0,2,0,246,0,0,Normal
0.0,tcp,dns,0,0,S1,0,2,0,128,0,1,Attack
2.917164,tcp,http,84,0,S1,0,14,0,560,0,1,Attack
0.960468,tcp,unknown,38462,0,OTH,0,70,70,42242,4200,0,Normal
2.922374,tcp,http,84,0,S1,0,14,0,560,0,1,Attack
3.426275,tcp,http,96,0,S1,0,16,0,640,0,1,Attack
0.955272,tcp,unknown,106660,0,OTH,0,124,124,113356,7440,0,Normal
2.920867,tcp,http,84,0,S1,0,14,0,560,0,1,Attack
1e-06,udp,unknown,496,0,OTH,0,2,0,580,0,0,Normal
0.0,tcp,ssl,0,0,S1,0,2,0,120,0,1,Attack
0.558904,tcp,unknown,82788,1320,S1,0,86,64,87448,5128,0,Normal
2.941647,tcp,http,84,0,S1,0,14,0,560,0,1,Attack
0.974382,tcp,unknown,109930,0,OTH,0,124,124,116626,7440,0,Normal
0.0,tcp,dns,0,0,S1,0,2,0,128,0,1,Attack
1e-06,udp,unknown,496,0,OTH,0,2,0,580,0,0,Normal
0.0,other,unknown,0,0,OTH,0,1,0,60,0,0,Normal
0.0,other,unknown,0,0,OTH,0,1,0,60,0,0,Normal
0.954308,tcp,unknown,75360,0,OTH,0,100,100,80760,6000,0,Normal
1.932685,udp,dns,0,0,OTH,0,10,0,280,0,1,Attack
0.0,other,unknown,0,0,OTH,0,1,0,60,0,0,Normal
0.950853,tcp,unknown,78800,0,OTH,0,100,100,84200,6000,0,Normal
1.904762,udp,dns,0,0,OTH,0,10,0,280,0,1,Attack
1e-06,udp,unknown,496,0,OTH,0,2,0,580,0,0,Normal
0.95988,tcp,unknown,50040,0,OTH,0,70,70,53820,4200,0,Normal
1.912213,udp,dns,0,0,OTH,0,10,0,280,0,1,Attack
1e-06,tcp,dns,0,0,S1,0,2,0,128,0,1,Attack
0.0,udp,unknown,496,0,OTH,0,2,0,580,0,0,Normal
0.983762,tcp,unknown,104442,0,OTH,0,116,116,110706,6960,0,Normal
2.932287,tcp,http,84,0,S1,0,14,0,560,0,1,Attack
1e-06,tcp,ssl,0,0,S1,0,2,0,120,0,1,Attack
0.995154,tcp,unknown,104622,0,OTH,0,122,120,111210,7200,0,Normal
275.003587,tcp,dns,0,0,S1,0,10,0,640,0,1,Attack
0.0,tcp,dns,0,0,S1,0,2,0,128,0,1,Attack
0.0,tcp,ssl,0,0,S1,0,2,0,120,0,1,Attack
1.92551,udp,dns,0,0,OTH,0,10,0,280,0,1,Attack
0.579949,tcp,unknown,42434,0,RSTO,0,60,58,45686,3480,0,Normal
0.0,udp,unknown,496,0,OTH,0,2,0,580,0,0,Normal
0.0,tcp,dns,0,0,S1,0,2,0,128,0,1,Attack
0.0,tcp,dns,0,0,S1,0,2,0,128,0,1,Attack
2.939158,tcp,http,84,0,S1,0,14,0,560,0,1,Attack
0.474371,other,unknown,0,0,OTH,0,3,0,180,0,0,Normal
1e-06,udp,unknown,496,0,OTH,0,2,0,580,0,0,Normal
0.009056,tcp,unknown,4,12,RSTR,0,2,2,88,80,1,Attack
0.0,udp,dhcp,1480,0,OTH,0,2,0,1564,0,0,Normal
0.00012,udp,unknown,822,0,OTH,0,6,0,1074,0,0,Normal
1.92734,udp,dns,0,0,OTH,0,10,0,280,0,1,Attack
1e-06,tcp,dns,0,0,S1,0,2,0,128,0,1,Attack
0.0,tcp,dns,0,0,S1,0,2,0,128,0,1,Attack
1e-06,udp,unknown,496,0,OTH,0,2,0,580,0,0,Normal
0.0,tcp,ssl,0,0,S1,0,2,0,120,0,1,Attack
1e-06,tcp,ssl,0,0,S1,0,2,0,120,0,1,Attack
0.0,tcp,dns,0,0,S1,0,2,0,128,0,1,Attack
0.0,tcp,dns,0,0,S1,0,2,0,128,0,1,Attack
0.015231,tcp,unknown,4,12,RSTR,0,2,2,88,80,1,Attack
1e-06,udp,unknown,496,0,OTH,0,2,0,580,0,0,Normal
3.428534,tcp,http,96,0,S1,0,16,0,640,0,1,Attack
0.972692,tcp,unknown,80524,0,OTH,0,106,106,86248,6360,0,Normal
0.950172,tcp,unknown,101318,0,OTH,0,112,110,107366,6600,0,Normal
4.2e-05,tcp,ssl,0,0,S1,0,2,0,120,0,1,Attack
1e-06,tcp,unknown,0,0,S1,0,0,2,0,148,0,Normal
0.0,tcp,dns,0,0,S1,0,2,0,128,0,1,Attack
0.0,tcp,ssl,0,0,S1,0,2,0,120,0,1,Attack
1.891717,udp,dns,0,0,OTH,0,10,0,280,0,1,Attack
1e-06,udp,unknown,496,0,OTH,0,2,0,580,0,0,Normal
0.976675,tcp,unknown,90928,0,OTH,0,98,98,96220,5880,0,Normal
1e-06,tcp,ssl,0,0,S1,0,2,0,120,0,1,Attack
0.0,tcp,dns,0,0,S1,0,2,0,128,0,1,Attack
1e-06,udp,unknown,496,0,OTH,0,2,0,580,0,0,Normal
0.965093,tcp,unknown,94716,0,OTH,0,106,106,100440,6360,0,Normal
0.969619,tcp,unknown,78816,0,OTH,0,96,96,84000,5760,0,Normal
0.0,tcp,dns,0,0,S1,0,2,0,128,0,1,Attack
3.423736,tcp,http,96,0,S1,0,16,0,640,0,1,Attack
1.926517,udp,dns,0,0,OTH,0,10,0,280,0,1,Attack
0.930357,tcp,unknown,82694,0,OTH,0,90,90,87554,5400,0,Normal
0.974625,tcp,unknown,109718,0,OTH,0,124,124,116414,7440,0,Normal
0.947077,tcp,unknown,107798,0,OTH,0,114,110,113954,6600,0,Normal
1.889448,udp,dns,0,0,OTH,0,10,0,280,0,1,Attack
1e-06,udp,unknown,496,0,OTH,0,2,0,580,0,0,Normal
0.0,tcp,dns,0,0,S1,0,2,0,128,0,1,Attack
0.954555,tcp,unknown,75248,0,OTH,0,88,88,80000,5280,0,Normal
0.007614,other,unknown,0,0,OTH,0,2,0,120,0,0,Normal
0.0,tcp,ssl,0,0,S1,0,2,0,120,0,1,Attack
1.416847,udp,dns,0,0,OTH,0,8,0,224,0,1,Attack
0.983676,tcp,unknown,96812,0,OTH,0,110,110,102752,6600,0,Normal
1.900105,udp,dns,0,0,OTH,0,10,0,280,0,1,Attack
0.970143,tcp,unknown,67648,0,OTH,0,94,94,72724,5640,0,Normal
1e-06,udp,unknown,496,0,OTH,0,2,0,580,0,0,Normal
1e-06,udp,unknown,496,0,OTH,0,2,0,580,0,0,Normal
0.0,other,unknown,0,0,OTH,0,1,0,60,0,0,Normal
1.927458,udp,dns,0,0,OTH,0,10,0,280,0,1,Attack
2.916133,tcp,http,84,0,S1,0,14,0,560,0,1,Attack
0.022623,tcp,unknown,4,12,RSTR,0,2,2,88,80,1,Attack
1e-06,udp,unknown,496,0,OTH,0,2,0,580,0,0,Normal
0.264218,udp,unknown,658,0,OTH,0,4,0,826,0,0,Normal
1e-06,udp,unknown,496,0,OTH,0,2,0,580,0,0,Normal
1.934666,udp,dns,0,0,OTH,0,10,0,280,0,1,Attack
1e-06,tcp,ssl,0,0,S1,0,2,0,120,0,1,Attack
2.933718,tcp,http,84,0,S1,0,14,0,560,0,1,Attack
0.984103,tcp,unknown,76860,0,OTH,0,98,98,82152,5880,0,Normal
0.242743,udp,unknown,324,0,OTH,0,4,0,492,0,0,Normal
0.0,tcp,dns,0,0,S1,0,2,0,128,0,1,Attack
1e-06,tcp,dns,0,0,S1,0,2,0,128,0,1,Attack
0.951863,tcp,unknown,91288,0,OTH,0,104,104,96904,6240,0,Normal
0.969118,tcp,unknown,75128,0,OTH,0,94,94,80204,5640,0,Normal
0.461154,tcp,unknown,68828,0,RSTO,0,70,68,72620,4080,0,Normal
1.912498,udp,dns,0,0,OTH,0,10,0,280,0,1,Attack
0.807914,tcp,unknown,41476,0,RSTO,0,54,56,44392,3360,0,Normal
3.423964,tcp,http,96,0,S1,0,16,0,640,0,1,Attack
0.0,tcp,ssl,0,0,S1,0,2,0,120,0,1,Attack
0.966685,tcp,unknown,81956,0,OTH,0,102,102,87464,6120,0,Normal
0.001003,udp,unknown,992,0,OTH,0,4,0,1160,0,0,Normal
0.0,other,unknown,0,0,OTH,0,1,0,60,0,0,Normal
2.9447,tcp,http,84,0,S1,0,14,0,560,0,1,Attack
0.592964,other,unknown,0,0,OTH,0,3,0,182,0,0,Normal
0.0,tcp,ssl,0,0,S1,0,2,0,120,0,1,Attack
0.021537,other,unknown,0,0,OTH,0,2,0,122,0,0,Normal
1.890765,udp,dns,0,0,OTH,0,10,0,280,0,1,Attack
0.987296,tcp,unknown,104840,0,OTH,0,120,120,111320,7200,0,Normal
0.0,tcp,ssl,0,0,S1,0,2,0,120,0,1,Attack
2.92857,tcp,http,84,0,S1,0,14,0,560,0,1,Attack
0.996308,tcp,unknown,75648,0,OTH,0,96,96,80832,5760,0,Normal
0.960545,tcp,unknown,71938,0,OTH,0,96,96,77122,5760,0,Normal
0.0,other,unknown,0,0,OTH,0,1,0,60,0,0,Normal
1e-06,tcp,dns,0,0,S1,0,2,0,128,0,1,Attack
0.978552,tcp,unknown,97658,0,OTH,0,110,110,103598,6600,0,Normal
2.947592,tcp,http,84,0,S1,0,14,0,560,0,1,Attack
0.990158,tcp,unknown,72080,0,OTH,0,92,92,77048,5520,0,Normal
1.928494,udp,dns,0,0,OTH,0,10,0,280,0,1,Attack
0.948534,tcp,unknown,83512,0,OTH,0,96,96,88696,5760,0,Normal
1e-06,tcp,ssl,0,0,S1,0,2,0,120,0,1,Attack
1.910728,udp,dns,0,0,OTH,0,10,0,280,0,1,Attack
1.922836,udp,dns,0,0,OTH,0,10,0,280,0,1,Attack
0.0,udp,unknown,496,0,OTH,0,2,0,580,0,0,Normal
0.0,tcp,ssl,0,0,S1,0,2,0,120,0,1,Attack
0.0,tcp,ssl,0,0,S1,0,2,0,120,0,1,Attack
0.0,udp,unknown,86,0,OTH,0,2,0,170,0,0,Normal
0.98134,tcp,unknown,62092,0,OTH,0,84,84,66628,5040,0,Normal
0.0,other,unknown,0,0,OTH,0,1,0,60,0,0,Normal
3.423501,tcp,http,96,0,S1,0,16,0,640,0,1,Attack
0.989829,tcp,unknown,106936,0,OTH,0,118,118,113308,7080,0,Normal
1.925916,udp,dns,0,0,OTH,0,10,0,280,0,1,Attack
0.97053,tcp,unknown,112604,0,OTH,0,120,120,119084,7200,0,Normal
2.915007,tcp,http,84,0,S1,0,14,0,560,0,1,Attack
2.922291,tcp,http,84,0,S1,0,14,0,560,0,1,Attack
0.018774,tcp,http,0,12,RSTR,0,2,2,120,80,1,Attack
0.957686,tcp,unknown,74708,0,OTH,0,96,90,79892,5400,0,Normal
0.980036,tcp,unknown,102478,0,OTH,0,126,126,109282,7560,0,Normal
0.965725,tcp,unknown,32548,0,OTH,0,72,72,36436,4320,0,Normal
0.965403,tcp,unknown,59930,230,OTH,0,82,84,64358,5258,0,Normal
0.96446,tcp,unknown,110454,0,OTH,0,126,124,117258,7440,0,Normal
0.318705,tcp,unknown,54328,0,RSTO,0,56,52,57364,3120,0,Normal
1e-06,udp,unknown,496,0,OTH,0,2,0,580,0,0,Normal
0.980905,tcp,unknown,59818,0,OTH,0,72,72,63706,4320,0,Normal
0.981352,tcp,unknown,88964,0,OTH,0,100,98,94364,5880,0,Normal
0.0,tcp,dns,0,0,S1,0,2,0,128,0,1,Attack
0.966072,tcp,unknown,70634,0,OTH,0,90,90,75494,5400,0,Normal
2.948279,tcp,http,84,0,S1,0,14,0,560,0,1,Attack
1.925762,udp,dns,0,0,OTH,0,9,0,252,0,1,Attack
0.0,tcp,dns,0,0,S1,0,2,0,128,0,1,Attack
0.053093,tcp,unknown,4,12,RSTR,0,2,2,88,80,1,Attack
3.424471,tcp,http,96,0,S1,0,16,0,640,0,1,Attack
0.963569,tcp,unknown,106512,0,OTH,0,120,120,112992,7200,0,Normal
0.0,tcp,ssl,0,0,S1,0,2,0,120,0,1,Attack
0.0,tcp,dns,0,0,S1,0,2,0,128,0,1,Attack
0.0,tcp,dns,0,0,S1,0,2,0,128,0,1,Attack
0.0,tcp,ssl,0,0,S1,0,2,0,120,0,1,Attack
0.971569,tcp,unknown,56316,0,OTH,0,76,76,60420,4560,0,Normal
0.468199,udp,unknown,486,0,OTH,0,6,0,738,0,0,Normal
0.970091,tcp,unknown,107162,0,OTH,0,120,120,113642,7200,0,Normal
1e-06,tcp,dns,0,0,S1,0,2,0,128,0,1,Attack
2.947033,tcp,http,84,0,S1,0,14,0,560,0,1,Attack
3.423574,tcp,http,90,0,S1,0,15,0,600,0,1,Attack
0.945552,tcp,unknown,112048,0,OTH,0,130,130,119068,7800,0,Normal
1e-06,udp,unknown,86,0,OTH,0,2,0,170,0,0,Normal
1.891592,udp,dns,0,0,OTH,0,10,0,280,0,1,Attack
0.0,tcp,ssl,0,0,S1,0,2,0,120,0,1,Attack
0.0,tcp,dns,0,0,S1,0,2,0,128,0,1,Attack
0.0,tcp,ssl,0,0,S1,0,2,0,120,0,1,Attack
0.0,udp,unknown,162,0,OTH,0,2,0,246,0,0,Normal
1.914495,udp,dns,0,0,OTH,0,10,0,280,0,1,Attack
1e-06,tcp,ssl,0,0,S1,0,2,0,120,0,1,Attack
2.92653,tcp,http,84,0,S1,0,14,0,560,0,1,Attack
0.0,tcp,ssl,0,0,S1,0,2,0,120,0,1,Attack
1e-06,udp,dhcp,1480,0,OTH,0,2,0,1564,0,0,Normal
0.49508,udp,unknown,820,0,OTH,0,6,0,1072,0,0,Normal
0.0,udp,unknown,496,0,OTH,0,2,0,580,0,0,Normal
1e-06,udp,dhcp,1480,0,OTH,0,2,0,1564,0,0,Normal
1e-06,tcp,dns,0,0,S1,0,2,0,128,0,1,Attack
0.0,tcp,dns,0,0,S1,0,2,0,128,0,1,Attack
0.970459,tcp,unknown,22448,230,OTH,0,78,80,26660,5018,0,Normal
0.0,tcp,dns,0,0,S1,0,2,0,128,0,1,Attack
0.985515,tcp,unknown,111486,0,OTH,0,120,118,117966,7080,0,Normal
0.95759,tcp,unknown,103122,0,OTH,0,112,112,109170,6720,0,Normal
3.429432,tcp,http,96,0,S1,0,16,0,640,0,1,Attack
0.247434,udp,unknown,658,0,OTH,0,4,0,826,0,0,Normal
0.0,other,unknown,0,0,OTH,0,1,0,60,0,0,Normal
0.965709,tcp,unknown,97940,0,OTH,0,114,114,104096,6840,0,Normal
26.018073,tcp,dns,0,0,S1,0,4,0,256,0,1,Attack
1e-06,udp,dhcp,1480,0,OTH,0,2,0,1564,0,0,Normal
0.0,tcp,dns,0,0,S1,0,2,0,128,0,1,Attack
0.0,udp,unknown,162,0,OTH,0,2,0,246,0,0,Normal
0.0,udp,unknown,496,0,OTH,0,2,0,580,0,0,Normal
0.663053,other,unknown,0,0,OTH,0,2,0,120,0,0,Normal
0.004167,tcp,unknown,1132,1062,SF,0,14,12,1876,1702,1,Attack
0.248347,udp,unknown,658,0,OTH,0,4,0,826,0,0,Normal
1e-06,udp,unknown,496,0,OTH,0,2,0,580,0,0,Normal
0.983738,tcp,unknown,67070,0,OTH,0,82,80,71498,4800,0,Normal
0.953704,tcp,unknown,108148,0,OTH,0,118,114,114520,6840,0,Normal
0.76408,udp,unknown,1068,0,OTH,0,10,0,1488,0,0,Normal
0.0,tcp,dns,0,0,S1,0,2,0,128,0,1,Attack
0.962369,tcp,unknown,108586,0,OTH,0,120,120,115066,7200,0,Normal
0.0,tcp,ssl,0,0,S1,0,2,0,120,0,1,Attack
2.944572,tcp,http,84,0,S1,0,14,0,560,0,1,Attack
203.106821,tcp,dns,0,0,S1,0,4,0,256,0,1,Attack
0.0,tcp,ssl,0,0,S1,0,2,0,120,0,1,Attack
0.937886,tcp,unknown,27396,0,OTH,0,68,68,31068,4080,0,Normal
1.890472,udp,dns,0,0,OTH,0,10,0,280,0,1,Attack
0.0,tcp,dns,0,0,S1,0,2,0,128,0,1,Attack
0.0,tcp,ssl,0,0,S1,0,2,0,120,0,1,Attack
0.0,tcp,dns,0,0,S1,0,2,0,128,0,1,Attack
1e-06,udp,unknown,496,0,OTH,0,2,0,580,0,0,Normal
0.964525,tcp,unknown,91990,0,OTH,0,100,98,97390,5880,0,Normal
0.932036,tcp,unknown,109828,0,OTH,0,122,122,116416,7320,0,Normal
1e-06,udp,unknown,86,0,OTH,0,2,0,170,0,0,Normal
0.979177,tcp,unknown,78912,0,OTH,0,98,98,84204,5880,0,Normal
0.0,tcp,ssl,0,0,S1,0,2,0,120,0,1,Attack
0.0,tcp,dns,0,0,S1,0,2,0,128,0,1,Attack
2.908327,tcp,http,84,0,S1,0,14,0,560,0,1,Attack
0.246925,other,unknown,0,0,OTH,0,2,0,122,0,0,Normal
0.0,other,unknown,0,0,OTH,0,1,0,60,0,0,Normal
3.4e-05,tcp,ssl,0,0,S1,0,2,0,120,0,1,Attack
3.428378,tcp,http,96,0,S1,0,16,0,640,0,1,Attack
0.016974,tcp,unknown,4,12,RSTR,0,2,2,88,80,1,Attack
1e-06,tcp,dns,0,0,S1,0,2,0,128,0,1,Attack
1.900306,udp,dns,0,0,OTH,0,10,0,280,0,1,Attack
2.945286,tcp,http,84,0,S1,0,14,0,560,0,1,Attack
16.008109,tcp,dns,0,0,S1,0,4,0,256,0,1,Attack
184.969537,tcp,dns,0,0,S1,0,4,0,256,0,1,Attack
1.906297,udp,dns,0,0,OTH,0,10,0,280,0,1,Attack
0.983303,tcp,unknown,80286,0,OTH,0,98,98,85578,5880,0,Normal
0.0,udp,unknown,496,0,OTH,0,2,0,580,0,0,Normal
0.976922,tcp,unknown,71140,0,OTH,0,88,88,75892,5280,0,Normal
0.990547,tcp,unknown,115730,0,OTH,0,120,116,122210,6960,0,Normal
1.906475,udp,dns,0,0,OTH,0,10,0,280,0,1,Attack
2.934673,tcp,http,84,0,S1,0,14,0,560,0,1,Attack
1.936036,udp,dns,0,0,OTH,0,10,0,280,0,1,Attack
0.0,other,unknown,0,0,OTH,0,1,0,60,0,0,Normal
0.008183,tcp,unknown,246,6284,SF,0,14,12,990,6924,1,Attack
2.921074,tcp,http,84,0,S1,0,14,0,560,0,1,Attack
0.992108,tcp,unknown,101460,0,OTH,0,118,118,107832,7080,0,Normal
1.923751,udp,dns,0,0,OTH,0,9,0,252,0,1,Attack
0.0,other,unknown,0,0,OTH,0,1,0,60,0,0,Normal
1e-06,udp,unknown,496,0,OTH,0,2,0,580,0,0,Normal
1.889135,udp,dns,0,0,OTH,0,10,0,280,0,1,Attack
1.933412,udp,dns,0,0,OTH,0,10,0,280,0,1,Attack
1e-06,tcp,dns,0,0,S1,0,2,0,128,0,1,Attack
2.933559,tcp,http,84,0,S1,0,14,0,560,0,1,Attack
2.938336,tcp,http,84,0,S1,0,14,0,560,0,1,Attack
0.968329,tcp,unknown,54186,0,OTH,0,74,74,58182,4440,0,Normal
0.969092,tcp,unknown,85376,0,OTH,0,100,100,90776,6000,0,Normal
0.752064,udp,unknown,982,0,OTH,0,8,0,1318,0,0,Normal
1.913641,udp,dns,0,0,OTH,0,10,0,280,0,1,Attack
0.0,tcp,ssl,0,0,S1,0,2,0,120,0,1,Attack
2.945532,tcp,http,84,0,S1,0,14,0,560,0,1,Attack
2.938465,tcp,http,84,0,S1,0,14,0,560,0,1,Attack
0.0,udp,unknown,496,0,OTH,0,2,0,580,0,0,Normal
1.898261,udp,dns,0,0,OTH,0,10,0,280,0,1,Attack
0.0,udp,unknown,496,0,OTH,0,2,0,580,0,0,Normal
0.741892,udp,unknown,1032,0,OTH,0,10,0,1452,0,0,Normal
0.250405,udp,unknown,324,0,OTH,0,4,0,492,0,0,Normal
0.0,other,unknown,0,0,OTH,0,1,0,60,0,0,Normal
0.012462,tcp,unknown,4,12,RSTR,0,2,2,88,80,1,Attack
0.0,tcp,dns,0,0,S1,0,2,0,128,0,1,Attack
0.035077,tcp,http,0,12,RSTR,0,2,2,120,80,1,Attack
0.94207,tcp,unknown,59974,0,OTH,0,78,74,64186,4440,0,Normal
0.975928,tcp,unknown,76830,0,OTH,0,100,100,82230,6000,0,Normal
1e-06,udp,unknown,496,0,OTH,0,2,0,580,0,0,Normal
0.249799,udp,unknown,324,0,OTH,0,4,0,492,0,0,Normal
0.0,tcp,ssl,0,0,S1,0,2,0,120,0,1,Attack
3.428305,tcp,http,96,0,S1,0,16,0,640,0,1,Attack
0.0,other,unknown,0,0,OTH,0,1,0,60,0,0,Normal
0.971876,tcp,unknown,75022,0,OTH,0,90,90,79882,5400,0,Normal
1e-06,udp,unknown,496,0,OTH,0,2,0,580,0,0,Normal
1.913542,udp,dns,0,0,OTH,0,10,0,280,0,1,Attack
0.0,tcp,ssl,0,0,S1,0,2,0,120,0,1,Attack
0.968134,tcp,unknown,74232,0,OTH,0,94,94,79308,5640,0,Normal
0.251272,udp,unknown,658,0,OTH,0,4,0,826,0,0,Normal
1.898252,udp,dns,0,0,OTH,0,10,0,280,0,1,Attack
3.424595,tcp,http,96,0,S1,0,16,0,640,0,1,Attack
0.900919,tcp,unknown,271232,1320,S1,0,224,132,283344,9208,0,Normal
0.0,tcp,ssl,0,0,S1,0,2,0,120,0,1,Attack
0.966132,tcp,unknown,112790,0,OTH,0,124,124,119486,7440,0,Normal
0.0,udp,unknown,274,0,OTH,0,2,0,358,0,0,Normal
0.965565,tcp,unknown,54764,0,OTH,0,74,74,58760,4440,0,Normal
1.915001,udp,dns,0,0,OTH,0,10,0,280,0,1,Attack
0.944768,tcp,unknown,109098,0,OTH,0,120,120,115578,7200,0,Normal
0.950872,tcp,unknown,62282,0,OTH,0,84,84,66818,5040,0,Normal
0.0,tcp,dns,0,0,S1,0,2,0,128,0,1,Attack
1.892343,udp,dns,0,0,OTH,0,10,0,280,0,1,Attack
44.038412,tcp,dns,0,0,S1,0,4,0,256,0,1,Attack
0.379547,other,unknown,0,0,OTH,0,2,0,120,0,0,Normal
0.925948,tcp,unknown,63336,0,OTH,0,82,82,67764,4920,0,Normal
0.0,other,unknown,0,0,OTH,0,1,0,60,0,0,Normal
2.907092,tcp,http,84,0,S1,0,14,0,560,0,1,Attack
0.0,udp,dhcp,1480,0,OTH,0,2,0,1564,0,0,Normal
0.0,tcp,ssl,0,0,S1,0,2,0,120,0,1,Attack
0.0,other,unknown,0,0,OTH,0,1,0,60,0,0,Normal
0.0,tcp,dns,0,0,S1,0,2,0,128,0,1,Attack
0.98393,tcp,unknown,106300,0,OTH,0,114,112,112456,6720,0,Normal
0.942493,tcp,unknown,69464,0,OTH,0,86,86,74108,5160,0,Normal
1e-06,tcp,ssl,0,0,S1,0,2,0,120,0,1,Attack
1e-06,tcp,dns,0,0,S1,0,2,0,128,0,1,Attack
0.970019,tcp,unknown,73758,0,OTH,0,94,94,78834,5640,0,Normal
1.892159,udp,dns,0,0,OTH,0,10,0,280,0,1,Attack
2.927348,tcp,http,84,0,S1,0,14,0,560,0,1,Attack
1.912727,udp,dns,0,0,OTH,0,10,0,280,0,1,Attack
0.666406,tcp,unknown,95194,1316,S1,0,96,74,100406,5724,0,Normal
0.25068,udp,unknown,324,0,OTH,0,4,0,492,0,0,Normal
0.320767,other,unknown,0,0,OTH,0,2,0,120,0,0,Normal
2.938952,tcp,http,84,0,S1,0,14,0,560,0,1,Attack
1e-06,tcp,dns,0,0,S1,0,2,0,128,0,1,Attack
0.967197,tcp,unknown,133976,0,OTH,0,136,130,141320,7800,0,Normal
2.914695,tcp,http,84,0,S1,0,14,0,560,0,1,Attack
0.252626,udp,unknown,324,0,OTH,0,4,0,492,0,0,Normal
0.032727,tcp,unknown,4,12,RSTR,0,2,2,88,80,1,Attack
1e-06,udp,unknown,496,0,OTH,0,2,0,580,0,0,Normal
0.775911,udp,unknown,982,0,OTH,0,8,0,1318,0,0,Normal
0.0,tcp,dns,0,0,S1,0,2,0,128,0,1,Attack
1.936893,udp,dns,0,0,OTH,0,10,0,280,0,1,Attack
0.964696,tcp,unknown,69524,0,OTH,0,90,90,74384,5400,0,Normal
1e-06,tcp,ssl,0,0,S1,0,2,0,120,0,1,Attack
0.955356,tcp,unknown,77150,0,OTH,0,98,98,82442,5880,0,Normal
0.0,tcp,ssl,0,0,S1,0,2,0,120,0,1,Attack
1.90163,udp,dns,0,0,OTH,0,10,0,280,0,1,Attack
0.992443,tcp,unknown,106550,0,OTH,0,118,118,112922,7080,0,Normal
1.418312,udp,dns,0,0,OTH,0,8,0,224,0,1,Attack
1e-06,udp,dhcp,1480,0,OTH,0,2,0,1564,0,0,Normal
0.965558,tcp,unknown,87960,228,OTH,0,100,102,93360,6336,0,Normal
0.0,tcp,dns,0,0,S1,0,2,0,128,0,1,Attack
8.6e-05,tcp,dns,0,0,S1,0,2,0,128,0,1,Attack
11.584711,tcp,http,0,24,RSTR,0,4,4,240,160,1,Attack
0.0,tcp,ssl,0,0,S1,0,2,0,120,0,1,Attack
1.417917,udp,dns,0,0,OTH,0,8,0,224,0,1,Attack
1.928169,udp,dns,0,0,OTH,0,10,0,280,0,1,Attack
0.0,tcp,ssl,0,0,S1,0,2,0,120,0,1,Attack
0.0,tcp,dns,0,0,S1,0,2,0,128,0,1,Attack
0.0,other,unknown,0,0,OTH,0,1,0,60,0,0,Normal
3.426956,tcp,http,96,0,S1,0,16,0,640,0,1,Attack
0.0,tcp,ssl,0,0,S1,0,2,0,120,0,1,Attack
1e-06,tcp,dns,0,0,S1,0,2,0,128,0,1,Attack
2.936142,tcp,http,84,0,S1,0,14,0,560,0,1,Attack
0.0,udp,dhcp,1480,0,OTH,0,2,0,1564,0,0,Normal
0.945682,tcp,unknown,114876,0,OTH,0,124,124,121572,7440,0,Normal
1.914773,udp,dns,0,0,OTH,0,10,0,280,0,1,Attack
1.914622,udp,dns,0,0,OTH,0,10,0,280,0,1,Attack
0.079754,udp,unknown,582,0,OTH,0,4,0,750,0,0,Normal
0.0,tcp,dns,0,0,S1,0,2,0,128,0,1,Attack
1e-06,udp,unknown,86,0,OTH,0,2,0,170,0,0,Normal
1.891054,udp,dns,0,0,OTH,0,10,0,280,0,1,Attack
1e-06,udp,unknown,274,0,OTH,0,2,0,358,0,0,Normal
0.954345,tcp,unknown,104536,0,OTH,0,118,108,110908,6480,0,Normal
0.0,tcp,dns,0,0,S1,0,2,0,128,0,1,Attack
2.932719,tcp,http,84,0,S1,0,14,0,560,0,1,Attack
0.0,tcp,dns,0,0,S1,0,2,0,128,0,1,Attack
0.985971,tcp,unknown,111034,0,OTH,0,130,126,118054,7560,0,Normal
0.990252,tcp,unknown,109710,0,OTH,0,118,118,116082,7080,0,Normal
0.954038,tcp,unknown,104150,0,OTH,0,114,114,110306,6840,0,Normal
0.179893,udp,unknown,1096,0,OTH,0,8,0,1432,0,0,Normal
1.901012,udp,dns,0,0,OTH,0,10,0,280,0,1,Attack
0.0,tcp,dns,0,0,S1,0,2,0,128,0,1,Attack
2.948107,tcp,http,84,0,S1,0,14,0,560,0,1,Attack
0.508494,udp,unknown,870,0,OTH,0,8,0,1206,0,0,Normal
3.423306,tcp,http,90,0,S1,0,15,0,600,0,1,Attack
0.954741,tcp,unknown,79376,0,OTH,0,106,106,85100,6360,0,Normal
2.934808,tcp,http,84,0,S1,0,14,0,560,0,1,Attack
168.547221,tcp,dns,0,0,S1,0,6,0,384,0,1,Attack
1.890326,udp,dns,0,0,OTH,0,10,0,280,0,1,Attack
0.231135,udp,unknown,324,0,OTH,0,4,0,492,0,0,Normal
1.418281,udp,dns,0,0,OTH,0,8,0,224,0,1,Attack
2.94591,tcp,http,84,0,S1,0,14,0,560,0,1,Attack
3.429529,tcp,http,96,0,S1,0,16,0,640,0,1,Attack
0.500192,udp,unknown,820,0,OTH,0,6,0,1072,0,0,Normal
1.913533,udp,dns,0,0,OTH,0,10,0,280,0,1,Attack
2.94704,tcp,http,84,0,S1,0,14,0,560,0,1,Attack
2.93308,tcp,http,84,0,S1,0,14,0,560,0,1,Attack
0.981977,tcp,unknown,74996,0,OTH,0,100,100,80396,6000,0,Normal
10.965087,tcp,dns,0,0,S1,0,4,0,256,0,1,Attack
0.25009,udp,unknown,658,0,OTH,0,4,0,826,0,0,Normal
0.750794,udp,unknown,982,0,OTH,0,8,0,1318,0,0,Normal
0.970324,tcp,unknown,61142,0,OTH,0,86,86,65786,5160,0,Normal
2.914316,tcp,http,84,0,S1,0,14,0,560,0,1,Attack
1.925072,udp,dns,0,0,OTH,0,10,0,280,0,1,Attack
0.515089,udp,unknown,486,0,OTH,0,6,0,738,0,0,Normal
0.001617,tcp,unknown,2920,0,RSTO,0,2,4,3028,240,0,Normal
0.0,other,unknown,0,0,OTH,0,1,0,60,0,0,Normal
1e-06,udp,unknown,496,0,OTH,0,2,0,580,0,0,Normal
0.983135,tcp,unknown,111948,0,OTH,0,124,122,118644,7320,0,Normal
3.4245,tcp,http,90,0,S1,0,15,0,600,0,1,Attack
2.945194,tcp,http,84,0,S1,0,14,0,560,0,1,Attack
1.890828,udp,dns,0,0,OTH,0,10,0,280,0,1,Attack
0.0,tcp,ssl,0,0,S1,0,2,0,120,0,1,Attack
0.975888,tcp,unknown,97328,0,OTH,0,110,108,103268,6480,0,Normal
2.939417,tcp,http,84,0,S1,0,14,0,560,0,1,Attack
0.004064,tcp,unknown,1762,930,SF,0,12,10,2402,1466,1,Attack
1e-06,udp,unknown,86,0,OTH,0,2,0,170,0,0,Normal
1.296951,udp,unknown,12434,0,OTH,0,46,0,13722,0,1,Attack
0.492273,udp,unknown,486,0,OTH,0,6,0,738,0,0,Normal
0.991026,tcp,unknown,105374,0,OTH,0,120,120,111854,7200,0,Normal
0.969179,tcp,unknown,76844,0,OTH,0,90,90,81704,5400,0,Normal
0.964489,tcp,unknown,69562,0,OTH,0,92,92,74530,5520,0,Normal
3.423589,tcp,http,96,0,S1,0,16,0,640,0,1,Attack
0.977866,tcp,unknown,55168,0,OTH,0,78,78,59380,4680,0,Normal
1.890448,udp,dns,0,0,OTH,0,10,0,280,0,1,Attack
0.0,tcp,ssl,0,0,S1,0,2,0,120,0,1,Attack
0.0,tcp,dns,0,0,S1,0,2,0,128,0,1,Attack
0.986465,tcp,unknown,81008,0,OTH,0,98,98,86300,5880,0,Normal
0.974002,tcp,unknown,79502,0,OTH,0,102,102,85010,6120,0,Normal
0.965139,tcp,unknown,83302,0,OTH,0,108,108,89134,6480,0,Normal
0.0,tcp,dns,0,0,S1,0,2,0,128,0,1,Attack
1.414733,udp,dns,0,0,OTH,0,8,0,224,0,1,Attack
2.906786,tcp,http,84,0,S1,0,14,0,560,0,1,Attack
1e-06,tcp,ssl,0,0,S1,0,2,0,120,0,1,Attack
0.987401,tcp,unknown,82028,0,OTH,0,102,102,87536,6120,0,Normal
0.00013,udp,unknown,822,0,OTH,0,6,0,1074,0,0,Normal
1e-06,tcp,dns,0,0,S1,0,2,0,128,0,1,Attack
0.966052,tcp,unknown,101326,0,OTH,0,118,118,107698,7080,0,Normal
0.0,tcp,ssl,0,0,S1,0,2,0,120,0,1,Attack
1.914553,udp,dns,0,0,OTH,0,10,0,280,0,1,Attack
0.976076,tcp,unknown,92328,0,OTH,0,100,100,97728,6000,0,Normal
0.997525,tcp,unknown,107408,0,OTH,0,116,116,113672,6960,0,Normal
0.947679,tcp,unknown,66862,0,OTH,0,84,84,71398,5040,0,Normal
0.98208,tcp,unknown,105504,0,OTH,0,120,120,111984,7200,0,Normal
0.968895,tcp,unknown,72414,0,OTH,0,100,100,77814,6000,0,Normal
0.0,tcp,ssl,0,0,S1,0,2,0,120,0,1,Attack
2.944681,tcp,http,84,0,S1,0,14,0,560,0,1,Attack
0.950423,tcp,unknown,47624,0,OTH,0,66,66,51188,3960,0,Normal
3.424519,tcp,http,96,0,S1,0,16,0,640,0,1,Attack
2.930941,tcp,http,84,0,S1,0,14,0,560,0,1,Attack
1.919753,udp,dns,0,0,OTH,0,10,0,280,0,1,Attack
3.427427,tcp,http,96,0,S1,0,16,0,640,0,1,Attack
0.120267,other,unknown,0,0,OTH,0,2,0,120,0,0,Normal
1e-06,udp,unknown,496,0,OTH,0,2,0,580,0,0,Normal
2.94702,tcp,http,84,0,S1,0,14,0,560,0,1,Attack
1e-06,udp,unknown,496,0,OTH,0,2,0,580,0,0,Normal
0.960802,tcp,unknown,74666,0,OTH,0,90,90,79526,5400,0,Normal
0.934274,tcp,unknown,80814,0,OTH,0,108,108,86646,6480,0,Normal
2.941472,tcp,http,84,0,S1,0,14,0,560,0,1,Attack
0.971522,tcp,unknown,78248,0,OTH,0,96,96,83432,5760,0,Normal
1e-06,tcp,dns,0,0,S1,0,2,0,128,0,1,Attack
1.921617,udp,dns,0,0,OTH,0,10,0,280,0,1,Attack
65.46097,tcp,dns,0,0,S1,0,4,0,256,0,1,Attack
1.9218,udp,dns,0,0,OTH,0,10,0,280,0,1,Attack
1.912202,udp,dns,0,0,OTH,0,10,0,280,0,1,Attack
0.992714,tcp,unknown,42160,0,OTH,0,74,74,46156,4440,0,Normal
0.0,tcp,dns,0,0,S1,0,2,0,128,0,1,Attack
1e-06,tcp,ssl,0,0,S1,0,2,0,120,0,1,Attack
0.962989,tcp,unknown,74902,0,OTH,0,96,96,80086,5760,0,Normal
0.969103,tcp,unknown,112206,0,OTH,0,120,120,118686,7200,0,Normal
0.0,other,unknown,0,0,OTH,0,1,0,60,0,0,Normal
1e-06,tcp,ssl,0,0,S1,0,2,0,120,0,1,Attack
1.928124,udp,dns,0,0,OTH,0,9,0,252,0,1,Attack
0.0,other,unknown,0,0,OTH,0,1,0,60,0,0,Normal
0.0,tcp,ssl,0,0,S1,0,2,0,120,0,1,Attack
0.64427,tcp,unknown,139304,1316,S1,0,124,84,146016,6324,0,Normal
2.938491,tcp,http,84,0,S1,0,14,0,560,0,1,Attack
1.924876,udp,dns,0,0,OTH,0,10,0,280,0,1,Attack
0.975639,tcp,unknown,112156,0,OTH,0,126,124,118960,7440,0,Normal
0.983233,tcp,unknown,73674,0,OTH,0,92,92,78642,5520,0,Normal
0.585282,other,unknown,0,0,OTH,0,2,0,120,0,0,Normal
2.938995,tcp,http,84,0,S1,0,14,0,560,0,1,Attack
0.0,tcp,ssl,0,0,S1,0,2,0,120,0,1,Attack
0.0,other,unknown,0,0,OTH,0,1,0,60,0,0,Normal
1e-06,udp,dhcp,1480,0,OTH,0,2,0,1564,0,0,Normal
0.983778,tcp,unknown,87218,0,OTH,0,110,110,93158,6600,0,Normal
0.968451,tcp,unknown,107612,230,OTH,0,114,114,113768,7058,0,Normal
0.0,tcp,dns,0,0,S1,0,2,0,128,0,1,Attack
0.844596,udp,unknown,1068,0,OTH,0,10,0,1488,0,0,Normal
0.500628,udp,unknown,486,0,OTH,0,6,0,738,0,0,Normal
0.979692,tcp,unknown,90754,0,OTH,0,106,104,96478,6240,0,Normal
0.026917,tcp,unknown,4,12,RSTR,0,2,2,88,80,1,Attack
0.960841,tcp,unknown,78936,0,OTH,0,94,94,84012,5640,0,Normal
0.0,tcp,ssl,0,0,S1,0,2,0,120,0,1,Attack
0.059785,other,unknown,0,0,OTH,0,2,0,120,0,0,Normal
0.529141,other,unknown,0,0,OTH,0,2,0,120,0,0,Normal
0.0,other,unknown,0,0,OTH,0,1,0,60,0,0,Normal
1e-06,tcp,dns,0,0,S1,0,2,0,128,0,1,Attack
0.513325,udp,unknown,486,0,OTH,0,6,0,738,0,0,Normal
0.980568,tcp,unknown,91662,0,OTH,0,106,106,97386,6360,0,Normal
0.0,tcp,ssl,0,0,S1,0,2,0,120,0,1,Attack
1.904599,udp,dns,0,0,OTH,0,10,0,280,0,1,Attack
0.0,tcp,ssl,0,0,S1,0,2,0,120,0,1,Attack
0.962916,tcp,unknown,46126,230,OTH,0,72,74,50014,4658,0,Normal
0.941178,tcp,unknown,81688,0,OTH,0,98,98,86980,5880,0,Normal
1.900977,udp,dns,0,0,OTH,0,10,0,280,0,1,Attack
1e-06,udp,unknown,496,0,OTH,0,2,0,580,0,0,Normal
0.0,tcp,dns,0,0,S1,0,2,0,128,0,1,Attack
2.936935,tcp,http,84,0,S1,0,14,0,560,0,1,Attack
0.305211,tcp,unknown,200190,1316,S1,0,152,62,208414,5004,0,Normal
2.926443,tcp,http,84,0,S1,0,14,0,560,0,1,Attack
0.0,udp,dhcp,1480,0,OTH,0,2,0,1564,0,0,Normal
0.948582,tcp,unknown,95732,0,OTH,0,110,110,101672,6600,0,Normal
2.944022,tcp,http,84,0,S1,0,14,0,560,0,1,Attack
3.42359,tcp,http,90,0,S1,0,15,0,600,0,1,Attack
0.113203,tcp,unknown,8274,0,RSTO,0,14,12,9042,720,0,Normal
1e-06,tcp,ssl,0,0,S1,0,2,0,120,0,1,Attack
0.970086,tcp,unknown,75606,0,OTH,0,94,94,80682,5640,0,Normal
2.92359,tcp,http,84,0,S1,0,14,0,560,0,1,Attack
0.958399,tcp,unknown,105324,0,OTH,0,118,118,111696,7080,0,Normal
0.0,tcp,dns,0,0,S1,0,2,0,128,0,1,Attack
0.962309,tcp,unknown,87992,0,OTH,0,104,104,93608,6240,0,Normal
0.956763,tcp,unknown,81958,0,OTH,0,106,106,87682,6360,0,Normal
2.935438,tcp,http,84,0,S1,0,14,0,560,0,1,Attack
0.0,udp,unknown,496,0,OTH,0,2,0,580,0,0,Normal
0.962007,tcp,unknown,72760,0,OTH,0,98,98,78052,5880,0,Normal
3.423978,tcp,http,96,0,S1,0,16,0,640,0,1,Attack
0.72631,other,unknown,0,0,OTH,0,2,0,122,0,0,Normal
1.914036,udp,dns,0,0,OTH,0,10,0,280,0,1,Attack
0.0,tcp,dns,0,0,S1,0,2,0,128,0,1,Attack
34.999602,tcp,dns,0,0,S1,0,4,0,256,0,1,Attack
0.9835,tcp,unknown,75164,0,OTH,0,96,96,80348,5760,0,Normal
1e-06,udp,unknown,496,0,OTH,0,2,0,580,0,0,Normal
165.050508,tcp,dns,0,0,S1,0,4,0,256,0,1,Attack
1.915731,udp,dns,0,0,OTH,0,10,0,280,0,1,Attack
1e-06,udp,unknown,496,0,OTH,0,2,0,580,0,0,Normal
1e-06,udp,unknown,274,0,OTH,0,2,0,358,0,0,Normal
2.917124,tcp,http,84,0,S1,0,14,0,560,0,1,Attack
258.910627,tcp,dns,0,0,S1,0,4,0,256,0,1,Attack
0.965928,tcp,unknown,111502,0,OTH,0,126,124,118306,7440,0,Normal
2.933164,tcp,http,84,0,S1,0,14,0,560,0,1,Attack
0.0,udp,unknown,496,0,OTH,0,2,0,580,0,0,Normal
0.660695,tcp,unknown,178598,1320,S1,0,156,148,187038,10168,0,Normal
0.949495,tcp,unknown,61710,0,OTH,0,76,76,65814,4560,0,Normal
1.903726,udp,dns,0,0,OTH,0,10,0,280,0,1,Attack
1e-06,udp,unknown,274,0,OTH,0,2,0,358,0,0,Normal
0.0,tcp,dns,0,0,S1,0,2,0,128,0,1,Attack
0.968889,tcp,unknown,62260,0,OTH,0,76,76,66364,4560,0,Normal
2.935822,tcp,http,84,0,S1,0,14,0,560,0,1,Attack
0.02549,tcp,unknown,4,12,RSTR,0,2,2,88,80,1,Attack
1e-06,udp,unknown,496,0,OTH,0,2,0,580,0,0,Normal
137.07183,tcp,dns,0,0,S1,0,6,0,384,0,1,Attack
2.944561,tcp,http,84,0,S1,0,14,0,560,0,1,Attack
0.9498,tcp,unknown,53296,0,OTH,0,72,72,57184,4320,0,Normal
136.345674,tcp,dns,0,0,S1,0,6,0,384,0,1,Attack
0.0,other,unknown,0,0,OTH,0,1,0,60,0,0,Normal
0.958895,tcp,unknown,46326,0,OTH,0,74,74,50322,4440,0,Normal
0.979076,tcp,unknown,50516,0,OTH,0,72,72,54404,4320,0,Normal
1.912062,udp,dns,0,0,OTH,0,10,0,280,0,1,Attack
0.0,tcp,ssl,0,0,S1,0,2,0,120,0,1,Attack
1e-06,udp,unknown,496,0,OTH,0,2,0,580,0,0,Normal
0.0,tcp,ssl,0,0,S1,0,2,0,120,0,1,Attack
0.0,tcp,dns,0,0,S1,0,2,0,128,0,1,Attack
0.0,udp,dhcp,1480,0,OTH,0,2,0,1564,0,0,Normal
0.974196,tcp,unknown,62804,0,OTH,0,78,78,67016,4680,0,Normal
1.901173,udp,dns,0,0,OTH,0,10,0,280,0,1,Attack
1.7e-05,tcp,ssl,0,0,S1,0,2,0,120,0,1,Attack
1e-06,udp,unknown,496,0,OTH,0,2,0,580,0,0,Normal
0.967335,tcp,unknown,73770,0,OTH,0,96,96,78954,5760,0,Normal
0.752612,udp,unknown,982,0,OTH,0,8,0,1318,0,0,Normal
1.912337,udp,dns,0,0,OTH,0,10,0,280,0,1,Attack
1.909384,udp,dns,0,0,OTH,0,10,0,280,0,1,Attack
0.749544,udp,unknown,1032,0,OTH,0,10,0,1452,0,0,Normal
1.927156,udp,dns,0,0,OTH,0,10,0,280,0,1,Attack
1.897481,udp,dns,0,0,OTH,0,10,0,280,0,1,Attack
2.930418,tcp,http,84,0,S1,0,14,0,560,0,1,Attack
0.501421,udp,unknown,486,0,OTH,0,6,0,738,0,0,Normal
2.926989,tcp,http,84,0,S1,0,14,0,560,0,1,Attack
0.941104,tcp,unknown,71830,0,OTH,0,96,96,77014,5760,0,Normal
0.968966,tcp,unknown,72366,0,OTH,0,92,92,77334,5520,0,Normal
1.890373,udp,dns,0,0,OTH,0,10,0,280,0,1,Attack
0.939902,tcp,unknown,61840,0,OTH,0,84,84,66376,5040,0,Normal
0.0,other,unknown,0,0,OTH,0,1,0,60,0,0,Normal
0.749764,udp,unknown,1068,0,OTH,0,10,0,1488,0,0,Normal
1.889162,udp,dns,0,0,OTH,0,10,0,280,0,1,Attack
1e-06,tcp,ssl,0,0,S1,0,2,0,120,0,1,Attack
0.969719,tcp,unknown,108668,0,OTH,0,118,118,115040,7080,0,Normal
0.003736,tcp,http,0,12,RSTR,0,2,2,120,80,1,Attack
0.926034,tcp,unknown,42078,0,OTH,0,64,64,45534,3840,0,Normal
0.499431,udp,unknown,486,0,OTH,0,6,0,738,0,0,Normal
0.537867,udp,unknown,486,0,OTH,0,6,0,738,0,0,Normal
1.922444,udp,dns,0,0,OTH,0,10,0,280,0,1,Attack
0.970576,tcp,unknown,106636,0,OTH,0,116,116,112900,6960,0,Normal
1.897201,udp,dns,0,0,OTH,0,10,0,280,0,1,Attack
0.956243,tcp,unknown,116198,0,OTH,0,116,114,122462,6840,0,Normal
0.843785,tcp,unknown,241152,1320,S1,0,210,150,252520,10288,0,Normal
1e-06,tcp,ssl,0,0,S1,0,2,0,120,0,1,Attack
0.0,tcp,dns,0,0,S1,0,2,0,128,0,1,Attack
0.0,other,unknown,0,0,OTH,0,1,0,60,0,0,Normal
0.968363,tcp,unknown,72746,0,OTH,0,94,92,77822,5520,0,Normal
0.993922,tcp,unknown,65818,0,OTH,0,94,94,70894,5640,0,Normal
2.91189,tcp,http,84,0,S1,0,14,0,560,0,1,Attack
0.962555,tcp,unknown,75388,0,OTH,0,104,104,81004,6240,0,Normal
1e-06,udp,unknown,496,0,OTH,0,2,0,580,0,0,Normal
1.417049,udp,dns,0,0,OTH,0,8,0,224,0,1,Attack
1e-06,udp,dhcp,1480,0,OTH,0,2,0,1564,0,0,Normal
1e-06,udp,unknown,496,0,OTH,0,2,0,580,0,0,Normal
0.960708,tcp,unknown,60154,0,OTH,0,80,80,64474,4800,0,Normal
1e-06,udp,unknown,86,0,OTH,0,2,0,170,0,0,Normal
3.423605,tcp,http,96,0,S1,0,16,0,640,0,1,Attack
1e-06,udp,unknown,162,0,OTH,0,2,0,246,0,0,Normal
0.323194,other,unknown,0,0,OTH,0,2,0,120,0,0,Normal
2.916052,tcp,http,84,0,S1,0,14,0,560,0,1,Attack
0.951149,tcp,unknown,98326,0,OTH,0,106,104,104050,6240,0,Normal
0.254977,udp,unknown,708,0,OTH,0,6,0,960,0,0,Normal
0.96443,tcp,unknown,55580,0,OTH,0,76,76,59684,4560,0,Normal
0.975292,tcp,unknown,48464,0,OTH,0,72,72,52352,4320,0,Normal
0.0,tcp,ssl,0,0,S1,0,2,0,120,0,1,Attack
0.726579,other,unknown,0,0,OTH,0,2,0,120,0,0,Normal
1e-06,udp,unknown,274,0,OTH,0,2,0,358,0,0,Normal
0.005954,tcp,http,0,12,RSTR,0,2,2,120,80,1,Attack
0.970422,tcp,unknown,103860,0,OTH,0,120,116,110340,6960,0,Normal
0.996942,tcp,unknown,86720,0,OTH,0,100,100,92120,6000,0,Normal
0.0,tcp,ssl,0,0,S1,0,2,0,120,0,1,Attack
0.0,tcp,dns,0,0,S1,0,2,0,128,0,1,Attack
2.913856,tcp,http,84,0,S1,0,14,0,560,0,1,Attack
0.0,tcp,ssl,0,0,S1,0,2,0,120,0,1,Attack
3.431927,tcp,http,96,0,S1,0,16,0,640,0,1,Attack
0.971299,tcp,unknown,57630,0,OTH,0,72,72,61518,4320,0,Normal
0.984673,tcp,unknown,80394,0,OTH,0,106,106,86118,6360,0,Normal
0.968343,tcp,unknown,108444,0,OTH,0,132,132,115572,7920,0,Normal
0.956805,tcp,unknown,79008,0,OTH,0,94,94,84084,5640,0,Normal
1.891574,udp,dns,0,0,OTH,0,10,0,280,0,1,Attack
0.985621,tcp,unknown,70022,0,OTH,0,84,84,74558,5040,0,Normal
0.970114,tcp,unknown,107180,0,OTH,0,114,114,113336,6840,0,Normal
0.665836,other,unknown,0,0,OTH,0,2,0,120,0,0,Normal
3.428337,tcp,http,90,0,S1,0,15,0,600,0,1,Attack
116.306609,tcp,dns,0,0,S1,0,4,0,256,0,1,Attack
0.96757,tcp,unknown,73840,0,OTH,0,92,90,78808,5400,0,Normal
0.964265,tcp,unknown,87220,0,OTH,0,100,100,92620,6000,0,Normal
0.977566,tcp,unknown,91194,0,OTH,0,102,102,96702,6120,0,Normal
0.746715,udp,unknown,820,0,OTH,0,6,0,1072,0,0,Normal
0.0,tcp,dns,0,0,S1,0,2,0,128,0,1,Attack
0.0,other,unknown,0,0,OTH,0,1,0,60,0,0,Normal
0.948526,tcp,unknown,79126,0,OTH,0,94,94,84202,5640,0,Normal
7.123542,tcp,http,0,12,RSTR,0,14,2,840,80,1,Attack
2.925399,tcp,http,84,0,S1,0,14,0,560,0,1,Attack
2.915087,tcp,http,84,0,S1,0,14,0,560,0,1,Attack
0.023503,tcp,unknown,4,12,RSTR,0,2,2,88,80,1,Attack
0.006265,udp,unknown,992,0,OTH,0,4,0,1160,0,0,Normal
0.95477,tcp,unknown,90292,0,OTH,0,102,102,95800,6120,0,Normal
0.0,tcp,dns,0,0,S1,0,2,0,128,0,1,Attack
1.582735,tcp,unknown,1560,1974,SF,0,24,18,2500,2674,1,Attack
0.0,tcp,ssl,0,0,S1,0,2,0,120,0,1,Attack
1e-06,udp,unknown,496,0,OTH,0,2,0,580,0,0,Normal
1e-06,tcp,ssl,0,0,S1,0,2,0,120,0,1,Attack
0.0,tcp,ssl,0,0,S1,0,2,0,120,0,1,Attack
1e-06,udp,unknown,496,0,OTH,0,2,0,580,0,0,Normal
0.983926,tcp,unknown,93588,0,OTH,0,106,104,99312,6240,0,Normal
1.892305,udp,dns,0,0,OTH,0,10,0,280,0,1,Attack
1e-06,udp,unknown,496,0,OTH,0,2,0,580,0,0,Normal
2.914347,tcp,http,84,0,S1,0,14,0,560,0,1,Attack
1e-06,udp,unknown,496,0,OTH,0,2,0,580,0,0,Normal
2.944705,tcp,http,84,0,S1,0,14,0,560,0,1,Attack
0.0,udp,unknown,496,0,OTH,0,2,0,580,0,0,Normal
1.928425,udp,dns,0,0,OTH,0,10,0,280,0,1,Attack
0.0,tcp,ssl,0,0,S1,0,2,0,120,0,1,Attack
1e-06,udp,unknown,496,0,OTH,0,2,0,580,0,0,Normal
0.963558,tcp,unknown,61104,0,OTH,0,88,88,65856,5280,0,Normal
2.94468,tcp,http,84,0,S1,0,14,0,560,0,1,Attack
3.428296,tcp,http,96,0,S1,0,16,0,640,0,1,Attack
0.963088,tcp,unknown,94306,0,OTH,0,112,112,100354,6720,0,Normal
2.916857,tcp,http,84,0,S1,0,14,0,560,0,1,Attack
1e-06,tcp,ssl,0,0,S1,0,2,0,120,0,1,Attack
2.939166,tcp,http,84,0,S1,0,14,0,560,0,1,Attack
1.914382,udp,dns,0,0,OTH,0,10,0,280,0,1,Attack
198.017249,tcp,dns,0,0,S1,0,4,0,256,0,1,Attack
0.0,other,unknown,0,0,OTH,0,1,0,60,0,0,Normal
0.967942,tcp,unknown,77738,0,OTH,0,100,100,83138,6000,0,Normal
0.975326,tcp,unknown,104814,0,OTH,0,114,114,110970,6840,0,Normal
1e-06,udp,unknown,496,0,OTH,0,2,0,580,0,0,Normal
3.42602,tcp,http,90,0,S1,0,15,0,600,0,1,Attack
1.913648,udp,dns,0,0,OTH,0,10,0,280,0,1,Attack
0.957803,tcp,unknown,109758,0,OTH,0,120,118,116238,7080,0,Normal
0.938538,tcp,unknown,60758,0,OTH,0,74,70,64754,4200,0,Normal
0.973835,tcp,unknown,109918,0,OTH,0,122,122,116506,7320,0,Normal
0.986463,tcp,unknown,110238,0,OTH,0,118,116,116610,6960,0,Normal
1e-06,tcp,dns,0,0,S1,0,2,0,128,0,1,Attack
1.418113,udp,dns,0,0,OTH,0,8,0,224,0,1,Attack
1.906456,udp,dns,0,0,OTH,0,10,0,280,0,1,Attack
3e-05,tcp,ssl,0,0,S1,0,2,0,120,0,1,Attack
0.6314,tcp,unknown,49104,0,RSTO,0,58,54,52236,3240,0,Normal
128.047552,udp,unknown,90,0,OTH,0,2,0,146,0,1,Attack
1.910854,udp,dns,0,0,OTH,0,10,0,280,0,1,Attack
0.0,other,unknown,0,0,OTH,0,1,0,60,0,0,Normal
2.944992,tcp,http,84,0,S1,0,14,0,560,0,1,Attack
0.947781,tcp,unknown,86430,0,OTH,0,100,100,91830,6000,0,Normal
1.415124,udp,dns,0,0,OTH,0,8,0,224,0,1,Attack
0.964913,tcp,unknown,60130,0,OTH,0,80,80,64450,4800,0,Normal
1e-06,tcp,dns,0,0,S1,0,2,0,128,0,1,Attack
0.955755,tcp,unknown,57702,0,OTH,0,76,76,61806,4560,0,Normal
0.0,other,unknown,0,0,OTH,0,1,0,60,0,0,Normal
0.947284,tcp,unknown,82898,0,OTH,0,94,94,87974,5640,0,Normal
1.418029,udp,dns,0,0,OTH,0,8,0,224,0,1,Attack
1e-06,udp,dhcp,1480,0,OTH,0,2,0,1564,0,0,Normal
1.910725,udp,dns,0,0,OTH,0,10,0,280,0,1,Attack
0.983856,tcp,unknown,113454,0,OTH,0,116,116,119718,6960,0,Normal
0.94735,tcp,unknown,87280,0,OTH,0,104,104,92896,6240,0,Normal
1.889444,udp,dns,0,0,OTH,0,10,0,280,0,1,Attack
1.418259,udp,dns,0,0,OTH,0,8,0,224,0,1,Attack
1e-06,udp,unknown,496,0,OTH,0,2,0,580,0,0,Normal
0.372516,other,unknown,0,0,OTH,0,2,0,120,0,0,Normal
0.0,tcp,dns,0,0,S1,0,2,0,128,0,1,Attack
0.972096,tcp,unknown,83780,0,OTH,0,112,112,89828,6720,0,Normal
0.990563,tcp,unknown,71702,0,OTH,0,86,86,76346,5160,0,Normal
1.912064,udp,dns,0,0,OTH,0,10,0,280,0,1,Attack
1e-06,tcp,ssl,0,0,S1,0,2,0,120,0,1,Attack
0.013978,udp,unknown,582,0,OTH,0,4,0,750,0,0,Normal
1.921461,udp,dns,0,0,OTH,0,10,0,280,0,1,Attack
1.913866,udp,dns,0,0,OTH,0,10,0,280,0,1,Attack
0.97397,tcp,unknown,91838,0,OTH,0,100,100,97238,6000,0,Normal
2.91866,tcp,http,84,0,S1,0,14,0,560,0,1,Attack
0.0,tcp,dns,0,0,S1,0,2,0,128,0,1,Attack
0.0,tcp,ssl,0,0,S1,0,2,0,120,0,1,Attack
0.0,tcp,ssl,0,0,S1,0,2,0,120,0,1,Attack
127.056535,tcp,dns,0,0,S1,0,4,0,256,0,1,Attack
0.981075,tcp,unknown,64986,0,OTH,0,90,90,69846,5400,0,Normal
1.922597,udp,dns,0,0,OTH,0,10,0,280,0,1,Attack
0.974581,tcp,unknown,72842,0,OTH,0,86,86,77486,5160,0,Normal
0.0,tcp,ssl,0,0,S1,0,2,0,120,0,1,Attack
0.0,tcp,dns,0,0,S1,0,2,0,128,0,1,Attack
1e-06,tcp,dns,0,0,S1,0,2,0,128,0,1,Attack
0.010286,tcp,unknown,4,12,RSTR,0,2,2,88,80,1,Attack
236.621269,tcp,dns,0,0,S1,0,6,0,384,0,1,Attack
0.0,other,unknown,0,0,OTH,0,1,0,60,0,0,Normal
0.9654,tcp,unknown,128254,0,OTH,0,132,132,135382,7920,0,Normal
2.936242,tcp,http,84,0,S1,0,14,0,560,0,1,Attack
108.615912,tcp,dns,0,0,S1,0,4,0,256,0,1,Attack
0.170721,other,unknown,0,0,OTH,0,2,0,120,0,0,Normal
0.0,other,unknown,0,0,OTH,0,1,0,60,0,0,Normal
0.992383,tcp,unknown,106022,0,OTH,0,114,110,112178,6600,0,Normal
1.900558,udp,dns,0,0,OTH,0,10,0,280,0,1,Attack
0.997401,tcp,unknown,59558,0,OTH,0,84,84,64094,5040,0,Normal
0.0,tcp,dns,0,0,S1,0,2,0,128,0,1,Attack
0.972089,tcp,unknown,121738,0,OTH,0,128,124,128650,7440,0,Normal
1.913915,udp,dns,0,0,OTH,0,10,0,280,0,1,Attack
1e-06,tcp,dns,0,0,S1,0,2,0,128,0,1,Attack
1e-06,udp,unknown,496,0,OTH,0,2,0,580,0,0,Normal
0.0,other,unknown,0,0,OTH,0,1,0,60,0,0,Normal
0.955888,tcp,unknown,65358,0,OTH,0,86,86,70002,5160,0,Normal
2.926431,tcp,http,84,0,S1,0,14,0,560,0,1,Attack
0.0085,tcp,unknown,246,6284,SF,0,18,14,1198,7028,1,Attack
0.0,tcp,ssl,0,0,S1,0,2,0,120,0,1,Attack
0.0,udp,unknown,496,0,OTH,0,2,0,580,0,0,Normal
2.945136,tcp,http,84,0,S1,0,14,0,560,0,1,Attack
3.423328,tcp,http,96,0,S1,0,16,0,640,0,1,Attack
0.0,tcp,dns,0,0,S1,0,2,0,128,0,1,Attack
1.913377,udp,dns,0,0,OTH,0,10,0,280,0,1,Attack
0.018163,tcp,http,0,12,RSTR,0,2,2,120,80,1,Attack
3.428071,tcp,http,96,0,S1,0,16,0,640,0,1,Attack
0.95545,tcp,unknown,63804,0,OTH,0,84,84,68340,5040,0,Normal
0.251418,udp,unknown,324,0,OTH,0,4,0,492,0,0,Normal
1e-06,tcp,ssl,0,0,S1,0,2,0,120,0,1,Attack
1e-06,tcp,ssl,0,0,S1,0,2,0,120,0,1,Attack
3.425932,tcp,http,96,0,S1,0,16,0,640,0,1,Attack
1.914279,udp,dns,0,0,OTH,0,10,0,280,0,1,Attack
0.0,udp,unknown,86,0,OTH,0,2,0,170,0,0,Normal
0.035046,tcp,unknown,170,428,S1,0,4,10,402,1032,0,Normal
0.965149,tcp,unknown,74792,0,OTH,0,94,94,79868,5640,0,Normal
0.980364,tcp,unknown,98334,0,OTH,0,106,98,104058,5880,0,Normal
0.142349,other,unknown,0,0,OTH,0,2,0,120,0,0,Normal
0.939039,tcp,unknown,102854,0,OTH,0,114,110,109010,6600,0,Normal
2.94454,tcp,http,84,0,S1,0,14,0,560,0,1,Attack
0.986181,tcp,unknown,112042,0,OTH,0,126,122,118846,7320,0,Normal
0.943851,tcp,unknown,55802,0,OTH,0,70,70,59582,4200,0,Normal
0.020976,tcp,unknown,4,12,RSTR,0,2,2,88,80,1,Attack
0.304285,tcp,unknown,133294,1320,S1,0,104,58,138938,4768,0,Normal
0.989833,tcp,unknown,82118,0,OTH,0,88,86,86870,5160,0,Normal
0.969644,tcp,unknown,103700,0,OTH,0,124,124,110396,7440,0,Normal
1e-06,udp,unknown,496,0,OTH,0,2,0,580,0,0,Normal
1.908484,udp,dns,0,0,OTH,0,10,0,280,0,1,Attack
0.998192,tcp,unknown,63086,0,OTH,0,86,88,67730,5280,0,Normal
2.930321,tcp,http,84,0,S1,0,14,0,560,0,1,Attack
0.0,tcp,ssl,0,0,S1,0,2,0,120,0,1,Attack
1.904756,udp,dns,0,0,OTH,0,10,0,280,0,1,Attack
0.955524,tcp,unknown,98662,0,OTH,0,118,116,105034,6960,0,Normal
0.0,udp,unknown,274,0,OTH,0,2,0,358,0,0,Normal
1.893764,udp,dns,0,0,OTH,0,10,0,280,0,1,Attack
2.905033,tcp,http,84,0,S1,0,14,0,560,0,1,Attack
0.945884,tcp,unknown,53196,0,OTH,0,80,80,57516,4800,0,Normal
2.919794,tcp,http,84,0,S1,0,14,0,560,0,1,Attack
0.0,tcp,dns,0,0,S1,0,2,0,128,0,1,Attack
0.968917,tcp,unknown,146574,0,OTH,0,150,148,154674,8880,0,Normal
1e-06,tcp,unknown,0,0,S1,0,0,2,0,148,0,Normal
0.0,other,unknown,0,0,OTH,0,1,0,60,0,0,Normal
0.939563,tcp,unknown,71456,0,OTH,0,96,96,76640,5760,0,Normal
0.966494,tcp,unknown,78256,0,OTH,0,98,98,83548,5880,0,Normal
8.327178,tcp,dns,0,0,S1,0,4,0,256,0,1,Attack
0.0,udp,unknown,496,0,OTH,0,2,0,580,0,0,Normal
0.0,tcp,dns,0,0,S1,0,2,0,128,0,1,Attack
1e-06,tcp,ssl,0,0,S1,0,2,0,120,0,1,Attack
0.0,tcp,dns,0,0,S1,0,2,0,128,0,1,Attack
0.945281,tcp,unknown,99278,0,OTH,0,110,104,105218,6240,0,Normal
0.0,other,unknown,0,0,OTH,0,1,0,60,0,0,Normal
0.0,tcp,dns,0,0,S1,0,2,0,128,0,1,Attack
1e-06,udp,dhcp,1480,0,OTH,0,2,0,1564,0,0,Normal
1.904442,udp,dns,0,0,OTH,0,10,0,280,0,1,Attack
2.911247,tcp,http,84,0,S1,0,14,0,560,0,1,Attack
0.0,udp,unknown,496,0,OTH,0,2,0,580,0,0,Normal
0.256149,udp,unknown,324,0,OTH,0,4,0,492,0,0,Normal
0.0,tcp,ssl,0,0,S1,0,2,0,120,0,1,Attack
0.96487,tcp,unknown,33230,0,OTH,0,72,72,37118,4320,0,Normal
1.891102,udp,dns,0,0,OTH,0,10,0,280,0,1,Attack
0.0,tcp,ssl,0,0,S1,0,2,0,120,0,1,Attack
0.0,tcp,ssl,0,0,S1,0,2,0,120,0,1,Attack
0.005207,tcp,http,0,12,RSTR,0,2,2,120,80,1,Attack
1.418168,udp,dns,0,0,OTH,0,8,0,224,0,1,Attack
1.417793,udp,dns,0,0,OTH,0,8,0,224,0,1,Attack
0.984836,tcp,unknown,53062,0,OTH,0,74,74,57058,4440,0,Normal
1e-06,udp,unknown,496,0,OTH,0,2,0,580,0,0,Normal
3.427454,tcp,http,96,0,S1,0,16,0,640,0,1,Attack
11.41686,tcp,http,0,24,RSTR,0,4,4,240,160,1,Attack
122.03779,tcp,dns,0,0,S1,0,4,0,256,0,1,Attack
1e-06,tcp,dns,0,0,S1,0,2,0,128,0,1,Attack
0.004663,tcp,unknown,246,6284,SF,0,14,12,990,6924,1,Attack
2.916205,tcp,http,84,0,S1,0,14,0,560,0,1,Attack
0.975552,tcp,unknown,84802,0,OTH,0,98,98,90094,5880,0,Normal
1.92509,udp,dns,0,0,OTH,0,10,0,280,0,1,Attack
0.738873,other,unknown,0,0,OTH,0,2,0,120,0,0,Normal
0.974714,tcp,unknown,104328,0,OTH,0,122,122,110916,7320,0,Normal
0.897378,udp,unknown,486,0,OTH,0,6,0,738,0,0,Normal
3.424503,tcp,http,96,0,S1,0,16,0,640,0,1,Attack
0.949253,tcp,unknown,108734,0,OTH,0,122,122,115322,7320,0,Normal
0.0,tcp,dns,0,0,S1,0,2,0,128,0,1,Attack
0.0,tcp,ssl,0,0,S1,0,2,0,120,0,1,Attack
1e-06,tcp,dns,0,0,S1,0,2,0,128,0,1,Attack
0.0,other,unknown,0,0,OTH,0,1,0,60,0,0,Normal
275.008187,tcp,dns,0,0,S1,0,4,0,256,0,1,Attack
0.0,tcp,ssl,0,0,S1,0,2,0,120,0,1,Attack
0.249804,udp,unknown,324,0,OTH,0,4,0,492,0,0,Normal
1e-06,tcp,dns,0,0,S1,0,2,0,128,0,1,Attack
2.920676,tcp,http,84,0,S1,0,14,0,560,0,1,Attack
0.171042,other,unknown,0,0,OTH,0,2,0,120,0,0,Normal
1e-06,tcp,dns,0,0,S1,0,2,0,128,0,1,Attack
0.324259,udp,unknown,274002,0,OTH,0,230,0,280442,0,1,Attack
0.948015,tcp,unknown,78320,0,OTH,0,94,94,83396,5640,0,Normal
1.911008,udp,dns,0,0,OTH,0,10,0,280,0,1,Attack
0.013228,tcp,unknown,4,12,RSTR,0,2,2,88,80,1,Attack
1e-06,tcp,ssl,0,0,S1,0,2,0,120,0,1,Attack
100.468411,tcp,dns,0,0,S1,0,4,0,256,0,1,Attack
0.970956,tcp,unknown,115284,0,OTH,0,128,126,122196,7560,0,Normal
0.966818,tcp,unknown,66278,0,OTH,0,90,90,71138,5400,0,Normal
1e-06,tcp,ssl,0,0,S1,0,2,0,120,0,1,Attack
0.959352,tcp,unknown,75522,0,OTH,0,108,108,81354,6480,0,Normal
355.178626,udp,unknown,5600,0,OTH,0,140,0,9520,0,1,Attack
0.034343,udp,unknown,582,0,OTH,0,4,0,750,0,0,Normal
0.980653,tcp,unknown,77762,0,OTH,0,98,98,83054,5880,0,Normal
0.944522,tcp,unknown,75816,0,OTH,0,92,92,80784,5520,0,Normal
0.53218,tcp,unknown,128946,1320,S1,0,116,74,135238,5728,0,Normal
0.0,tcp,dns,0,0,S1,0,2,0,128,0,1,Attack
2.939154,tcp,http,84,0,S1,0,14,0,560,0,1,Attack
0.0,tcp,ssl,0,0,S1,0,2,0,120,0,1,Attack
0.357875,other,unknown,0,0,OTH,0,2,0,120,0,0,Normal
0.0,udp,unknown,496,0,OTH,0,2,0,580,0,0,Normal
0.963979,tcp,unknown,108800,0,OTH,0,118,118,115172,7080,0,Normal
3.424979,tcp,http,96,0,S1,0,16,0,640,0,1,Attack
0.96062,tcp,unknown,67238,0,OTH,0,86,86,71882,5160,0,Normal
0.0,tcp,dns,0,0,S1,0,2,0,128,0,1,Attack
1e-06,udp,unknown,496,0,OTH,0,2,0,580,0,0,Normal
0.25058,udp,unknown,658,0,OTH,0,4,0,826,0,0,Normal
0.949674,tcp,unknown,74840,0,OTH,0,106,106,80564,6360,0,Normal
0.650789,udp,unknown,854,0,OTH,0,8,0,1190,0,0,Normal
1.914881,udp,dns,0,0,OTH,0,10,0,280,0,1,Attack
0.204098,udp,unknown,1096,0,OTH,0,8,0,1432,0,0,Normal
1e-06,udp,unknown,496,0,OTH,0,2,0,580,0,0,Normal
0.00022,udp,unknown,3906,0,OTH,0,3,0,4032,0,0,Normal
10.910057,tcp,dns,0,0,S1,0,4,0,256,0,1,Attack
1e-06,tcp,dns,0,0,S1,0,2,0,128,0,1,Attack
0.958517,tcp,unknown,73330,0,OTH,0,92,92,78298,5520,0,Normal
1.913627,udp,dns,0,0,OTH,0,10,0,280,0,1,Attack
2.913899,tcp,http,84,0,S1,0,14,0,560,0,1,Attack
0.0,tcp,dns,0,0,S1,0,2,0,128,0,1,Attack
0.0,udp,unknown,274,0,OTH,0,2,0,358,0,0,Normal
0.0,tcp,dns,0,0,S1,0,2,0,128,0,1,Attack
0.973022,tcp,unknown,96666,0,OTH,0,112,112,102714,6720,0,Normal
0.933347,tcp,unknown,53140,0,OTH,0,72,72,57028,4320,0,Normal
1.913789,udp,dns,0,0,OTH,0,10,0,280,0,1,Attack
0.964882,tcp,unknown,68806,0,OTH,0,92,92,73774,5520,0,Normal
1e-06,udp,dhcp,1480,0,OTH,0,2,0,1564,0,0,Normal
0.0,udp,dhcp,1480,0,OTH,0,2,0,1564,0,0,Normal
1e-06,tcp,dns,0,0,S1,0,2,0,128,0,1,Attack
1e-06,udp,unknown,496,0,OTH,0,2,0,580,0,0,Normal
1.915554,udp,dns,0,0,OTH,0,10,0,280,0,1,Attack
0.943342,tcp,unknown,102576,0,OTH,0,110,108,108516,6480,0,Normal
1e-06,udp,unknown,496,0,OTH,0,2,0,580,0,0,Normal
0.0,tcp,dns,0,0,S1,0,2,0,128,0,1,Attack
3.426978,tcp,http,96,0,S1,0,16,0,640,0,1,Attack
0.260993,udp,unknown,658,0,OTH,0,4,0,826,0,0,Normal
3.00469,udp,dns,124,0,OTH,0,4,0,236,0,1,Attack
0.0,udp,unknown,496,0,OTH,0,2,0,580,0,0,Normal
3.432413,tcp,http,96,0,S1,0,16,0,640,0,1,Attack
0.0,udp,unknown,496,0,OTH,0,2,0,580,0,0,Normal
1.903677,udp,dns,0,0,OTH,0,10,0,280,0,1,Attack
0.954539,tcp,unknown,97332,0,OTH,0,108,108,103164,6480,0,Normal
1e-06,udp,dhcp,1480,0,OTH,0,2,0,1564,0,0,Normal
0.0,tcp,dns,0,0,S1,0,2,0,128,0,1,Attack
0.0,other,unknown,0,0,OTH,0,1,0,60,0,0,Normal
1.913873,udp,dns,0,0,OTH,0,10,0,280,0,1,Attack
0.0,tcp,ssl,0,0,S1,0,2,0,120,0,1,Attack
0.96387,tcp,unknown,113560,0,OTH,0,128,128,120472,7680,0,Normal
0.963328,tcp,unknown,109008,0,OTH,0,124,122,115704,7320,0,Normal
0.975668,tcp,unknown,152914,260,OTH,0,152,134,161122,8288,0,Normal
0.0,tcp,dns,0,0,S1,0,2,0,128,0,1,Attack
1.914234,udp,dns,0,0,OTH,0,10,0,280,0,1,Attack
0.0,tcp,ssl,0,0,S1,0,2,0,120,0,1,Attack
0.003672,tcp,unknown,4,12,RSTR,0,2,2,88,80,1,Attack
1e-06,udp,unknown,496,0,OTH,0,2,0,580,0,0,Normal
0.976249,tcp,unknown,104738,0,OTH,0,114,112,110894,6720,0,Normal
1.892287,udp,dns,0,0,OTH,0,10,0,280,0,1,Attack
0.0,tcp,dns,0,0,S1,0,2,0,128,0,1,Attack
0.959073,tcp,unknown,105320,0,OTH,0,118,118,111692,7080,0,Normal
0.0,tcp,ssl,0,0,S1,0,2,0,120,0,1,Attack
1.891424,udp,dns,0,0,OTH,0,10,0,280,0,1,Attack
0.0,tcp,ssl,0,0,S1,0,2,0,120,0,1,Attack
0.0,tcp,dns,0,0,S1,0,2,0,128,0,1,Attack
1e-06,tcp,dns,0,0,S1,0,2,0,128,0,1,Attack
2.944629,tcp,http,84,0,S1,0,14,0,560,0,1,Attack
0.0,other,unknown,0,0,OTH,0,1,0,60,0,0,Normal
0.963421,tcp,unknown,141776,0,OTH,0,142,132,149444,7920,0,Normal
1e-06,udp,unknown,496,0,OTH,0,2,0,580,0,0,Normal
0.0,tcp,ssl,0,0,S1,0,2,0,120,0,1,Attack
0.0,tcp,dns,0,0,S1,0,2,0,128,0,1,Attack
1.889343,udp,dns,0,0,OTH,0,10,0,280,0,1,Attack
0.0,other,unknown,0,0,OTH,0,1,0,60,0,0,Normal
1.89408,udp,dns,0,0,OTH,0,10,0,280,0,1,Attack
0.963243,tcp,unknown,104008,0,OTH,0,118,118,110380,7080,0,Normal
0.184466,other,unknown,0,0,OTH,0,2,0,120,0,0,Normal
1e-06,udp,unknown,496,0,OTH,0,2,0,580,0,0,Normal
1e-06,udp,unknown,496,0,OTH,0,2,0,580,0,0,Normal
2.944827,tcp,http,84,0,S1,0,14,0,560,0,1,Attack
0.0,tcp,dns,0,0,S1,0,2,0,128,0,1,Attack
1e-06,udp,unknown,86,0,OTH,0,2,0,170,0,0,Normal
2.926037,tcp,http,84,0,S1,0,14,0,560,0,1,Attack
3.426858,tcp,http,96,0,S1,0,16,0,640,0,1,Attack
1.890609,udp,dns,0,0,OTH,0,10,0,280,0,1,Attack
0.0,tcp,ssl,0,0,S1,0,2,0,120,0,1,Attack
1.924854,udp,dns,0,0,OTH,0,10,0,280,0,1,Attack
0.994564,tcp,unknown,102544,0,OTH,0,118,118,108916,7080,0,Normal
156.951741,tcp,dns,0,0,S1,0,4,0,256,0,1,Attack
1e-06,udp,unknown,496,0,OTH,0,2,0,580,0,0,Normal
0.0,tcp,dns,0,0,S1,0,2,0,128,0,1,Attack
1.904922,udp,dns,0,0,OTH,0,10,0,280,0,1,Attack
0.145562,tcp,unknown,7742,0,RSTO,0,8,10,8174,600,0,Normal
1.915482,udp,dns,0,0,OTH,0,10,0,280,0,1,Attack
1e-06,tcp,dns,0,0,S1,0,2,0,128,0,1,Attack
2.906106,tcp,http,84,0,S1,0,14,0,560,0,1,Attack
1e-06,udp,unknown,496,0,OTH,0,2,0,580,0,0,Normal
1e-06,udp,unknown,496,0,OTH,0,2,0,580,0,0,Normal
0.03446,tcp,unknown,4,12,RSTR,0,2,2,88,80,1,Attack
0.0,tcp,ssl,0,0,S1,0,2,0,120,0,1,Attack
2.944458,tcp,http,84,0,S1,0,14,0,560,0,1,Attack
0.0,tcp,ssl,0,0,S1,0,2,0,120,0,1,Attack
0.0,tcp,ssl,0,0,S1,0,2,0,120,0,1,Attack
0.980937,tcp,unknown,109620,0,OTH,0,126,126,116424,7560,0,Normal
0.03135,other,unknown,0,0,OTH,0,2,0,120,0,0,Normal
1.910296,udp,dns,0,0,OTH,0,10,0,280,0,1,Attack
1.921638,udp,dns,0,0,OTH,0,10,0,280,0,1,Attack
0.0,tcp,dns,0,0,S1,0,2,0,128,0,1,Attack
0.949922,tcp,unknown,77790,0,OTH,0,98,98,83082,5880,0,Normal
1.921511,udp,dns,0,0,OTH,0,10,0,280,0,1,Attack
1.914199,udp,dns,0,0,OTH,0,10,0,280,0,1,Attack
2.910881,tcp,http,84,0,S1,0,14,0,560,0,1,Attack
0.0,tcp,dns,0,0,S1,0,2,0,128,0,1,Attack
0.0,tcp,dns,0,0,S1,0,2,0,128,0,1,Attack
0.0,udp,unknown,496,0,OTH,0,2,0,580,0,0,Normal
3.423368,tcp,http,96,0,S1,0,16,0,640,0,1,Attack
0.443713,udp,unknown,486,0,OTH,0,6,0,738,0,0,Normal
1e-06,udp,unknown,496,0,OTH,0,2,0,580,0,0,Normal
0.0,tcp,ssl,0,0,S1,0,2,0,120,0,1,Attack
0.962876,tcp,unknown,92900,0,OTH,0,110,110,98840,6600,0,Normal
0.980896,tcp,unknown,70930,0,OTH,0,94,94,76006,5640,0,Normal
0.613271,other,unknown,0,0,OTH,0,3,0,180,0,0,Normal
1e-06,udp,unknown,496,0,OTH,0,2,0,580,0,0,Normal
2.916592,tcp,http,84,0,S1,0,14,0,560,0,1,Attack
3.42514,tcp,http,96,0,S1,0,16,0,640,0,1,Attack
0.93952,tcp,unknown,66762,0,OTH,0,90,90,71622,5400,0,Normal
1.894896,udp,dns,0,0,OTH,0,10,0,280,0,1,Attack
1e-06,udp,unknown,496,0,OTH,0,2,0,580,0,0,Normal
0.5345,tcp,unknown,31088,0,RSTO,0,44,42,33476,2520,0,Normal
1.889736,udp,dns,0,0,OTH,0,10,0,280,0,1,Attack
0.0,other,unknown,0,0,OTH,0,1,0,60,0,0,Normal
0.982863,tcp,unknown,57512,0,OTH,0,72,72,61400,4320,0,Normal
3.4e-05,tcp,ssl,0,0,S1,0,2,0,120,0,1,Attack
1.914698,udp,dns,0,0,OTH,0,10,0,280,0,1,Attack
0.250109,udp,unknown,324,0,OTH,0,4,0,492,0,0,Normal
0.0,tcp,ssl,0,0,S1,0,2,0,120,0,1,Attack
1.90574,udp,dns,0,0,OTH,0,10,0,280,0,1,Attack
1.91404,udp,dns,0,0,OTH,0,10,0,280,0,1,Attack
3.428944,tcp,http,96,0,S1,0,16,0,640,0,1,Attack
1e-06,tcp,dns,0,0,S1,0,2,0,128,0,1,Attack
2.93611,tcp,http,84,0,S1,0,14,0,560,0,1,Attack
1e-06,tcp,ssl,0,0,S1,0,2,0,120,0,1,Attack
0.957188,tcp,unknown,108296,0,OTH,0,104,102,113912,6120,0,Normal
1.915769,udp,dns,0,0,OTH,0,10,0,280,0,1,Attack
2.930627,tcp,http,84,0,S1,0,14,0,560,0,1,Attack
2.905928,tcp,http,84,0,S1,0,14,0,560,0,1,Attack
0.0,other,unknown,0,0,OTH,0,1,0,60,0,0,Normal
0.0,tcp,ssl,0,0,S1,0,2,0,120,0,1,Attack
3.428873,tcp,http,90,0,S1,0,15,0,600,0,1,Attack
0.253734,udp,unknown,658,0,OTH,0,4,0,826,0,0,Normal
2.937796,tcp,http,84,0,S1,0,14,0,560,0,1,Attack
0.987947,tcp,unknown,107076,0,OTH,0,116,108,113340,6480,0,Normal
1.912128,udp,dns,0,0,OTH,0,10,0,280,0,1,Attack
0.50081,udp,unknown,820,0,OTH,0,6,0,1072,0,0,Normal
0.965714,tcp,unknown,83126,0,OTH,0,108,108,88958,6480,0,Normal
1.935938,udp,dns,0,0,OTH,0,10,0,280,0,1,Attack
0.035304,tcp,unknown,4,12,RSTR,0,2,2,88,80,1,Attack
0.06021,tcp,unknown,4,12,RSTR,0,2,2,88,80,1,Attack
0.0,tcp,dns,0,0,S1,0,2,0,128,0,1,Attack
0.501642,udp,unknown,324,0,OTH,0,4,0,492,0,0,Normal
1e-06,tcp,ssl,0,0,S1,0,2,0,120,0,1,Attack
1.907466,udp,dns,0,0,OTH,0,10,0,280,0,1,Attack
1e-06,udp,unknown,496,0,OTH,0,2,0,580,0,0,Normal
0.955394,tcp,unknown,189116,598,OTH,0,174,118,198524,7654,0,Normal
1e-06,udp,unknown,496,0,OTH,0,2,0,580,0,0,Normal
2.920835,tcp,http,84,0,S1,0,14,0,560,0,1,Attack
0.965395,tcp,unknown,106914,0,OTH,0,120,118,113394,7080,0,Normal
1e-06,tcp,ssl,0,0,S1,0,2,0,120,0,1,Attack
2.936286,tcp,http,84,0,S1,0,14,0,560,0,1,Attack
0.0,udp,unknown,496,0,OTH,0,2,0,580,0,0,Normal
1.904795,udp,dns,0,0,OTH,0,10,0,280,0,1,Attack
0.49857,udp,unknown,486,0,OTH,0,6,0,738,0,0,Normal
1e-06,tcp,ssl,0,0,S1,0,2,0,120,0,1,Attack
128.105734,tcp,dns,0,0,S1,0,6,0,384,0,1,Attack
0.0,udp,unknown,16,0,OTH,0,2,0,72,0,1,Attack
0.0,tcp,dns,0,0,S1,0,2,0,128,0,1,Attack
3.428325,tcp,http,96,0,S1,0,16,0,640,0,1,Attack
2.930145,tcp,http,84,0,S1,0,14,0,560,0,1,Attack
0.0,tcp,ssl,0,0,S1,0,2,0,120,0,1,Attack
3.423588,tcp,http,90,0,S1,0,15,0,600,0,1,Attack
3.427852,tcp,http,96,0,S1,0,16,0,640,0,1,Attack
0.54727,other,unknown,0,0,OTH,0,2,0,120,0,0,Normal
0.0,tcp,ssl,0,0,S1,0,2,0,120,0,1,Attack
0.218116,other,unknown,0,0,OTH,0,2,0,120,0,0,Normal
1e-06,udp,unknown,496,0,OTH,0,2,0,580,0,0,Normal
3.428369,tcp,http,96,0,S1,0,16,0,640,0,1,Attack
1e-06,udp,unknown,496,0,OTH,0,2,0,580,0,0,Normal
2.8e-05,tcp,ssl,0,0,S1,0,2,0,120,0,1,Attack
0.583502,tcp,unknown,79258,0,RSTO,0,84,82,83806,4920,0,Normal
0.986205,tcp,unknown,109462,0,OTH,0,124,124,116158,7440,0,Normal
0.942854,tcp,unknown,75798,0,OTH,0,88,88,80550,5280,0,Normal
0.943401,tcp,unknown,59148,0,OTH,0,86,86,63792,5160,0,Normal
2.939158,tcp,http,84,0,S1,0,14,0,560,0,1,Attack
0.977012,tcp,unknown,78296,0,OTH,0,98,98,83588,5880,0,Normal
0.993406,tcp,unknown,95926,0,OTH,0,112,112,101974,6720,0,Normal
0.967217,tcp,unknown,104222,0,OTH,0,116,116,110486,6960,0,Normal
1e-06,udp,unknown,496,0,OTH,0,2,0,580,0,0,Normal
0.0,tcp,dns,0,0,S1,0,2,0,128,0,1,Attack
0.0,tcp,dns,0,0,S1,0,2,0,128,0,1,Attack
1.904847,udp,dns,0,0,OTH,0,10,0,280,0,1,Attack
2.921755,tcp,http,84,0,S1,0,14,0,560,0,1,Attack
0.963401,tcp,unknown,57680,0,OTH,0,80,80,62000,4800,0,Normal
0.494297,udp,unknown,486,0,OTH,0,6,0,738,0,0,Normal
0.0,tcp,ssl,0,0,S1,0,2,0,120,0,1,Attack
0.0,udp,unknown,496,0,OTH,0,2,0,580,0,0,Normal
0.0,tcp,dns,0,0,S1,0,2,0,128,0,1,Attack
0.963881,tcp,unknown,76856,0,OTH,0,102,102,82364,6120,0,Normal
0.0,other,unknown,0,0,OTH,0,1,0,60,0,0,Normal
1.892982,udp,dns,0,0,OTH,0,10,0,280,0,1,Attack
1.91273,udp,dns,0,0,OTH,0,10,0,280,0,1,Attack
2.920821,tcp,http,84,0,S1,0,14,0,560,0,1,Attack
0.973576,tcp,unknown,114936,0,OTH,0,128,128,121848,7680,0,Normal
0.016454,tcp,http,0,12,RSTR,0,2,2,120,80,1,Attack
2.941279,tcp,http,84,0,S1,0,14,0,560,0,1,Attack
0.886657,tcp,unknown,112654,1320,S1,0,118,120,119054,8488,0,Normal
0.007973,tcp,http,0,12,RSTR,0,2,2,120,80,1,Attack
1e-06,udp,unknown,496,0,OTH,0,2,0,580,0,0,Normal
0.0,udp,unknown,274,0,OTH,0,2,0,358,0,0,Normal
1.889392,udp,dns,0,0,OTH,0,10,0,280,0,1,Attack
0.0,tcp,dns,0,0,S1,0,2,0,128,0,1,Attack
0.99582,tcp,unknown,74222,0,OTH,0,92,92,79190,5520,0,Normal
0.005329,tcp,unknown,1762,930,SF,0,16,12,2610,1570,1,Attack
0.0,tcp,ssl,0,0,S1,0,2,0,120,0,1,Attack
0.078413,tcp,unknown,3830,0,RSTO,0,10,8,4382,480,0,Normal
0.633661,tcp,unknown,99044,0,RSTO,0,100,96,104456,5760,0,Normal
0.996194,tcp,unknown,82384,0,OTH,0,108,108,88216,6480,0,Normal
3.423606,tcp,http,96,0,S1,0,16,0,640,0,1,Attack
176.008525,tcp,dns,0,0,S1,0,6,0,384,0,1,Attack
1.907398,udp,dns,0,0,OTH,0,10,0,280,0,1,Attack
0.933058,tcp,unknown,114450,0,OTH,0,118,118,120822,7080,0,Normal
0.959535,tcp,unknown,40856,0,OTH,0,70,70,44636,4200,0,Normal
0.0,tcp,dns,0,0,S1,0,2,0,128,0,1,Attack
1e-06,udp,dhcp,1480,0,OTH,0,2,0,1564,0,0,Normal
4.2e-05,tcp,ssl,0,0,S1,0,2,0,120,0,1,Attack
0.005835,tcp,unknown,1132,1062,SF,0,22,18,2292,2014,1,Attack
0.0,tcp,ssl,0,0,S1,0,2,0,120,0,1,Attack
0.977319,tcp,unknown,69058,0,OTH,0,94,94,74134,5640,0,Normal
2.94446,tcp,http,84,0,S1,0,14,0,560,0,1,Attack
0.973325,udp,unknown,648,0,OTH,0,8,0,984,0,0,Normal
0.942434,tcp,unknown,88812,0,OTH,0,104,104,94428,6240,0,Normal
2.927752,tcp,http,84,0,S1,0,14,0,560,0,1,Attack
0.0,tcp,dns,0,0,S1,0,2,0,128,0,1,Attack
0.0,tcp,dns,0,0,S1,0,2,0,128,0,1,Attack
3.423783,tcp,http,96,0,S1,0,16,0,640,0,1,Attack
2.944243,tcp,http,84,0,S1,0,14,0,560,0,1,Attack
0.0,other,unknown,0,0,OTH,0,1,0,60,0,0,Normal
2.927151,tcp,http,84,0,S1,0,14,0,560,0,1,Attack
0.985243,tcp,unknown,120862,0,OTH,0,124,124,127558,7440,0,Normal
1.905057,udp,dns,0,0,OTH,0,10,0,280,0,1,Attack
0.0,tcp,dns,0,0,S1,0,2,0,128,0,1,Attack
0.501653,udp,unknown,820,0,OTH,0,6,0,1072,0,0,Normal
3.428296,tcp,http,96,0,S1,0,16,0,640,0,1,Attack
0.630694,other,unknown,0,0,OTH,0,2,0,120,0,0,Normal
0.989051,tcp,unknown,107586,0,OTH,0,120,116,114066,6960,0,Normal
1.910226,udp,dns,0,0,OTH,0,10,0,280,0,1,Attack
1e-06,tcp,ssl,0,0,S1,0,2,0,120,0,1,Attack
0.0,tcp,dns,0,0,S1,0,2,0,128,0,1,Attack
1.904623,udp,dns,0,0,OTH,0,10,0,280,0,1,Attack
0.371537,other,unknown,0,0,OTH,0,2,0,120,0,0,Normal
0.981042,tcp,unknown,118610,228,OTH,0,130,132,125630,8136,0,Normal
1.919452,udp,dns,0,0,OTH,0,10,0,280,0,1,Attack
0.953583,tcp,unknown,65670,0,OTH,0,86,86,70314,5160,0,Normal
0.005965,tcp,unknown,4,12,RSTR,0,2,2,88,80,1,Attack
0.686539,other,unknown,0,0,OTH,0,2,0,120,0,0,Normal
0.971781,tcp,unknown,68844,0,OTH,0,74,74,72840,4440,0,Normal
0.0,udp,unknown,162,0,OTH,0,2,0,246,0,0,Normal
1e-06,udp,unknown,496,0,OTH,0,2,0,580,0,0,Normal
0.0,tcp,ssl,0,0,S1,0,2,0,120,0,1,Attack
0.964941,tcp,unknown,84544,0,OTH,0,104,104,90160,6240,0,Normal
299.018879,tcp,dns,0,0,S1,0,6,0,384,0,1,Attack
0.967621,tcp,unknown,112840,0,OTH,0,120,120,119320,7200,0,Normal
0.986478,tcp,unknown,73108,0,OTH,0,90,90,77968,5400,0,Normal
0.0,tcp,dns,0,0,S1,0,2,0,128,0,1,Attack
1.891637,udp,dns,0,0,OTH,0,10,0,280,0,1,Attack
3.6e-05,udp,dhcp,1480,0,OTH,0,2,0,1564,0,0,Normal
1.915132,udp,dns,0,0,OTH,0,10,0,280,0,1,Attack
1e-06,udp,unknown,496,0,OTH,0,2,0,580,0,0,Normal
1.906843,udp,dns,0,0,OTH,0,10,0,280,0,1,Attack
0.964696,tcp,unknown,98498,0,OTH,0,110,110,104438,6600,0,Normal
0.963991,tcp,unknown,73278,0,OTH,0,86,86,77922,5160,0,Normal
1.905005,udp,dns,0,0,OTH,0,10,0,280,0,1,Attack
0.964667,tcp,unknown,64462,0,OTH,0,82,82,68890,4920,0,Normal
1e-06,tcp,dns,0,0,S1,0,2,0,128,0,1,Attack
0.0,udp,unknown,496,0,OTH,0,2,0,580,0,0,Normal
0.959621,tcp,unknown,94290,0,OTH,0,102,102,99802,6120,0,Normal
0.003899,tcp,http,0,12,RSTR,0,2,2,120,80,1,Attack
9.889476,tcp,dns,0,0,S1,0,4,0,256,0,1,Attack
0.500781,udp,unknown,820,0,OTH,0,6,0,1072,0,0,Normal
1.920091,udp,dns,0,0,OTH,0,10,0,280,0,1,Attack
0.02757,tcp,unknown,4,12,RSTR,0,2,2,88,80,1,Attack
0.623791,other,unknown,0,0,OTH,0,2,0,120,0,0,Normal
1e-06,udp,unknown,496,0,OTH,0,2,0,580,0,0,Normal
303.903383,tcp,dns,0,0,S1,0,6,0,384,0,1,Attack
298.958725,tcp,dns,0,0,S1,0,4,0,256,0,1,Attack
0.93517,tcp,unknown,82320,0,OTH,0,96,96,87504,5760,0,Normal
0.965642,tcp,unknown,114978,0,OTH,0,126,126,121782,7560,0,Normal
0.0,udp,unknown,162,0,OTH,0,2,0,246,0,0,Normal
1.934054,udp,dns,0,0,OTH,0,10,0,280,0,1,Attack
1e-06,udp,unknown,274,0,OTH,0,2,0,358,0,0,Normal
0.981723,tcp,unknown,78212,0,OTH,0,96,96,83396,5760,0,Normal
0.95413,tcp,unknown,75472,0,OTH,0,94,94,80548,5640,0,Normal
1.889558,udp,dns,0,0,OTH,0,10,0,280,0,1,Attack
3.425733,tcp,http,96,0,S1,0,16,0,640,0,1,Attack
0.0,tcp,dns,0,0,S1,0,2,0,128,0,1,Attack
1.906158,udp,dns,0,0,OTH,0,10,0,280,0,1,Attack
0.501752,udp,unknown,486,0,OTH,0,6,0,738,0,0,Normal
1.918282,udp,dns,0,0,OTH,0,10,0,280,0,1,Attack
0.497447,udp,unknown,486,0,OTH,0,6,0,738,0,0,Normal
1e-06,udp,unknown,86,0,OTH,0,2,0,170,0,0,Normal
0.978368,tcp,unknown,45736,0,OTH,0,64,64,49192,3840,0,Normal
2.93055,tcp,http,84,0,S1,0,14,0,560,0,1,Attack
2.926025,tcp,http,84,0,S1,0,14,0,560,0,1,Attack
1e-06,udp,unknown,496,0,OTH,0,2,0,580,0,0,Normal
0.0,tcp,dns,0,0,S1,0,2,0,128,0,1,Attack
1.901725,udp,dns,0,0,OTH,0,10,0,280,0,1,Attack
1.905061,udp,dns,0,0,OTH,0,10,0,280,0,1,Attack
0.0,udp,unknown,496,0,OTH,0,2,0,580,0,0,Normal
2.947078,tcp,http,84,0,S1,0,14,0,560,0,1,Attack
3.423436,tcp,http,96,0,S1,0,16,0,640,0,1,Attack
1.906196,udp,dns,0,0,OTH,0,10,0,280,0,1,Attack
1e-06,udp,dhcp,1480,0,OTH,0,2,0,1564,0,0,Normal
1.892283,udp,dns,0,0,OTH,0,10,0,280,0,1,Attack
0.0,tcp,dns,0,0,S1,0,2,0,128,0,1,Attack
1.898824,udp,dns,0,0,OTH,0,10,0,280,0,1,Attack
67.910709,tcp,dns,0,0,S1,0,4,0,256,0,1,Attack
1.914239,udp,dns,0,0,OTH,0,10,0,280,0,1,Attack
0.0,tcp,ssl,0,0,S1,0,2,0,120,0,1,Attack
0.512602,udp,unknown,486,0,OTH,0,6,0,738,0,0,Normal
1.901868,udp,dns,0,0,OTH,0,10,0,280,0,1,Attack
29.096597,tcp,dns,0,0,S1,0,4,0,256,0,1,Attack
0.97178,tcp,unknown,109710,0,OTH,0,120,114,116190,6840,0,Normal
0.966089,tcp,unknown,112760,0,OTH,0,122,122,119348,7320,0,Normal
0.0,tcp,dns,0,0,S1,0,2,0,128,0,1,Attack
0.962014,tcp,unknown,70850,0,OTH,0,88,88,75602,5280,0,Normal
0.975198,tcp,unknown,115474,0,OTH,0,126,124,122278,7440,0,Normal
0.985725,tcp,unknown,76654,0,OTH,0,98,98,81946,5880,0,Normal
0.0,tcp,dns,0,0,S1,0,2,0,128,0,1,Attack
0.0,tcp,ssl,0,0,S1,0,2,0,120,0,1,Attack
0.977091,tcp,unknown,79272,0,OTH,0,102,102,84780,6120,0,Normal
0.501007,udp,unknown,486,0,OTH,0,6,0,738,0,0,Normal
2.927883,tcp,http,84,0,S1,0,14,0,560,0,1,Attack
1.914494,udp,dns,0,0,OTH,0,10,0,280,0,1,Attack
0.925117,tcp,unknown,88912,0,OTH,0,104,104,94528,6240,0,Normal
0.0,tcp,ssl,0,0,S1,0,2,0,120,0,1,Attack
0.0,tcp,dns,0,0,S1,0,2,0,128,0,1,Attack
0.931582,tcp,unknown,97014,0,OTH,0,108,106,102846,6360,0,Normal
0.948382,tcp,unknown,94384,0,OTH,0,104,104,100000,6240,0,Normal
0.274333,other,unknown,0,0,OTH,0,2,0,120,0,0,Normal
1.893797,udp,dns,0,0,OTH,0,10,0,280,0,1,Attack
0.96325,tcp,unknown,58344,0,OTH,0,72,72,62232,4320,0,Normal
1.890377,udp,dns,0,0,OTH,0,10,0,280,0,1,Attack
1e-06,udp,unknown,496,0,OTH,0,2,0,580,0,0,Normal
0.0,udp,dhcp,1480,0,OTH,0,2,0,1564,0,0,Normal
0.276651,other,unknown,0,0,OTH,0,2,0,120,0,0,Normal
0.0,tcp,dns,0,0,S1,0,2,0,128,0,1,Attack
0.0,tcp,dns,0,0,S1,0,2,0,128,0,1,Attack
0.96361,tcp,unknown,54900,0,OTH,0,72,72,58788,4320,0,Normal
0.978357,udp,unknown,1538,0,OTH,0,8,0,1874,0,0,Normal
0.0,tcp,dns,0,0,S1,0,2,0,128,0,1,Attack
0.0,tcp,dns,0,0,S1,0,2,0,128,0,1,Attack
1e-06,udp,unknown,496,0,OTH,0,2,0,580,0,0,Normal
0.918404,tcp,unknown,54050,0,OTH,0,76,76,58154,4560,0,Normal
0.988309,tcp,unknown,112180,0,OTH,0,126,126,118984,7560,0,Normal
1e-06,udp,unknown,496,0,OTH,0,2,0,580,0,0,Normal
1.922283,udp,dns,0,0,OTH,0,10,0,280,0,1,Attack
3.423429,tcp,http,90,0,S1,0,15,0,600,0,1,Attack
0.0,tcp,ssl,0,0,S1,0,2,0,120,0,1,Attack
1e-06,udp,unknown,496,0,OTH,0,2,0,580,0,0,Normal
0.0,udp,unknown,274,0,OTH,0,2,0,358,0,0,Normal
0.972061,tcp,unknown,87052,0,OTH,0,100,98,92452,5880,0,Normal
0.964828,tcp,unknown,70308,0,OTH,0,90,90,75168,5400,0,Normal
0.0,tcp,dns,0,0,S1,0,2,0,128,0,1,Attack
0.0,tcp,dns,0,0,S1,0,2,0,128,0,1,Attack
1.922424,udp,dns,0,0,OTH,0,10,0,280,0,1,Attack
0.0,tcp,ssl,0,0,S1,0,2,0,120,0,1,Attack
0.0,tcp,dns,0,0,S1,0,2,0,128,0,1,Attack
1e-06,udp,dhcp,1480,0,OTH,0,2,0,1564,0,0,Normal
1e-06,tcp,ssl,0,0,S1,0,2,0,120,0,1,Attack
1.934758,udp,dns,0,0,OTH,0,10,0,280,0,1,Attack
1.416878,udp,dns,0,0,OTH,0,8,0,224,0,1,Attack
1e-06,tcp,ssl,0,0,S1,0,2,0,120,0,1,Attack
1.900073,udp,dns,0,0,OTH,0,10,0,280,0,1,Attack
0.0,tcp,dns,0,0,S1,0,2,0,128,0,1,Attack
1e-06,tcp,ssl,0,0,S1,0,2,0,120,0,1,Attack
0.959404,tcp,unknown,73344,0,OTH,0,94,94,78420,5640,0,Normal
1e-06,udp,unknown,496,0,OTH,0,2,0,580,0,0,Normal
0.991739,tcp,unknown,79984,0,OTH,0,98,98,85276,5880,0,Normal
2.914846,tcp,http,84,0,S1,0,14,0,560,0,1,Attack
0.973216,tcp,unknown,132190,0,OTH,0,128,112,139102,6720,0,Normal
0.0,tcp,dns,0,0,S1,0,2,0,128,0,1,Attack
0.970217,tcp,unknown,101248,0,OTH,0,114,110,107404,6600,0,Normal
2.936929,tcp,http,84,0,S1,0,14,0,560,0,1,Attack
1.903602,udp,dns,0,0,OTH,0,10,0,280,0,1,Attack
0.989228,tcp,unknown,111118,0,OTH,0,120,120,117598,7200,0,Normal
0.0,tcp,ssl,0,0,S1,0,2,0,120,0,1,Attack
1.915927,udp,dns,0,0,OTH,0,10,0,280,0,1,Attack
0.0,tcp,dns,0,0,S1,0,2,0,128,0,1,Attack
1e-06,tcp,dns,0,0,S1,0,2,0,128,0,1,Attack
2.945868,tcp,http,84,0,S1,0,14,0,560,0,1,Attack
1e-06,udp,unknown,496,0,OTH,0,2,0,580,0,0,Normal
2.944668,tcp,http,84,0,S1,0,14,0,560,0,1,Attack
0.0,tcp,dns,0,0,S1,0,2,0,128,0,1,Attack
1e-06,udp,unknown,496,0,OTH,0,2,0,580,0,0,Normal
0.94829,tcp,unknown,74754,0,OTH,0,92,92,79722,5520,0,Normal
0.0,other,unknown,0,0,OTH,0,1,0,60,0,0,Normal
0.711333,other,unknown,0,0,OTH,0,3,0,180,0,0,Normal
1.907662,udp,dns,0,0,OTH,0,10,0,280,0,1,Attack
1.416839,udp,dns,0,0,OTH,0,8,0,224,0,1,Attack
0.979071,tcp,unknown,79546,0,OTH,0,96,94,84730,5640,0,Normal
0.0,tcp,dns,0,0,S1,0,2,0,128,0,1,Attack
0.0,tcp,dns,0,0,S1,0,2,0,128,0,1,Attack
0.98046,tcp,unknown,73230,0,OTH,0,88,88,77982,5280,0,Normal
2.908411,tcp,http,84,0,S1,0,14,0,560,0,1,Attack
3.428247,tcp,http,96,0,S1,0,16,0,640,0,1,Attack
1.89181,udp,dns,0,0,OTH,0,10,0,280,0,1,Attack
0.916204,tcp,unknown,48038,0,OTH,0,68,68,51710,4080,0,Normal
1.912041,udp,dns,0,0,OTH,0,10,0,280,0,1,Attack
0.0,tcp,dns,0,0,S1,0,2,0,128,0,1,Attack
1e-06,udp,unknown,496,0,OTH,0,2,0,580,0,0,Normal
0.0,other,unknown,0,0,OTH,0,1,0,60,0,0,Normal
0.96932,tcp,unknown,113868,0,OTH,0,126,124,120672,7440,0,Normal
1.899023,udp,dns,0,0,OTH,0,10,0,280,0,1,Attack
1e-06,tcp,ssl,0,0,S1,0,2,0,120,0,1,Attack
2.938676,tcp,http,84,0,S1,0,14,0,560,0,1,Attack
0.256623,tcp,unknown,7920,0,OTH,0,18,16,8892,960,0,Normal
0.550961,other,unknown,0,0,OTH,0,2,0,120,0,0,Normal
0.973988,tcp,unknown,87826,0,OTH,0,108,108,93658,6480,0,Normal
0.005095,tcp,unknown,4,12,RSTR,0,2,2,88,80,1,Attack
0.94054,tcp,unknown,112184,0,OTH,0,124,124,118880,7440,0,Normal
1.906767,udp,dns,0,0,OTH,0,10,0,280,0,1,Attack
0.964024,tcp,unknown,42262,0,OTH,0,72,72,46150,4320,0,Normal
0.999718,tcp,unknown,72692,0,OTH,0,102,102,78200,6120,0,Normal
0.0,tcp,dns,0,0,S1,0,2,0,128,0,1,Attack
0.955737,tcp,unknown,83234,0,OTH,0,92,92,88202,5520,0,Normal
0.965172,tcp,unknown,89722,0,OTH,0,106,106,95446,6360,0,Normal
0.0,tcp,dns,0,0,S1,0,2,0,128,0,1,Attack
2.913971,tcp,http,84,0,S1,0,14,0,560,0,1,Attack
1.414848,udp,dns,0,0,OTH,0,8,0,224,0,1,Attack
0.938574,tcp,unknown,74554,0,OTH,0,96,96,79738,5760,0,Normal
0.963707,tcp,unknown,74724,0,OTH,0,96,96,79908,5760,0,Normal
1.90468,udp,dns,0,0,OTH,0,10,0,280,0,1,Attack
1.222094,udp,unknown,231898,0,OTH,0,200,0,237498,0,1,Attack
3.424657,tcp,http,96,0,S1,0,16,0,640,0,1,Attack
1.895856,udp,dns,0,0,OTH,0,10,0,280,0,1,Attack
0.0,tcp,ssl,0,0,S1,0,2,0,120,0,1,Attack
1.893141,udp,dns,0,0,OTH,0,10,0,280,0,1,Attack
0.545081,tcp,unknown,44000,0,RSTO,0,52,50,46820,3000,0,Normal
0.0,udp,unknown,496,0,OTH,0,2,0,580,0,0,Normal
0.0,tcp,ssl,0,0,S1,0,2,0,120,0,1,Attack
0.50182,udp,unknown,486,0,OTH,0,6,0,738,0,0,Normal
3.427935,tcp,http,96,0,S1,0,16,0,640,0,1,Attack
0.042326,tcp,unknown,4,12,RSTR,0,2,2,88,80,1,Attack
0.269846,udp,unknown,266802,0,OTH,0,232,0,273298,0,1,Attack
0.982462,tcp,unknown,95526,0,OTH,0,114,114,101682,6840,0,Normal
0.969159,tcp,unknown,80428,0,OTH,0,100,100,85828,6000,0,Normal
0.983561,tcp,unknown,57430,0,OTH,0,76,76,61534,4560,0,Normal
0.016485,tcp,http,0,12,RSTR,0,2,2,120,80,1,Attack
2.945143,tcp,http,84,0,S1,0,14,0,560,0,1,Attack
0.0,tcp,ssl,0,0,S1,0,2,0,120,0,1,Attack
0.250219,udp,unknown,324,0,OTH,0,4,0,492,0,0,Normal
1e-06,udp,unknown,496,0,OTH,0,2,0,580,0,0,Normal
0.981116,tcp,unknown,58864,0,OTH,0,72,72,62752,4320,0,Normal
0.964974,tcp,unknown,117588,0,OTH,0,128,128,124500,7680,0,Normal
0.012155,tcp,unknown,4,12,RSTR,0,2,2,88,80,1,Attack
0.0,udp,dhcp,1480,0,OTH,0,2,0,1564,0,0,Normal
0.0,udp,unknown,274,0,OTH,0,2,0,358,0,0,Normal
0.751906,udp,unknown,1144,0,OTH,0,10,0,1564,0,0,Normal
0.988636,tcp,unknown,75858,0,OTH,0,102,102,81366,6120,0,Normal
93.058261,tcp,dns,0,0,S1,0,4,0,256,0,1,Attack
0.004262,tcp,unknown,1762,930,SF,0,12,10,2402,1466,1,Attack
1.905683,udp,dns,0,0,OTH,0,10,0,280,0,1,Attack
1.924845,udp,dns,0,0,OTH,0,10,0,280,0,1,Attack
1e-06,udp,unknown,496,0,OTH,0,2,0,580,0,0,Normal
1.912079,udp,dns,0,0,OTH,0,10,0,280,0,1,Attack
0.005438,tcp,unknown,4,12,RSTR,0,2,2,88,80,1,Attack
1.904663,udp,dns,0,0,OTH,0,10,0,280,0,1,Attack
2.933236,tcp,http,84,0,S1,0,14,0,560,0,1,Attack
0.961152,tcp,unknown,77034,0,OTH,0,98,98,82326,5880,0,Normal
1e-06,udp,dhcp,1480,0,OTH,0,2,0,1564,0,0,Normal
0.0,tcp,dns,0,0,S1,0,2,0,128,0,1,Attack
3.423438,tcp,http,96,0,S1,0,16,0,640,0,1,Attack
0.526475,udp,unknown,820,0,OTH,0,6,0,1072,0,0,Normal
0.977147,tcp,unknown,99662,0,OTH,0,118,118,106034,7080,0,Normal
1.927139,udp,dns,0,0,OTH,0,10,0,280,0,1,Attack
0.0,udp,unknown,496,0,OTH,0,2,0,580,0,0,Normal
0.990321,tcp,unknown,85634,0,OTH,0,100,100,91034,6000,0,Normal
181.921508,tcp,dns,0,0,S1,0,4,0,256,0,1,Attack
0.0,tcp,ssl,0,0,S1,0,2,0,120,0,1,Attack
0.0,tcp,dns,0,0,S1,0,2,0,128,0,1,Attack
0.0,tcp,dns,0,0,S1,0,2,0,128,0,1,Attack
0.0,tcp,ssl,0,0,S1,0,2,0,120,0,1,Attack
0.964355,tcp,unknown,56228,0,OTH,0,78,78,60440,4680,0,Normal
0.0,tcp,dns,0,0,S1,0,2,0,128,0,1,Attack
0.0,tcp,dns,0,0,S1,0,2,0,128,0,1,Attack
0.0,tcp,dns,0,0,S1,0,2,0,128,0,1,Attack
0.984711,tcp,unknown,75458,0,OTH,0,92,92,80426,5520,0,Normal
0.111301,tcp,unknown,1674,1058,S1,0,10,14,2242,1878,0,Normal
0.960241,tcp,unknown,57424,0,OTH,0,72,72,61312,4320,0,Normal
1.059739,tcp,ssl,0,0,S1,0,4,0,240,0,1,Attack
0.961729,tcp,unknown,60418,0,OTH,0,86,86,65062,5160,0,Normal
0.0,tcp,ssl,0,0,S1,0,2,0,120,0,1,Attack
0.0,tcp,dns,0,0,S1,0,2,0,128,0,1,Attack
1e-06,tcp,ssl,0,0,S1,0,2,0,120,0,1,Attack
0.95041,tcp,unknown,69852,0,OTH,0,96,96,75036,5760,0,Normal
0.273404,udp,unknown,658,0,OTH,0,4,0,826,0,0,Normal
7.693443,tcp,dns,0,0,S1,0,4,0,256,0,1,Attack
0.0,other,unknown,0,0,OTH,0,1,0,60,0,0,Normal
1.934981,udp,dns,0,0,OTH,0,10,0,280,0,1,Attack
0.933602,tcp,unknown,109744,0,OTH,0,120,118,116224,7080,0,Normal
0.0,other,unknown,0,0,OTH,0,1,0,60,0,0,Normal
0.0,other,unknown,0,0,OTH,0,1,0,60,0,0,Normal
0.0,tcp,dns,0,0,S1,0,2,0,128,0,1,Attack
1e-06,udp,unknown,496,0,OTH,0,2,0,580,0,0,Normal
0.965893,tcp,unknown,55528,0,OTH,0,74,74,59524,4440,0,Normal
1.913514,udp,dns,0,0,OTH,0,10,0,280,0,1,Attack
2.9231,tcp,http,84,0,S1,0,14,0,560,0,1,Attack
0.55075,other,unknown,0,0,OTH,0,2,0,120,0,0,Normal
0.711419,other,unknown,0,0,OTH,0,3,0,182,0,0,Normal
3.424547,tcp,http,90,0,S1,0,15,0,600,0,1,Attack
0.0,other,unknown,0,0,OTH,0,1,0,60,0,0,Normal
1e-06,tcp,ssl,0,0,S1,0,2,0,120,0,1,Attack
0.0,tcp,dns,0,0,S1,0,2,0,128,0,1,Attack
3.423986,tcp,http,96,0,S1,0,16,0,640,0,1,Attack
1.915438,udp,dns,0,0,OTH,0,10,0,280,0,1,Attack
0.961092,tcp,unknown,79932,0,OTH,0,94,94,85008,5640,0,Normal
2.946929,tcp,http,84,0,S1,0,14,0,560,0,1,Attack
0.0,tcp,ssl,0,0,S1,0,2,0,120,0,1,Attack
2.944671,tcp,http,84,0,S1,0,14,0,560,0,1,Attack
2.939015,tcp,http,84,0,S1,0,14,0,560,0,1,Attack
0.959052,tcp,unknown,71568,0,OTH,0,96,96,76752,5760,0,Normal
1.932683,udp,dns,0,0,OTH,0,10,0,280,0,1,Attack
1e-06,tcp,dns,0,0,S1,0,2,0,128,0,1,Attack
0.953584,tcp,unknown,71358,0,OTH,0,96,96,76542,5760,0,Normal
3.423677,tcp,http,96,0,S1,0,16,0,640,0,1,Attack
1e-06,tcp,dns,0,0,S1,0,2,0,128,0,1,Attack
0.0,tcp,ssl,0,0,S1,0,2,0,120,0,1,Attack
0.0,tcp,ssl,0,0,S1,0,2,0,120,0,1,Attack
0.0,tcp,ssl,0,0,S1,0,2,0,120,0,1,Attack
0.0,other,unknown,0,0,OTH,0,1,0,60,0,0,Normal
0.29043,other,unknown,0,0,OTH,0,2,0,120,0,0,Normal
1.922212,udp,dns,0,0,OTH,0,10,0,280,0,1,Attack
0.984426,tcp,unknown,82036,0,OTH,0,108,108,87868,6480,0,Normal
0.0,tcp,ssl,0,0,S1,0,2,0,120,0,1,Attack
1e-06,udp,unknown,496,0,OTH,0,2,0,580,0,0,Normal
0.676079,tcp,unknown,173688,1320,S1,0,160,156,182344,10648,0,Normal
0.983953,tcp,unknown,94462,0,OTH,0,110,110,100402,6600,0,Normal
0.964245,tcp,unknown,93502,0,OTH,0,102,100,99010,6000,0,Normal
1.418161,udp,dns,0,0,OTH,0,8,0,224,0,1,Attack
1e-06,tcp,dns,0,0,S1,0,2,0,128,0,1,Attack
0.0,tcp,dns,0,0,S1,0,2,0,128,0,1,Attack
1.891418,udp,dns,0,0,OTH,0,10,0,280,0,1,Attack
0.0,tcp,dns,0,0,S1,0,2,0,128,0,1,Attack
3.426543,tcp,http,96,0,S1,0,16,0,640,0,1,Attack
2.923665,tcp,http,84,0,S1,0,14,0,560,0,1,Attack
38.983859,tcp,dns,0,0,S1,0,4,0,256,0,1,Attack
0.0,udp,unknown,496,0,OTH,0,2,0,580,0,0,Normal
1e-06,tcp,ssl,0,0,S1,0,2,0,120,0,1,Attack
0.929887,tcp,unknown,60356,0,OTH,0,74,74,64352,4440,0,Normal
0.251596,udp,unknown,324,0,OTH,0,4,0,492,0,0,Normal
1.418321,udp,dns,0,0,OTH,0,8,0,224,0,1,Attack
0.985503,tcp,unknown,74978,0,OTH,0,96,96,80162,5760,0,Normal
0.991542,tcp,unknown,79676,0,OTH,0,92,86,84644,5160,0,Normal
0.0,tcp,dns,0,0,S1,0,2,0,128,0,1,Attack
1.914186,udp,dns,0,0,OTH,0,10,0,280,0,1,Attack
0.876861,tcp,unknown,111280,1320,S1,0,120,102,117788,7408,0,Normal
0.964846,tcp,unknown,97232,0,OTH,0,114,114,103388,6840,0,Normal
2.939332,tcp,http,84,0,S1,0,14,0,560,0,1,Attack
1.912404,udp,dns,0,0,OTH,0,10,0,280,0,1,Attack
0.597704,other,unknown,0,0,OTH,0,2,0,120,0,0,Normal
0.500803,udp,unknown,820,0,OTH,0,6,0,1072,0,0,Normal
0.0,tcp,dns,0,0,S1,0,2,0,128,0,1,Attack
0.986475,tcp,unknown,79630,0,OTH,0,98,96,84922,5760,0,Normal
0.979425,tcp,unknown,74144,0,OTH,0,100,100,79544,6000,0,Normal
0.963619,tcp,unknown,108900,0,OTH,0,116,116,115164,6960,0,Normal
2.923686,tcp,http,84,0,S1,0,14,0,560,0,1,Attack
0.98924,tcp,unknown,55272,0,OTH,0,76,76,59376,4560,0,Normal
0.984239,tcp,unknown,99388,0,OTH,0,112,110,105436,6600,0,Normal
1.925079,udp,dns,0,0,OTH,0,10,0,280,0,1,Attack
2.914004,tcp,http,84,0,S1,0,14,0,560,0,1,Attack
1.417149,udp,dns,0,0,OTH,0,8,0,224,0,1,Attack
0.0,other,unknown,0,0,OTH,0,1,0,60,0,0,Normal
1.923127,udp,dns,0,0,OTH,0,10,0,280,0,1,Attack
1.889714,udp,dns,0,0,OTH,0,10,0,280,0,1,Attack
1e-06,tcp,ssl,0,0,S1,0,2,0,120,0,1,Attack
2.944747,tcp,http,84,0,S1,0,14,0,560,0,1,Attack
0.0,udp,unknown,496,0,OTH,0,2,0,580,0,0,Normal
3.429265,tcp,http,96,0,S1,0,16,0,640,0,1,Attack
0.973981,tcp,unknown,80750,0,OTH,0,92,92,85718,5520,0,Normal
1.5e-05,tcp,ssl,0,0,S1,0,2,0,120,0,1,Attack
1.921462,udp,dns,0,0,OTH,0,10,0,280,0,1,Attack
0.998025,tcp,unknown,76446,0,OTH,0,96,96,81630,5760,0,Normal
1.910987,udp,dns,0,0,OTH,0,10,0,280,0,1,Attack
1.925099,udp,dns,0,0,OTH,0,10,0,280,0,1,Attack
0.0,udp,unknown,496,0,OTH,0,2,0,580,0,0,Normal
106.890053,tcp,dns,0,0,S1,0,4,0,256,0,1,Attack
0.0,tcp,dns,0,0,S1,0,2,0,128,0,1,Attack
0.977521,tcp,unknown,103274,0,OTH,0,98,94,108566,5640,0,Normal
0.0,other,unknown,0,0,OTH,0,1,0,60,0,0,Normal
1e-06,tcp,ssl,0,0,S1,0,2,0,120,0,1,Attack
127.805324,tcp,dns,0,0,S1,0,4,0,256,0,1,Attack
1e-06,tcp,ssl,0,0,S1,0,2,0,120,0,1,Attack
1e-06,udp,unknown,496,0,OTH,0,2,0,580,0,0,Normal
0.0,tcp,dns,0,0,S1,0,2,0,128,0,1,Attack
1.914896,udp,dns,0,0,OTH,0,10,0,280,0,1,Attack
0.995559,tcp,unknown,105726,0,OTH,0,114,114,111882,6840,0,Normal
0.983638,tcp,unknown,61974,0,OTH,0,76,76,66078,4560,0,Normal
1e-06,udp,unknown,496,0,OTH,0,2,0,580,0,0,Normal
0.988009,tcp,unknown,204044,0,OTH,0,186,146,214088,8760,0,Normal
0.949738,tcp,unknown,94154,0,OTH,0,110,110,100094,6600,0,Normal
1e-06,udp,unknown,496,0,OTH,0,2,0,580,0,0,Normal
1.906423,udp,dns,0,0,OTH,0,10,0,280,0,1,Attack
1e-06,tcp,ssl,0,0,S1,0,2,0,120,0,1,Attack
1.927896,udp,dns,0,0,OTH,0,9,0,252,0,1,Attack
0.984769,tcp,unknown,59902,0,OTH,0,86,86,64546,5160,0,Normal
0.964515,tcp,unknown,72666,0,OTH,0,94,94,77742,5640,0,Normal
0.966014,tcp,unknown,83888,0,OTH,0,104,104,89504,6240,0,Normal
3.423997,tcp,http,90,0,S1,0,15,0,600,0,1,Attack
1.904494,udp,dns,0,0,OTH,0,10,0,280,0,1,Attack
0.0,tcp,ssl,0,0,S1,0,2,0,120,0,1,Attack
1.889501,udp,dns,0,0,OTH,0,10,0,280,0,1,Attack
3.428344,tcp,http,96,0,S1,0,16,0,640,0,1,Attack
1e-06,udp,unknown,496,0,OTH,0,2,0,580,0,0,Normal
1e-06,udp,unknown,496,0,OTH,0,2,0,580,0,0,Normal
0.0,tcp,dns,0,0,S1,0,2,0,128,0,1,Attack
1e-06,tcp,ssl,0,0,S1,0,2,0,120,0,1,Attack
1e-06,tcp,ssl,0,0,S1,0,2,0,120,0,1,Attack
0.970042,tcp,unknown,58128,0,OTH,0,76,76,62232,4560,0,Normal
1e-06,tcp,ssl,0,0,S1,0,2,0,120,0,1,Attack
0.0,tcp,ssl,0,0,S1,0,2,0,120,0,1,Attack
1.92104,udp,dns,0,0,OTH,0,10,0,280,0,1,Attack
0.0,udp,unknown,274,0,OTH,0,2,0,358,0,0,Normal
0.0,udp,unknown,496,0,OTH,0,2,0,580,0,0,Normal
0.0,tcp,ssl,0,0,S1,0,2,0,120,0,1,Attack
0.982685,tcp,unknown,112334,0,OTH,0,112,108,118382,6480,0,Normal
0.978414,tcp,unknown,87684,0,OTH,0,98,98,92976,5880,0,Normal
2.944828,tcp,http,84,0,S1,0,14,0,560,0,1,Attack
0.0,other,unknown,0,0,OTH,0,1,0,60,0,0,Normal
1e-06,tcp,dns,0,0,S1,0,2,0,128,0,1,Attack
0.268799,udp,unknown,658,0,OTH,0,4,0,826,0,0,Normal
1.926103,udp,dns,0,0,OTH,0,10,0,280,0,1,Attack
0.964369,tcp,unknown,77792,0,OTH,0,108,108,83624,6480,0,Normal
1e-06,udp,unknown,496,0,OTH,0,2,0,580,0,0,Normal
1.912571,udp,dns,0,0,OTH,0,10,0,280,0,1,Attack
0.96427,tcp,unknown,105040,0,OTH,0,122,122,111628,7320,0,Normal
0.0,udp,unknown,496,0,OTH,0,2,0,580,0,0,Normal
0.977622,tcp,unknown,51638,0,OTH,0,72,72,55526,4320,0,Normal
0.0,other,unknown,0,0,OTH,0,1,0,60,0,0,Normal
0.0,other,unknown,0,0,OTH,0,1,0,60,0,0,Normal
0.501751,udp,unknown,820,0,OTH,0,6,0,1072,0,0,Normal
1.926935,udp,dns,0,0,OTH,0,10,0,280,0,1,Attack
0.942752,tcp,unknown,103340,0,OTH,0,120,118,109820,7080,0,Normal
100.064131,tcp,dns,0,0,S1,0,4,0,256,0,1,Attack
2.927574,tcp,http,84,0,S1,0,14,0,560,0,1,Attack
0.0,tcp,ssl,0,0,S1,0,2,0,120,0,1,Attack
0.0,other,unknown,0,0,OTH,0,1,0,60,0,0,Normal
0.984486,tcp,unknown,49202,0,OTH,0,72,72,53090,4320,0,Normal
1.921786,udp,dns,0,0,OTH,0,10,0,280,0,1,Attack
0.0,tcp,dns,0,0,S1,0,2,0,128,0,1,Attack
0.0,tcp,dns,0,0,S1,0,2,0,128,0,1,Attack
0.0,tcp,dns,0,0,S1,0,2,0,128,0,1,Attack
1.912409,udp,dns,0,0,OTH,0,10,0,280,0,1,Attack
0.953925,tcp,unknown,70292,0,OTH,0,84,84,74828,5040,0,Normal
1e-06,udp,unknown,496,0,OTH,0,2,0,580,0,0,Normal
0.96719,tcp,unknown,72888,0,OTH,0,94,94,77964,5640,0,Normal
0.0,tcp,ssl,0,0,S1,0,2,0,120,0,1,Attack
2.907267,tcp,http,84,0,S1,0,14,0,560,0,1,Attack
0.976627,tcp,unknown,61610,0,OTH,0,84,86,66146,5160,0,Normal
0.736572,other,unknown,0,0,OTH,0,2,0,120,0,0,Normal
0.0,tcp,dns,0,0,S1,0,2,0,128,0,1,Attack
320.882624,tcp,dns,0,0,S1,0,4,0,256,0,1,Attack
258.457165,tcp,dns,0,0,S1,0,4,0,256,0,1,Attack
2.907941,tcp,http,84,0,S1,0,14,0,560,0,1,Attack
3.424414,tcp,http,96,0,S1,0,16,0,640,0,1,Attack
0.0,udp,unknown,496,0,OTH,0,2,0,580,0,0,Normal
1e-06,udp,unknown,496,0,OTH,0,2,0,580,0,0,Normal
0.961549,tcp,unknown,73228,0,OTH,0,96,96,78412,5760,0,Normal
0.0,other,unknown,0,0,OTH,0,1,0,60,0,0,Normal
1.922057,udp,dns,0,0,OTH,0,10,0,280,0,1,Attack
0.0,udp,unknown,162,0,OTH,0,2,0,246,0,0,Normal
0.518499,udp,unknown,486,0,OTH,0,6,0,738,0,0,Normal
1.891102,udp,dns,0,0,OTH,0,10,0,280,0,1,Attack
3.42463,tcp,http,96,0,S1,0,16,0,640,0,1,Attack
0.676886,tcp,unknown,40330,0,RSTO,0,50,48,43042,2880,0,Normal
0.000103,udp,dhcp,1480,0,OTH,0,2,0,1564,0,0,Normal
1.906591,udp,dns,0,0,OTH,0,10,0,280,0,1,Attack
1.922238,udp,dns,0,0,OTH,0,9,0,252,0,1,Attack
1.915367,udp,dns,0,0,OTH,0,10,0,280,0,1,Attack
0.992748,tcp,unknown,72746,0,OTH,0,86,86,77390,5160,0,Normal
0.903962,tcp,unknown,62076,0,OTH,0,76,76,66180,4560,0,Normal
11.596908,tcp,dns,0,0,S1,0,4,0,256,0,1,Attack
1.915565,udp,dns,0,0,OTH,0,10,0,280,0,1,Attack
0.989436,tcp,unknown,69980,0,OTH,0,96,96,75164,5760,0,Normal
0.994261,tcp,unknown,107094,0,OTH,0,120,120,113574,7200,0,Normal
1e-06,tcp,dns,0,0,S1,0,2,0,128,0,1,Attack
0.937058,tcp,unknown,99168,0,OTH,0,108,108,105000,6480,0,Normal
0.0,tcp,dns,0,0,S1,0,2,0,128,0,1,Attack
2.945848,tcp,http,84,0,S1,0,14,0,560,0,1,Attack
0.0,other,unknown,0,0,OTH,0,1,0,60,0,0,Normal
1.892325,udp,dns,0,0,OTH,0,10,0,280,0,1,Attack
0.0,tcp,dns,0,0,S1,0,2,0,128,0,1,Attack
0.966913,tcp,unknown,64120,0,OTH,0,86,86,68764,5160,0,Normal
0.283637,other,unknown,0,0,OTH,0,2,0,120,0,0,Normal
2.947015,tcp,http,84,0,S1,0,14,0,560,0,1,Attack
1.915512,udp,dns,0,0,OTH,0,10,0,280,0,1,Attack
0.0,other,unknown,0,0,OTH,0,1,0,60,0,0,Normal
0.0,tcp,dns,0,0,S1,0,2,0,128,0,1,Attack
0.0,tcp,dns,0,0,S1,0,2,0,128,0,1,Attack
1.913628,udp,dns,0,0,OTH,0,10,0,280,0,1,Attack
0.966652,tcp,unknown,86808,0,OTH,0,100,100,92208,6000,0,Normal
3.424215,tcp,http,96,0,S1,0,16,0,640,0,1,Attack
0.0,tcp,ssl,0,0,S1,0,2,0,120,0,1,Attack
1e-06,tcp,dns,0,0,S1,0,2,0,128,0,1,Attack
3.426266,tcp,http,96,0,S1,0,16,0,640,0,1,Attack
1.905072,udp,dns,0,0,OTH,0,10,0,280,0,1,Attack
1e-06,udp,unknown,496,0,OTH,0,2,0,580,0,0,Normal
1e-06,tcp,ssl,0,0,S1,0,2,0,120,0,1,Attack
0.0,udp,unknown,496,0,OTH,0,2,0,580,0,0,Normal
2.944452,tcp,http,84,0,S1,0,14,0,560,0,1,Attack
2.906711,tcp,http,84,0,S1,0,14,0,560,0,1,Attack
1e-06,udp,unknown,496,0,OTH,0,2,0,580,0,0,Normal
0.0,tcp,ssl,0,0,S1,0,2,0,120,0,1,Attack
1e-06,udp,unknown,496,0,OTH,0,2,0,580,0,0,Normal
2.914783,tcp,http,84,0,S1,0,14,0,560,0,1,Attack
1e-06,tcp,ssl,0,0,S1,0,2,0,120,0,1,Attack
137.923108,tcp,dns,0,0,S1,0,4,0,256,0,1,Attack
0.93034,tcp,unknown,80290,0,OTH,0,92,92,85258,5520,0,Normal
1e-06,tcp,ssl,0,0,S1,0,2,0,120,0,1,Attack
3.428368,tcp,http,96,0,S1,0,16,0,640,0,1,Attack
2.937105,tcp,http,84,0,S1,0,14,0,560,0,1,Attack
0.996708,tcp,unknown,85918,0,OTH,0,102,102,91426,6120,0,Normal
1e-06,tcp,dns,0,0,S1,0,2,0,128,0,1,Attack
0.0,tcp,dns,0,0,S1,0,2,0,128,0,1,Attack
0.161013,other,unknown,0,0,OTH,0,2,0,120,0,0,Normal
2.924095,tcp,http,84,0,S1,0,14,0,560,0,1,Attack
1e-06,udp,dhcp,1480,0,OTH,0,2,0,1564,0,0,Normal
0.986047,tcp,unknown,95396,228,OTH,0,108,108,101228,6696,0,Normal
2.93986,tcp,http,84,0,S1,0,14,0,560,0,1,Attack
8.9e-05,other,unknown,0,0,OTH,0,2,0,120,0,0,Normal
1.904555,udp,dns,0,0,OTH,0,10,0,280,0,1,Attack
3.430557,tcp,http,96,0,S1,0,16,0,640,0,1,Attack
1.889209,udp,dns,0,0,OTH,0,10,0,280,0,1,Attack
1.910759,udp,dns,0,0,OTH,0,10,0,280,0,1,Attack
0.749775,udp,unknown,982,0,OTH,0,8,0,1318,0,0,Normal
0.985749,tcp,unknown,79356,0,OTH,0,100,100,84756,6000,0,Normal
0.979301,tcp,unknown,89812,0,OTH,0,106,106,95536,6360,0,Normal
0.0,tcp,ssl,0,0,S1,0,2,0,120,0,1,Attack
1.915511,udp,dns,0,0,OTH,0,10,0,280,0,1,Attack
0.959798,tcp,unknown,106130,0,OTH,0,114,110,112286,6600,0,Normal
1e-06,tcp,dns,0,0,S1,0,2,0,128,0,1,Attack
1.913958,udp,dns,0,0,OTH,0,10,0,280,0,1,Attack
0.965481,tcp,unknown,71652,0,OTH,0,102,102,77160,6120,0,Normal
1e-06,udp,unknown,496,0,OTH,0,2,0,580,0,0,Normal
0.0,tcp,ssl,0,0,S1,0,2,0,120,0,1,Attack
0.067957,udp,unknown,582,0,OTH,0,4,0,750,0,0,Normal
0.0,other,unknown,0,0,OTH,0,1,0,60,0,0,Normal
0.0,tcp,ssl,0,0,S1,0,2,0,120,0,1,Attack
1e-06,udp,unknown,496,0,OTH,0,2,0,580,0,0,Normal
0.045186,tcp,unknown,4,12,RSTR,0,2,2,88,80,1,Attack
1.902411,udp,dns,0,0,OTH,0,10,0,280,0,1,Attack
0.962638,tcp,unknown,70904,0,OTH,0,92,92,75872,5520,0,Normal
0.969887,tcp,unknown,108962,0,OTH,0,118,116,115334,6960,0,Normal
0.0,tcp,dns,0,0,S1,0,2,0,128,0,1,Attack
0.803905,other,unknown,0,0,OTH,0,3,0,180,0,0,Normal
1e-06,udp,unknown,496,0,OTH,0,2,0,580,0,0,Normal
0.0,other,unknown,0,0,OTH,0,1,0,60,0,0,Normal
1e-06,tcp,dns,0,0,S1,0,2,0,128,0,1,Attack
1.913707,udp,dns,0,0,OTH,0,10,0,280,0,1,Attack
0.0,other,unknown,0,0,OTH,0,1,0,60,0,0,Normal
1.918912,udp,dns,0,0,OTH,0,10,0,280,0,1,Attack
0.944739,tcp,unknown,91332,0,OTH,0,108,108,97164,6480,0,Normal
0.046254,tcp,http,0,12,RSTR,0,2,2,120,80,1,Attack
0.98867,tcp,unknown,81102,0,OTH,0,102,102,86610,6120,0,Normal
0.0,udp,unknown,274,0,OTH,0,2,0,358,0,0,Normal
0.0,tcp,unknown,0,0,S1,0,0,2,0,148,0,Normal
5e-05,tcp,ssl,0,0,S1,0,2,0,120,0,1,Attack
0.0,other,unknown,0,0,OTH,0,1,0,60,0,0,Normal
0.537317,tcp,unknown,41756,0,RSTO,0,48,46,44348,2760,0,Normal
3.429607,tcp,http,96,0,S1,0,16,0,640,0,1,Attack
0.943293,tcp,unknown,82312,0,OTH,0,100,100,87712,6000,0,Normal
0.0,tcp,dns,0,0,S1,0,2,0,128,0,1,Attack
0.927201,tcp,unknown,41640,0,OTH,0,68,68,45312,4080,0,Normal
2.9e-05,tcp,ssl,0,0,S1,0,2,0,120,0,1,Attack
0.969109,tcp,unknown,106792,0,OTH,0,114,114,112948,6840,0,Normal
3.423313,tcp,http,96,0,S1,0,16,0,640,0,1,Attack
0.0,tcp,dns,0,0,S1,0,2,0,128,0,1,Attack
0.0,other,unknown,0,0,OTH,0,1,0,60,0,0,Normal
2.913885,tcp,http,84,0,S1,0,14,0,560,0,1,Attack
0.019218,udp,unknown,582,0,OTH,0,4,0,750,0,0,Normal
1e-06,udp,unknown,496,0,OTH,0,2,0,580,0,0,Normal
0.0,tcp,dns,0,0,S1,0,2,0,128,0,1,Attack
1.913604,udp,dns,0,0,OTH,0,10,0,280,0,1,Attack
0.969337,tcp,unknown,109488,0,OTH,0,121,120,116022,7200,0,Normal
2.920526,tcp,http,84,0,S1,0,14,0,560,0,1,Attack
1.915788,udp,dns,0,0,OTH,0,10,0,280,0,1,Attack
0.0,other,unknown,0,0,OTH,0,1,0,60,0,0,Normal
1e-06,tcp,dns,0,0,S1,0,2,0,128,0,1,Attack
0.982536,tcp,unknown,94810,0,OTH,0,100,100,100210,6000,0,Normal
1e-06,tcp,dns,0,0,S1,0,2,0,128,0,1,Attack
0.928081,tcp,unknown,76940,0,OTH,0,96,94,82124,5640,0,Normal
2.929989,tcp,http,84,0,S1,0,14,0,560,0,1,Attack
0.303876,other,unknown,0,0,OTH,0,2,0,120,0,0,Normal
0.0,other,unknown,0,0,OTH,0,1,0,60,0,0,Normal
355.178944,udp,unknown,5600,0,OTH,0,140,0,9520,0,1,Attack
0.0,tcp,dns,0,0,S1,0,2,0,128,0,1,Attack
0.0,udp,unknown,496,0,OTH,0,2,0,580,0,0,Normal
1.934233,udp,dns,0,0,OTH,0,10,0,280,0,1,Attack
2.940127,tcp,http,84,0,S1,0,14,0,560,0,1,Attack
0.987862,tcp,unknown,72280,0,OTH,0,92,92,77248,5520,0,Normal
0.0,udp,unknown,496,0,OTH,0,2,0,580,0,0,Normal
1.910952,udp,dns,0,0,OTH,0,10,0,280,0,1,Attack
1.889278,udp,dns,0,0,OTH,0,10,0,280,0,1,Attack
1e-06,udp,unknown,496,0,OTH,0,2,0,580,0,0,Normal
2.912816,tcp,http,84,0,S1,0,14,0,560,0,1,Attack
0.02787,tcp,unknown,4,12,RSTR,0,2,2,88,80,1,Attack
3.427904,tcp,http,90,0,S1,0,15,0,600,0,1,Attack
0.0,tcp,dns,0,0,S1,0,2,0,128,0,1,Attack
0.944306,tcp,unknown,89046,0,OTH,0,114,112,95202,6720,0,Normal
1e-06,tcp,ssl,0,0,S1,0,2,0,120,0,1,Attack
0.965393,tcp,unknown,45932,0,OTH,0,70,70,49712,4200,0,Normal
0.0,other,unknown,0,0,OTH,0,1,0,60,0,0,Normal
0.966248,tcp,unknown,95580,0,OTH,0,110,110,101520,6600,0,Normal
0.004965,tcp,unknown,1762,930,SF,0,14,10,2506,1466,1,Attack
1.915778,udp,dns,0,0,OTH,0,10,0,280,0,1,Attack
0.936591,tcp,unknown,102654,0,OTH,0,124,124,109350,7440,0,Normal
0.0,tcp,ssl,0,0,S1,0,2,0,120,0,1,Attack
1.8939,udp,dns,0,0,OTH,0,10,0,280,0,1,Attack
1.892881,udp,dns,0,0,OTH,0,10,0,280,0,1,Attack
1e-06,udp,unknown,496,0,OTH,0,2,0,580,0,0,Normal
0.956193,tcp,unknown,58820,0,OTH,0,72,72,62708,4320,0,Normal
0.0,udp,unknown,496,0,OTH,0,2,0,580,0,0,Normal
1e-06,udp,unknown,496,0,OTH,0,2,0,580,0,0,Normal
1.889838,udp,dns,0,0,OTH,0,10,0,280,0,1,Attack
0.0,tcp,dns,0,0,S1,0,2,0,128,0,1,Attack
0.131124,tcp,unknown,1886,1320,S1,0,12,16,2562,2248,0,Normal
3.423445,tcp,http,96,0,S1,0,16,0,640,0,1,Attack
1.912396,udp,dns,0,0,OTH,0,10,0,280,0,1,Attack
1.920521,udp,dns,0,0,OTH,0,10,0,280,0,1,Attack
1.897045,udp,dns,0,0,OTH,0,10,0,280,0,1,Attack
0.99703,tcp,unknown,98732,0,OTH,0,116,108,104996,6480,0,Normal
0.947696,tcp,unknown,106802,0,OTH,0,110,110,112742,6600,0,Normal
1.923429,udp,dns,0,0,OTH,0,10,0,280,0,1,Attack
3.427854,tcp,http,96,0,S1,0,16,0,640,0,1,Attack
1.914602,udp,dns,0,0,OTH,0,10,0,280,0,1,Attack
0.940989,tcp,unknown,90322,0,OTH,0,102,102,95830,6120,0,Normal
1.895076,udp,dns,0,0,OTH,0,10,0,280,0,1,Attack
0.017442,other,unknown,0,0,OTH,0,2,0,120,0,0,Normal
2.93315,tcp,http,84,0,S1,0,14,0,560,0,1,Attack
2.931219,tcp,http,84,0,S1,0,14,0,560,0,1,Attack
2.915664,tcp,http,84,0,S1,0,14,0,560,0,1,Attack
0.750963,udp,unknown,982,0,OTH,0,8,0,1318,0,0,Normal
0.0,other,unknown,0,0,OTH,0,1,0,60,0,0,Normal
0.011212,tcp,http,0,12,RSTR,0,2,2,120,80,1,Attack
1e-06,udp,unknown,496,0,OTH,0,2,0,580,0,0,Normal
0.964518,tcp,unknown,58168,0,OTH,0,82,82,62596,4920,0,Normal
2.923607,tcp,http,84,0,S1,0,14,0,560,0,1,Attack
0.964955,tcp,unknown,71934,0,OTH,0,86,86,76578,5160,0,Normal
0.0,tcp,ssl,0,0,S1,0,2,0,120,0,1,Attack
0.0,tcp,dns,0,0,S1,0,2,0,128,0,1,Attack
1.889673,udp,dns,0,0,OTH,0,10,0,280,0,1,Attack
2.939823,tcp,http,84,0,S1,0,14,0,560,0,1,Attack
0.0,tcp,ssl,0,0,S1,0,2,0,120,0,1,Attack
1.914495,udp,dns,0,0,OTH,0,10,0,280,0,1,Attack
0.0,tcp,dns,0,0,S1,0,2,0,128,0,1,Attack
2.926596,tcp,http,84,0,S1,0,14,0,560,0,1,Attack
0.008598,tcp,smtp,4,12,RSTR,0,2,2,88,80,1,Attack
1.92248,udp,dns,0,0,OTH,0,10,0,280,0,1,Attack
1e-06,tcp,ssl,0,0,S1,0,2,0,120,0,1,Attack
0.964327,tcp,unknown,48756,0,OTH,0,72,72,52644,4320,0,Normal
0.192244,tcp,unknown,12970,230,RSTO,0,14,14,13726,1058,0,Normal
2.912857,tcp,http,84,0,S1,0,14,0,560,0,1,Attack
3.423498,tcp,http,96,0,S1,0,16,0,640,0,1,Attack
1e-06,udp,unknown,86,0,OTH,0,2,0,170,0,0,Normal
2.946972,tcp,http,84,0,S1,0,14,0,560,0,1,Attack
2.912418,tcp,http,84,0,S1,0,14,0,560,0,1,Attack
0.964369,tcp,unknown,72168,0,OTH,0,90,90,77028,5400,0,Normal
0.014761,tcp,http,0,12,RSTR,0,2,2,120,80,1,Attack
1.913602,udp,dns,0,0,OTH,0,10,0,280,0,1,Attack
0.971278,tcp,unknown,104626,0,OTH,0,116,116,110890,6960,0,Normal
0.967392,tcp,unknown,79608,0,OTH,0,94,94,84684,5640,0,Normal
0.993022,tcp,unknown,75836,0,OTH,0,106,106,81560,6360,0,Normal
0.990643,tcp,unknown,109306,0,OTH,0,126,126,116110,7560,0,Normal
2.917565,tcp,http,84,0,S1,0,14,0,560,0,1,Attack
0.966396,tcp,unknown,38026,0,OTH,0,72,72,41914,4320,0,Normal
0.936199,tcp,unknown,73946,0,OTH,0,88,88,78698,5280,0,Normal
0.941953,tcp,unknown,76962,0,OTH,0,96,96,82146,5760,0,Normal
176.007796,tcp,dns,0,0,S1,0,4,0,256,0,1,Attack
0.0,other,unknown,0,0,OTH,0,1,0,60,0,0,Normal
0.0,tcp,dns,0,0,S1,0,2,0,128,0,1,Attack
0.0,udp,unknown,162,0,OTH,0,2,0,246,0,0,Normal
0.971318,tcp,unknown,111436,0,OTH,0,120,120,117916,7200,0,Normal
0.96033,tcp,unknown,75504,0,OTH,0,94,94,80580,5640,0,Normal
1.41395,udp,dns,0,0,OTH,0,8,0,224,0,1,Attack
0.963062,tcp,unknown,78244,0,OTH,0,90,90,83104,5400,0,Normal
0.0,udp,unknown,274,0,OTH,0,2,0,358,0,0,Normal
0.0,tcp,dns,0,0,S1,0,2,0,128,0,1,Attack
0.976126,tcp,unknown,76594,0,OTH,0,96,96,81778,5760,0,Normal
0.213299,other,unknown,0,0,OTH,0,2,0,120,0,0,Normal
0.052444,tcp,unknown,4,12,RSTR,0,2,2,88,80,1,Attack
1e-06,tcp,ssl,0,0,S1,0,2,0,120,0,1,Attack
0.510074,udp,unknown,486,0,OTH,0,6,0,738,0,0,Normal
0.0,other,unknown,0,0,OTH,0,1,0,60,0,0,Normal
0.0,tcp,ssl,0,0,S1,0,2,0,120,0,1,Attack
0.962033,tcp,unknown,108478,0,OTH,0,122,120,115066,7200,0,Normal
0.950035,tcp,unknown,92330,0,OTH,0,106,106,98054,6360,0,Normal
0.970185,tcp,unknown,47370,0,OTH,0,72,72,51258,4320,0,Normal
0.977534,tcp,unknown,116858,0,OTH,0,128,128,123770,7680,0,Normal
1e-06,udp,unknown,496,0,OTH,0,2,0,580,0,0,Normal
0.979641,tcp,unknown,75128,0,OTH,0,92,90,80096,5400,0,Normal
0.0,other,unknown,0,0,OTH,0,1,0,60,0,0,Normal
3.428095,tcp,http,96,0,S1,0,16,0,640,0,1,Attack
0.994932,tcp,unknown,44360,0,OTH,0,76,76,48464,4560,0,Normal
0.0,udp,unknown,496,0,OTH,0,2,0,580,0,0,Normal
60.970468,tcp,dns,0,0,S1,0,4,0,256,0,1,Attack
2.93998,tcp,http,84,0,S1,0,14,0,560,0,1,Attack
1e-06,udp,unknown,496,0,OTH,0,2,0,580,0,0,Normal
0.0,tcp,ssl,0,0,S1,0,2,0,120,0,1,Attack
0.986878,tcp,unknown,78474,0,OTH,0,96,96,83658,5760,0,Normal
0.0,tcp,dns,0,0,S1,0,2,0,128,0,1,Attack
0.991649,tcp,unknown,107212,0,OTH,0,120,120,113692,7200,0,Normal
0.977734,tcp,unknown,115770,0,OTH,0,126,122,122574,7320,0,Normal
0.969425,tcp,unknown,62824,0,OTH,0,90,90,67684,5400,0,Normal
2.948133,tcp,http,84,0,S1,0,14,0,560,0,1,Attack
2.946463,tcp,http,84,0,S1,0,14,0,560,0,1,Attack
0.0,tcp,ssl,0,0,S1,0,2,0,120,0,1,Attack
1.923222,udp,dns,0,0,OTH,0,10,0,280,0,1,Attack
3.425589,tcp,http,96,0,S1,0,16,0,640,0,1,Attack
3.425732,tcp,http,90,0,S1,0,15,0,600,0,1,Attack
2.944397,tcp,http,84,0,S1,0,14,0,560,0,1,Attack
0.0,tcp,ssl,0,0,S1,0,2,0,120,0,1,Attack
0.0,other,unknown,0,0,OTH,0,1,0,60,0,0,Normal
0.962052,tcp,unknown,59250,0,OTH,0,76,76,63354,4560,0,Normal
2.944562,tcp,http,84,0,S1,0,14,0,560,0,1,Attack
1e-06,udp,unknown,496,0,OTH,0,2,0,580,0,0,Normal
0.0,tcp,dns,0,0,S1,0,2,0,128,0,1,Attack
0.0,tcp,dns,0,0,S1,0,2,0,128,0,1,Attack
2.946497,tcp,http,84,0,S1,0,14,0,560,0,1,Attack
3.429058,tcp,http,96,0,S1,0,16,0,640,0,1,Attack
0.501448,udp,unknown,486,0,OTH,0,6,0,738,0,0,Normal
2.914512,tcp,http,84,0,S1,0,14,0,560,0,1,Attack
1.906794,udp,dns,0,0,OTH,0,10,0,280,0,1,Attack
0.965044,tcp,unknown,76176,0,OTH,0,98,98,81468,5880,0,Normal
0.0,tcp,dns,0,0,S1,0,2,0,128,0,1,Attack
1e-06,udp,unknown,274,0,OTH,0,2,0,358,0,0,Normal
1.921661,udp,dns,0,0,OTH,0,10,0,280,0,1,Attack
0.004562,tcp,unknown,1760,930,SF,0,14,10,2504,1466,1,Attack
2.909362,tcp,http,84,0,S1,0,14,0,560,0,1,Attack
1e-06,tcp,dns,0,0,S1,0,2,0,128,0,1,Attack
1e-06,udp,unknown,162,0,OTH,0,2,0,246,0,0,Normal
0.0,other,unknown,0,0,OTH,0,1,0,60,0,0,Normal
0.0,tcp,dns,0,0,S1,0,2,0,128,0,1,Attack
0.0,tcp,dns,0,0,S1,0,2,0,128,0,1,Attack
0.983125,tcp,unknown,65206,0,OTH,0,92,92,70174,5520,0,Normal
0.995411,tcp,unknown,89142,0,OTH,0,110,110,95082,6600,0,Normal
0.986892,tcp,unknown,116744,0,OTH,0,126,126,123548,7560,0,Normal
0.988581,tcp,unknown,76272,0,OTH,0,98,98,81564,5880,0,Normal
2.941443,tcp,http,84,0,S1,0,14,0,560,0,1,Attack
3.428313,tcp,http,96,0,S1,0,16,0,640,0,1,Attack
0.950037,tcp,unknown,78608,0,OTH,0,98,98,83900,5880,0,Normal
0.0,tcp,dns,0,0,S1,0,2,0,128,0,1,Attack
0.047384,tcp,unknown,4,12,RSTR,0,2,2,88,80,1,Attack
0.920711,tcp,unknown,95758,0,OTH,0,116,114,102022,6840,0,Normal
0.96543,tcp,unknown,85304,0,OTH,0,102,100,90812,6000,0,Normal
1e-06,udp,unknown,496,0,OTH,0,2,0,580,0,0,Normal
0.954285,tcp,unknown,60132,0,OTH,0,74,74,64128,4440,0,Normal
0.0,tcp,dns,0,0,S1,0,2,0,128,0,1,Attack
0.947258,tcp,unknown,98140,0,OTH,0,106,106,103864,6360,0,Normal
0.972424,tcp,unknown,59254,0,OTH,0,86,86,63898,5160,0,Normal
0.960105,tcp,unknown,53020,0,OTH,0,74,74,57016,4440,0,Normal
0.005954,tcp,unknown,4,12,RSTR,0,2,2,88,80,1,Attack
303.301746,tcp,dns,0,0,S1,0,4,0,256,0,1,Attack
0.986675,tcp,unknown,96810,0,OTH,0,112,110,102858,6600,0,Normal
0.0,tcp,ssl,0,0,S1,0,2,0,120,0,1,Attack
0.006823,tcp,unknown,0,188,S1,0,2,6,124,564,0,Normal
0.969146,tcp,unknown,114444,0,OTH,0,132,132,121572,7920,0,Normal
0.0,tcp,dns,0,0,S1,0,2,0,128,0,1,Attack
0.975722,tcp,unknown,71416,0,OTH,0,86,86,76060,5160,0,Normal
0.007555,tcp,unknown,4,12,RSTR,0,2,2,88,80,1,Attack
0.0,udp,dhcp,1480,0,OTH,0,2,0,1564,0,0,Normal
0.0,tcp,ssl,0,0,S1,0,2,0,120,0,1,Attack
0.0,tcp,ssl,0,0,S1,0,2,0,120,0,1,Attack
0.0,tcp,dns,0,0,S1,0,2,0,128,0,1,Attack
0.963907,tcp,unknown,92164,0,OTH,0,112,110,98212,6600,0,Normal
0.956136,tcp,unknown,75098,0,OTH,0,92,90,80066,5400,0,Normal
1e-06,udp,unknown,496,0,OTH,0,2,0,580,0,0,Normal
2.913941,tcp,http,84,0,S1,0,14,0,560,0,1,Attack
0.736531,tcp,unknown,184706,1316,S1,0,166,110,193698,7884,0,Normal
1e-06,udp,dhcp,1480,0,OTH,0,2,0,1564,0,0,Normal
0.972811,tcp,unknown,110988,0,OTH,0,114,114,117144,6840,0,Normal
1e-06,udp,unknown,496,0,OTH,0,2,0,580,0,0,Normal
1.913379,udp,dns,0,0,OTH,0,10,0,280,0,1,Attack
1.92509,udp,dns,0,0,OTH,0,9,0,252,0,1,Attack
0.958465,tcp,unknown,70722,0,OTH,0,98,98,76014,5880,0,Normal
0.928691,tcp,unknown,70300,0,OTH,0,96,96,75484,5760,0,Normal
0.0,other,unknown,0,0,OTH,0,1,0,60,0,0,Normal
1.059907,tcp,ssl,0,0,S1,0,4,0,240,0,1,Attack
227.056967,tcp,dns,0,0,S1,0,6,0,384,0,1,Attack
0.948664,tcp,unknown,74068,0,OTH,0,98,98,79360,5880,0,Normal
0.962972,tcp,unknown,55054,0,OTH,0,74,74,59050,4440,0,Normal
0.0,other,unknown,0,0,OTH,0,1,0,60,0,0,Normal
2.938974,tcp,http,84,0,S1,0,14,0,560,0,1,Attack
0.978042,tcp,unknown,67638,0,OTH,0,88,88,72390,5280,0,Normal
0.96401,tcp,unknown,63574,0,OTH,0,82,82,68002,4920,0,Normal
0.0,tcp,dns,0,0,S1,0,2,0,128,0,1,Attack
1.922574,udp,dns,0,0,OTH,0,10,0,280,0,1,Attack
0.0,other,unknown,0,0,OTH,0,1,0,60,0,0,Normal
0.0,udp,unknown,496,0,OTH,0,2,0,580,0,0,Normal
1.913938,udp,dns,0,0,OTH,0,10,0,280,0,1,Attack
2.94446,tcp,http,84,0,S1,0,14,0,560,0,1,Attack
2.921554,tcp,http,84,0,S1,0,14,0,560,0,1,Attack
8.8e-05,udp,unknown,274,0,OTH,0,2,0,358,0,0,Normal
1.903445,udp,dns,0,0,OTH,0,10,0,280,0,1,Attack
0.0,tcp,ssl,0,0,S1,0,2,0,120,0,1,Attack
0.945467,tcp,unknown,78916,0,OTH,0,92,92,83884,5520,0,Normal
0.0,udp,unknown,496,0,OTH,0,2,0,580,0,0,Normal
3.425626,tcp,http,90,0,S1,0,15,0,600,0,1,Attack
0.0,tcp,dns,0,0,S1,0,2,0,128,0,1,Attack
0.253321,udp,unknown,324,0,OTH,0,4,0,492,0,0,Normal
0.0,other,unknown,0,0,OTH,0,1,0,60,0,0,Normal
0.002657,tcp,http,0,12,RSTR,0,2,2,120,80,1,Attack
1e-06,udp,unknown,496,0,OTH,0,2,0,580,0,0,Normal
1e-06,tcp,ssl,0,0,S1,0,2,0,120,0,1,Attack
0.962112,tcp,unknown,74522,0,OTH,0,98,98,79814,5880,0,Normal
1.922574,udp,dns,0,0,OTH,0,10,0,280,0,1,Attack
1e-06,tcp,ssl,0,0,S1,0,2,0,120,0,1,Attack
1.416942,udp,dns,0,0,OTH,0,8,0,224,0,1,Attack
0.966929,tcp,unknown,106074,0,OTH,0,108,108,111906,6480,0,Normal
0.983348,tcp,unknown,77368,0,OTH,0,100,100,82768,6000,0,Normal
0.229967,tcp,unknown,18318,0,RSTO,0,20,12,19398,720,0,Normal
0.979612,tcp,unknown,98362,0,OTH,0,104,104,103978,6240,0,Normal
1.906933,udp,dns,0,0,OTH,0,10,0,280,0,1,Attack
2.920894,tcp,http,84,0,S1,0,14,0,560,0,1,Attack
158.987742,tcp,dns,0,0,S1,0,4,0,256,0,1,Attack
0.0,tcp,ssl,0,0,S1,0,2,0,120,0,1,Attack
0.005494,tcp,unknown,1132,1062,SF,0,20,16,2188,1910,1,Attack
0.965126,tcp,unknown,179404,892,OTH,0,166,116,188380,7816,0,Normal
1e-06,tcp,dns,0,0,S1,0,2,0,128,0,1,Attack
4.6e-05,tcp,ssl,0,0,S1,0,2,0,120,0,1,Attack
0.312305,other,unknown,0,0,OTH,0,2,0,120,0,0,Normal
0.968804,tcp,unknown,116232,0,OTH,0,122,122,122820,7320,0,Normal
0.981053,tcp,unknown,73874,0,OTH,0,98,98,79166,5880,0,Normal
0.250255,udp,unknown,324,0,OTH,0,4,0,492,0,0,Normal
0.985623,tcp,unknown,111328,0,OTH,0,122,122,117916,7320,0,Normal
1e-06,tcp,dns,0,0,S1,0,2,0,128,0,1,Attack
0.961976,tcp,unknown,36836,0,OTH,0,78,78,41048,4680,0,Normal
1.915265,udp,dns,0,0,OTH,0,10,0,280,0,1,Attack
0.0,other,unknown,0,0,OTH,0,1,0,60,0,0,Normal
1e-06,udp,unknown,496,0,OTH,0,2,0,580,0,0,Normal
0.979057,tcp,unknown,247686,1316,S1,0,215,154,259320,10524,0,Normal
2.927587,tcp,http,84,0,S1,0,14,0,560,0,1,Attack
1.902019,udp,dns,0,0,OTH,0,10,0,280,0,1,Attack
0.251942,other,unknown,0,0,OTH,0,2,0,120,0,0,Normal
0.951357,tcp,unknown,62090,0,OTH,0,80,80,66410,4800,0,Normal
0.0,tcp,ssl,0,0,S1,0,2,0,120,0,1,Attack
0.11776,udp,unknown,1096,0,OTH,0,8,0,1432,0,0,Normal
1.897164,udp,dns,0,0,OTH,0,10,0,280,0,1,Attack
1.895187,udp,dns,0,0,OTH,0,10,0,280,0,1,Attack
0.499213,udp,unknown,486,0,OTH,0,6,0,738,0,0,Normal
0.0,other,unknown,0,0,OTH,0,1,0,60,0,0,Normal
1.902562,udp,dns,0,0,OTH,0,10,0,280,0,1,Attack
0.965792,tcp,unknown,57930,0,OTH,0,78,78,62142,4680,0,Normal
0.967507,tcp,unknown,105278,0,OTH,0,118,119,111650,7140,0,Normal
0.0,tcp,ssl,0,0,S1,0,2,0,120,0,1,Attack
0.989175,tcp,unknown,58344,0,OTH,0,76,76,62448,4560,0,Normal
0.472549,other,unknown,0,0,OTH,0,2,0,120,0,0,Normal
1.912168,udp,dns,0,0,OTH,0,10,0,280,0,1,Attack
0.937202,tcp,unknown,104286,0,OTH,0,112,112,110334,6720,0,Normal
3.423987,tcp,http,96,0,S1,0,16,0,640,0,1,Attack
0.962282,tcp,unknown,114626,0,OTH,0,122,122,121214,7320,0,Normal
1e-06,tcp,ssl,0,0,S1,0,2,0,120,0,1,Attack
0.027844,udp,unknown,582,0,OTH,0,4,0,750,0,0,Normal
0.972589,tcp,unknown,96566,230,OTH,0,104,104,102182,6458,0,Normal
0.346093,other,unknown,0,0,OTH,0,2,0,120,0,0,Normal
3.432801,tcp,http,96,0,S1,0,16,0,640,0,1,Attack
3.424916,tcp,http,96,0,S1,0,16,0,640,0,1,Attack
1e-06,udp,dhcp,1480,0,OTH,0,2,0,1564,0,0,Normal
0.0,udp,unknown,274,0,OTH,0,2,0,358,0,0,Normal
0.950265,tcp,unknown,98442,0,OTH,0,108,104,104274,6240,0,Normal
1.9e-05,tcp,ssl,0,0,S1,0,2,0,120,0,1,Attack
0.0,udp,unknown,162,0,OTH,0,2,0,246,0,0,Normal
1.903432,udp,dns,0,0,OTH,0,10,0,280,0,1,Attack
1.9016,udp,dns,0,0,OTH,0,10,0,280,0,1,Attack
0.000116,udp,unknown,582,0,OTH,0,4,0,750,0,0,Normal
1e-06,udp,unknown,496,0,OTH,0,2,0,580,0,0,Normal
0.0,other,unknown,0,0,OTH,0,1,0,60,0,0,Normal
2.928391,tcp,http,84,0,S1,0,14,0,560,0,1,Attack
0.983644,tcp,unknown,75994,0,OTH,0,98,98,81286,5880,0,Normal
0.0,other,unknown,0,0,OTH,0,1,0,60,0,0,Normal
0.946075,tcp,unknown,54242,0,OTH,0,72,72,58130,4320,0,Normal
1.902681,udp,dns,0,0,OTH,0,10,0,280,0,1,Attack
0.98817,tcp,unknown,78196,0,OTH,0,92,92,83164,5520,0,Normal
1e-06,udp,unknown,496,0,OTH,0,2,0,580,0,0,Normal
0.950461,tcp,unknown,51790,0,OTH,0,74,74,55786,4440,0,Normal
0.927511,tcp,unknown,60484,0,OTH,0,76,76,64588,4560,0,Normal
0.951076,tcp,unknown,81866,0,OTH,0,96,96,87050,5760,0,Normal
0.0,udp,unknown,496,0,OTH,0,2,0,580,0,0,Normal
0.984435,tcp,unknown,70846,0,OTH,0,90,90,75706,5400,0,Normal
0.010752,tcp,unknown,4,12,RSTR,0,2,2,88,80,1,Attack
0.0,tcp,dns,0,0,S1,0,2,0,128,0,1,Attack
0.0,tcp,dns,0,0,S1,0,2,0,128,0,1,Attack
0.966256,tcp,unknown,65914,0,OTH,0,88,88,70666,5280,0,Normal
0.959125,tcp,unknown,82058,0,OTH,0,96,96,87242,5760,0,Normal
2.940119,tcp,http,84,0,S1,0,14,0,560,0,1,Attack
0.475925,other,unknown,0,0,OTH,0,3,0,180,0,0,Normal
0.964597,tcp,unknown,77218,0,OTH,0,96,96,82402,5760,0,Normal
0.971042,tcp,unknown,83300,0,OTH,0,106,106,89024,6360,0,Normal
121.0308,tcp,dns,0,0,S1,0,4,0,256,0,1,Attack
2.907127,tcp,http,84,0,S1,0,14,0,560,0,1,Attack
1.911858,udp,dns,0,0,OTH,0,10,0,280,0,1,Attack
0.929192,tcp,unknown,73622,0,OTH,0,96,96,78806,5760,0,Normal
0.988974,tcp,unknown,77520,0,OTH,0,98,98,82812,5880,0,Normal
0.519523,other,unknown,0,0,OTH,0,2,0,120,0,0,Normal
184.323094,tcp,dns,0,0,S1,0,4,0,256,0,1,Attack
0.944525,tcp,unknown,103222,0,OTH,0,118,114,109594,6840,0,Normal
0.963984,tcp,unknown,95010,0,OTH,0,106,108,100734,6480,0,Normal
0.0,tcp,ssl,0,0,S1,0,2,0,120,0,1,Attack
0.96249,tcp,unknown,101204,0,OTH,0,116,116,107468,6960,0,Normal
0.970984,tcp,unknown,79480,0,OTH,0,90,90,84340,5400,0,Normal
2.906055,tcp,http,84,0,S1,0,14,0,560,0,1,Attack
1e-06,udp,unknown,496,0,OTH,0,2,0,580,0,0,Normal
0.059424,udp,unknown,582,0,OTH,0,4,0,750,0,0,Normal
0.0,tcp,ssl,0,0,S1,0,2,0,120,0,1,Attack
2.927712,tcp,http,84,0,S1,0,14,0,560,0,1,Attack
0.0,other,unknown,0,0,OTH,0,1,0,60,0,0,Normal
2.92619,tcp,http,84,0,S1,0,14,0,560,0,1,Attack
0.988161,tcp,unknown,105184,0,OTH,0,114,114,111340,6840,0,Normal
0.968787,tcp,unknown,74044,0,OTH,0,98,98,79336,5880,0,Normal
0.96085,tcp,unknown,77738,0,OTH,0,100,100,83138,6000,0,Normal
1.416885,udp,dns,0,0,OTH,0,8,0,224,0,1,Attack
1.908256,udp,dns,0,0,OTH,0,10,0,280,0,1,Attack
1.914701,udp,dns,0,0,OTH,0,10,0,280,0,1,Attack
2.944775,tcp,http,84,0,S1,0,14,0,560,0,1,Attack
0.930431,tcp,unknown,56800,0,OTH,0,72,72,60688,4320,0,Normal
1.900743,udp,dns,0,0,OTH,0,10,0,280,0,1,Attack
0.973991,tcp,unknown,68802,0,OTH,0,96,96,73986,5760,0,Normal
0.0,tcp,ssl,0,0,S1,0,2,0,120,0,1,Attack
1e-06,tcp,dns,0,0,S1,0,2,0,128,0,1,Attack
0.971633,tcp,unknown,67452,0,OTH,0,88,88,72204,5280,0,Normal
0.965393,tcp,unknown,78854,230,OTH,0,94,94,83930,5858,0,Normal
0.0,tcp,dns,0,0,S1,0,2,0,128,0,1,Attack
1.906949,udp,dns,0,0,OTH,0,10,0,280,0,1,Attack
0.0,udp,unknown,86,0,OTH,0,2,0,170,0,0,Normal
0.995095,tcp,unknown,89946,0,OTH,0,98,100,95238,6000,0,Normal
0.749535,udp,unknown,982,0,OTH,0,8,0,1318,0,0,Normal
0.008944,tcp,unknown,4,12,RSTR,0,2,2,88,80,1,Attack
0.11704,udp,unknown,1096,0,OTH,0,8,0,1432,0,0,Normal
0.0,other,unknown,0,0,OTH,0,1,0,60,0,0,Normal
1.928753,udp,dns,0,0,OTH,0,10,0,280,0,1,Attack
1.923265,udp,dns,0,0,OTH,0,10,0,280,0,1,Attack
0.782707,tcp,unknown,238534,1320,S1,0,198,130,249254,9088,0,Normal
0.968137,tcp,unknown,61654,0,OTH,0,78,78,65866,4680,0,Normal
0.984427,tcp,unknown,102588,0,OTH,0,124,124,109284,7440,0,Normal
0.949782,tcp,unknown,97008,0,OTH,0,106,106,102732,6360,0,Normal
0.997578,tcp,unknown,114262,0,OTH,0,134,134,121498,8040,0,Normal
1.905038,udp,dns,0,0,OTH,0,10,0,280,0,1,Attack
1e-06,tcp,dns,0,0,S1,0,2,0,128,0,1,Attack
0.006694,tcp,unknown,0,188,S1,0,2,6,124,564,0,Normal
0.957519,tcp,unknown,111202,0,OTH,0,124,124,117898,7440,0,Normal
1e-06,udp,unknown,496,0,OTH,0,2,0,580,0,0,Normal
1e-06,udp,unknown,496,0,OTH,0,2,0,580,0,0,Normal
0.949925,tcp,unknown,77956,0,OTH,0,94,94,83032,5640,0,Normal
1.927256,udp,dns,0,0,OTH,0,10,0,280,0,1,Attack
0.963809,tcp,unknown,108830,0,OTH,0,120,118,115310,7080,0,Normal
0.967662,tcp,unknown,44374,0,OTH,0,72,72,48262,4320,0,Normal
0.748852,udp,unknown,1144,0,OTH,0,10,0,1564,0,0,Normal
0.251005,udp,unknown,658,0,OTH,0,4,0,826,0,0,Normal
0.994491,tcp,unknown,76496,0,OTH,0,98,98,81788,5880,0,Normal
0.0,udp,dhcp,1480,0,OTH,0,2,0,1564,0,0,Normal
0.967281,tcp,unknown,58854,0,OTH,0,82,82,63282,4920,0,Normal
0.0,tcp,dns,0,0,S1,0,2,0,128,0,1,Attack
1e-06,udp,unknown,86,0,OTH,0,2,0,170,0,0,Normal
1e-06,udp,unknown,274,0,OTH,0,2,0,358,0,0,Normal
3.428005,tcp,http,96,0,S1,0,16,0,640,0,1,Attack
2.946847,tcp,http,84,0,S1,0,14,0,560,0,1,Attack
127.801132,tcp,dns,0,0,S1,0,4,0,256,0,1,Attack
0.0,tcp,ssl,0,0,S1,0,2,0,120,0,1,Attack
0.037731,tcp,unknown,4,12,RSTR,0,2,2,88,80,1,Attack
0.0,tcp,ssl,0,0,S1,0,2,0,120,0,1,Attack
0.0,tcp,ssl,0,0,S1,0,2,0,120,0,1,Attack
1.897255,udp,dns,0,0,OTH,0,10,0,280,0,1,Attack
0.0,tcp,ssl,0,0,S1,0,2,0,120,0,1,Attack
0.992838,tcp,unknown,80960,0,OTH,0,100,100,86360,6000,0,Normal
0.0,tcp,ssl,0,0,S1,0,2,0,120,0,1,Attack
0.976817,tcp,unknown,107710,0,OTH,0,118,110,114082,6600,0,Normal
0.0,other,unknown,0,0,OTH,0,1,0,60,0,0,Normal
2.904374,tcp,http,84,0,S1,0,14,0,560,0,1,Attack
0.0,tcp,ssl,0,0,S1,0,2,0,120,0,1,Attack
2.905873,tcp,http,84,0,S1,0,14,0,560,0,1,Attack
0.0,tcp,ssl,0,0,S1,0,2,0,120,0,1,Attack
0.964411,tcp,unknown,71686,0,OTH,0,88,88,76438,5280,0,Normal
0.010927,tcp,unknown,4,12,RSTR,0,2,2,88,80,1,Attack
0.0,udp,unknown,496,0,OTH,0,2,0,580,0,0,Normal
0.944697,tcp,unknown,89706,0,OTH,0,102,102,95214,6120,0,Normal
1.891785,udp,dns,0,0,OTH,0,10,0,280,0,1,Attack
1.418273,udp,dns,0,0,OTH,0,8,0,224,0,1,Attack
0.743697,udp,unknown,982,0,OTH,0,8,0,1318,0,0,Normal
1.928033,udp,dns,0,0,OTH,0,10,0,280,0,1,Attack
0.987326,tcp,unknown,100246,0,OTH,0,112,110,106294,6600,0,Normal
0.898096,tcp,unknown,77338,0,OTH,0,92,92,82306,5520,0,Normal
0.009644,tcp,http,0,12,RSTR,0,2,2,120,80,1,Attack
0.951448,tcp,unknown,68940,0,OTH,0,96,96,74124,5760,0,Normal
0.993535,tcp,unknown,98466,0,OTH,0,110,110,104406,6600,0,Normal
0.981235,tcp,unknown,81280,0,OTH,0,106,102,87004,6120,0,Normal
0.0,tcp,dns,0,0,S1,0,2,0,128,0,1,Attack
1e-06,udp,unknown,496,0,OTH,0,2,0,580,0,0,Normal
0.501241,udp,unknown,486,0,OTH,0,6,0,738,0,0,Normal
0.974312,tcp,unknown,110796,0,OTH,0,120,120,117276,7200,0,Normal
0.0,tcp,ssl,0,0,S1,0,2,0,120,0,1,Attack
1.914665,udp,dns,0,0,OTH,0,10,0,280,0,1,Attack
2.946943,tcp,http,84,0,S1,0,14,0,560,0,1,Attack
0.978956,tcp,unknown,109108,0,OTH,0,126,126,115912,7560,0,Normal
0.976405,tcp,unknown,76558,0,OTH,0,98,98,81850,5880,0,Normal
1e-06,tcp,dns,0,0,S1,0,2,0,128,0,1,Attack
0.94386,tcp,unknown,76090,0,OTH,0,98,98,81382,5880,0,Normal
0.017883,tcp,unknown,4,12,RSTR,0,2,2,88,80,1,Attack
3.1e-05,tcp,ssl,0,0,S1,0,2,0,120,0,1,Attack
1.913838,udp,dns,0,0,OTH,0,10,0,280,0,1,Attack
3.428197,tcp,http,96,0,S1,0,16,0,640,0,1,Attack
3.424448,tcp,http,90,0,S1,0,15,0,600,0,1,Attack
0.016484,tcp,unknown,4,12,RSTR,0,2,2,88,80,1,Attack
0.98699,tcp,unknown,69432,0,OTH,0,94,92,74508,5520,0,Normal
0.0,tcp,ssl,0,0,S1,0,2,0,120,0,1,Attack
1.913699,udp,dns,0,0,OTH,0,10,0,280,0,1,Attack
0.0,udp,dhcp,1480,0,OTH,0,2,0,1564,0,0,Normal
1.919261,udp,dns,0,0,OTH,0,10,0,280,0,1,Attack
1e-06,udp,unknown,496,0,OTH,0,2,0,580,0,0,Normal
0.0,tcp,dns,0,0,S1,0,2,0,128,0,1,Attack
0.0,tcp,dns,0,0,S1,0,2,0,128,0,1,Attack
2.924603,tcp,http,84,0,S1,0,14,0,560,0,1,Attack
0.0,other,unknown,0,0,OTH,0,1,0,60,0,0,Normal
1e-06,udp,unknown,496,0,OTH,0,2,0,580,0,0,Normal
0.0,other,unknown,0,0,OTH,0,1,0,60,0,0,Normal
0.0,tcp,ssl,0,0,S1,0,2,0,120,0,1,Attack
0.983227,tcp,unknown,76648,0,OTH,0,94,94,81724,5640,0,Normal
1e-06,udp,unknown,496,0,OTH,0,2,0,580,0,0,Normal
1.919404,udp,dns,0,0,OTH,0,10,0,280,0,1,Attack
2.929807,tcp,http,84,0,S1,0,14,0,560,0,1,Attack
2.918031,tcp,http,84,0,S1,0,14,0,560,0,1,Attack
0.982081,tcp,unknown,110930,0,OTH,0,120,112,117410,6720,0,Normal
0.977656,tcp,unknown,64924,0,OTH,0,88,88,69676,5280,0,Normal
1e-06,udp,unknown,52,0,OTH,0,4,0,164,0,1,Attack
3.427007,tcp,http,96,0,S1,0,16,0,640,0,1,Attack
0.965008,tcp,unknown,68094,0,OTH,0,90,90,72954,5400,0,Normal
1e-06,udp,unknown,496,0,OTH,0,2,0,580,0,0,Normal
1.893978,udp,dns,0,0,OTH,0,10,0,280,0,1,Attack
0.0,other,unknown,0,0,OTH,0,1,0,60,0,0,Normal
1e-06,udp,unknown,496,0,OTH,0,2,0,580,0,0,Normal
1.894241,udp,dns,0,0,OTH,0,10,0,280,0,1,Attack
0.982415,tcp,unknown,101846,0,OTH,0,110,106,107786,6360,0,Normal
0.0,tcp,ssl,0,0,S1,0,2,0,120,0,1,Attack
0.0,tcp,ssl,0,0,S1,0,2,0,120,0,1,Attack
1.414888,udp,dns,0,0,OTH,0,8,0,224,0,1,Attack
3.429208,tcp,http,96,0,S1,0,16,0,640,0,1,Attack
0.984594,tcp,unknown,77458,0,OTH,0,92,92,82426,5520,0,Normal
3.424485,tcp,http,96,0,S1,0,16,0,640,0,1,Attack
1e-06,udp,unknown,496,0,OTH,0,2,0,580,0,0,Normal
2.934639,tcp,http,84,0,S1,0,14,0,560,0,1,Attack
0.0,other,unknown,0,0,OTH,0,1,0,60,0,0,Normal
43.95206,tcp,dns,0,0,S1,0,4,0,256,0,1,Attack
2.916928,tcp,http,84,0,S1,0,14,0,560,0,1,Attack
1e-06,udp,unknown,162,0,OTH,0,2,0,246,0,0,Normal
0.969837,tcp,unknown,109892,0,OTH,0,116,116,116156,6960,0,Normal
1.910518,udp,dns,0,0,OTH,0,10,0,280,0,1,Attack
1.418103,udp,dns,0,0,OTH,0,8,0,224,0,1,Attack
2e-06,udp,dhcp,1480,0,OTH,0,2,0,1564,0,0,Normal
0.0,tcp,dns,0,0,S1,0,2,0,128,0,1,Attack
0.49912,udp,unknown,486,0,OTH,0,6,0,738,0,0,Normal
1.920716,udp,dns,0,0,OTH,0,10,0,280,0,1,Attack
0.988482,tcp,unknown,78746,0,OTH,0,102,102,84254,6120,0,Normal
1.904601,udp,dns,0,0,OTH,0,10,0,280,0,1,Attack
0.0,tcp,ssl,0,0,S1,0,2,0,120,0,1,Attack
0.0,tcp,ssl,0,0,S1,0,2,0,120,0,1,Attack
0.0,tcp,dns,0,0,S1,0,2,0,128,0,1,Attack
0.967086,tcp,unknown,74998,0,OTH,0,100,100,80398,6000,0,Normal
1.909147,udp,dns,0,0,OTH,0,10,0,280,0,1,Attack
0.934158,tcp,unknown,66894,0,OTH,0,88,88,71646,5280,0,Normal
2.947544,tcp,http,84,0,S1,0,14,0,560,0,1,Attack
2.925097,tcp,http,84,0,S1,0,14,0,560,0,1,Attack
0.0,udp,unknown,496,0,OTH,0,2,0,580,0,0,Normal
244.066272,tcp,dns,0,0,S1,0,4,0,256,0,1,Attack
1.914411,udp,dns,0,0,OTH,0,10,0,280,0,1,Attack
1.913845,udp,dns,0,0,OTH,0,10,0,280,0,1,Attack
0.578728,other,unknown,0,0,OTH,0,2,0,120,0,0,Normal
0.0,other,unknown,0,0,OTH,0,1,0,60,0,0,Normal
0.002751,udp,unknown,992,0,OTH,0,4,0,1160,0,0,Normal
0.969652,tcp,unknown,98010,0,OTH,0,120,120,104490,7200,0,Normal
1e-06,tcp,dns,0,0,S1,0,2,0,128,0,1,Attack
0.388234,tcp,unknown,22382,1316,S1,0,28,24,23922,2724,0,Normal
1.89131,udp,dns,0,0,OTH,0,10,0,280,0,1,Attack
0.96465,tcp,unknown,70640,0,OTH,0,92,92,75608,5520,0,Normal
1.912262,udp,dns,0,0,OTH,0,10,0,280,0,1,Attack
0.0,tcp,dns,0,0,S1,0,2,0,128,0,1,Attack
2.941465,tcp,http,84,0,S1,0,14,0,560,0,1,Attack
1e-06,tcp,ssl,0,0,S1,0,2,0,120,0,1,Attack
0.984999,tcp,unknown,110696,0,OTH,0,124,124,117392,7440,0,Normal
1.417194,udp,dns,0,0,OTH,0,8,0,224,0,1,Attack
1.418776,udp,dns,0,0,OTH,0,8,0,224,0,1,Attack
2.938798,tcp,http,84,0,S1,0,14,0,560,0,1,Attack
1e-06,udp,dhcp,1480,0,OTH,0,2,0,1564,0,0,Normal
0.0,tcp,ssl,0,0,S1,0,2,0,120,0,1,Attack
0.232722,other,unknown,0,0,OTH,0,2,0,120,0,0,Normal
1e-06,udp,unknown,496,0,OTH,0,2,0,580,0,0,Normal
1e-06,tcp,unknown,0,0,S1,0,0,2,0,148,0,Normal
1.904615,udp,dns,0,0,OTH,0,10,0,280,0,1,Attack
0.960122,tcp,unknown,71698,0,OTH,0,92,92,76666,5520,0,Normal
2.939021,tcp,http,84,0,S1,0,14,0,560,0,1,Attack
2.933153,tcp,http,84,0,S1,0,14,0,560,0,1,Attack
0.0,tcp,ssl,0,0,S1,0,2,0,120,0,1,Attack
0.957157,tcp,unknown,102058,0,OTH,0,112,112,108106,6720,0,Normal
1e-06,tcp,dns,0,0,S1,0,2,0,128,0,1,Attack
0.175933,other,unknown,0,0,OTH,0,2,0,120,0,0,Normal
2.90729,tcp,http,84,0,S1,0,14,0,560,0,1,Attack
0.0,other,unknown,0,0,OTH,0,1,0,60,0,0,Normal
0.0,other,unknown,0,0,OTH,0,1,0,60,0,0,Normal
0.977763,tcp,unknown,75780,0,OTH,0,106,106,81504,6360,0,Normal
0.973809,tcp,unknown,58852,0,OTH,0,80,82,63172,4920,0,Normal
0.0,tcp,dns,0,0,S1,0,2,0,128,0,1,Attack
0.976688,tcp,unknown,71062,0,OTH,0,92,92,76030,5520,0,Normal
0.997316,tcp,unknown,78418,0,OTH,0,96,96,83602,5760,0,Normal
2.936407,tcp,http,84,0,S1,0,14,0,560,0,1,Attack
0.989971,tcp,unknown,121658,0,OTH,0,138,138,129110,8280,0,Normal
0.0,tcp,ssl,0,0,S1,0,2,0,120,0,1,Attack
0.971851,tcp,unknown,59306,0,OTH,0,74,74,63302,4440,0,Normal
0.0,udp,unknown,496,0,OTH,0,2,0,580,0,0,Normal
0.26576,other,unknown,0,0,OTH,0,3,0,180,0,0,Normal
1.905742,udp,dns,0,0,OTH,0,10,0,280,0,1,Attack
0.95389,tcp,unknown,115074,0,OTH,0,120,120,121554,7200,0,Normal
1e-06,udp,unknown,86,0,OTH,0,2,0,170,0,0,Normal
2.913978,tcp,http,84,0,S1,0,14,0,560,0,1,Attack
1e-06,tcp,dns,0,0,S1,0,2,0,128,0,1,Attack
0.984098,tcp,unknown,85562,0,OTH,0,94,92,90638,5520,0,Normal
2.9e-05,tcp,ssl,0,0,S1,0,2,0,120,0,1,Attack
2.920686,tcp,http,84,0,S1,0,14,0,560,0,1,Attack
93.006455,tcp,dns,0,0,S1,0,4,0,256,0,1,Attack
1e-06,tcp,dns,0,0,S1,0,2,0,128,0,1,Attack
0.0,tcp,ssl,0,0,S1,0,2,0,120,0,1,Attack
1.414782,udp,dns,0,0,OTH,0,8,0,224,0,1,Attack
3.429199,tcp,http,96,0,S1,0,16,0,640,0,1,Attack
0.0,udp,unknown,496,0,OTH,0,2,0,580,0,0,Normal
0.752604,udp,unknown,982,0,OTH,0,8,0,1318,0,0,Normal
0.0,tcp,ssl,0,0,S1,0,2,0,120,0,1,Attack
0.0,tcp,ssl,0,0,S1,0,2,0,120,0,1,Attack
0.0,tcp,dns,0,0,S1,0,2,0,128,0,1,Attack
1e-06,udp,unknown,496,0,OTH,0,2,0,580,0,0,Normal
2.935304,tcp,http,84,0,S1,0,14,0,560,0,1,Attack
2.945098,tcp,http,84,0,S1,0,14,0,560,0,1,Attack
1.929054,udp,dns,0,0,OTH,0,9,0,252,0,1,Attack
0.938361,tcp,unknown,47896,0,OTH,0,70,70,51676,4200,0,Normal
1e-06,udp,unknown,496,0,OTH,0,2,0,580,0,0,Normal
0.051761,other,unknown,0,0,OTH,0,2,0,120,0,0,Normal
0.498828,udp,unknown,486,0,OTH,0,6,0,738,0,0,Normal
0.0,tcp,ssl,0,0,S1,0,2,0,120,0,1,Attack
0.0,tcp,ssl,0,0,S1,0,2,0,120,0,1,Attack
0.966167,tcp,unknown,99356,0,OTH,0,114,114,105512,6840,0,Normal
0.0,tcp,dns,0,0,S1,0,2,0,128,0,1,Attack
2e-05,tcp,ssl,0,0,S1,0,2,0,120,0,1,Attack
0.0,tcp,ssl,0,0,S1,0,2,0,120,0,1,Attack
0.0,udp,dhcp,1480,0,OTH,0,2,0,1564,0,0,Normal
0.0,tcp,dns,0,0,S1,0,2,0,128,0,1,Attack
0.975331,tcp,unknown,110150,0,OTH,0,128,128,117062,7680,0,Normal
0.02218,tcp,unknown,4,12,RSTR,0,2,2,88,80,1,Attack
0.010509,tcp,http,0,12,RSTR,0,2,2,120,80,1,Attack
1.889236,udp,dns,0,0,OTH,0,10,0,280,0,1,Attack
0.0,tcp,ssl,0,0,S1,0,2,0,120,0,1,Attack
0.0,tcp,ssl,0,0,S1,0,2,0,120,0,1,Attack
0.0,tcp,ssl,0,0,S1,0,2,0,120,0,1,Attack
1e-06,tcp,dns,0,0,S1,0,2,0,128,0,1,Attack
0.0,tcp,dns,0,0,S1,0,2,0,128,0,1,Attack
0.986318,tcp,unknown,54774,0,OTH,0,74,74,58770,4440,0,Normal
3.424124,tcp,http,96,0,S1,0,16,0,640,0,1,Attack
0.964751,tcp,unknown,69488,0,OTH,0,94,94,74564,5640,0,Normal
1e-06,tcp,ssl,0,0,S1,0,2,0,120,0,1,Attack
0.964467,tcp,unknown,83322,0,OTH,0,106,104,89046,6240,0,Normal
0.99095,tcp,unknown,72370,0,OTH,0,88,88,77122,5280,0,Normal
1.915799,udp,dns,0,0,OTH,0,10,0,280,0,1,Attack
1.913963,udp,dns,0,0,OTH,0,10,0,280,0,1,Attack
0.966946,tcp,unknown,62610,0,OTH,0,86,86,67254,5160,0,Normal
1.892871,udp,dns,0,0,OTH,0,10,0,280,0,1,Attack
0.0,tcp,ssl,0,0,S1,0,2,0,120,0,1,Attack
0.0,udp,unknown,162,0,OTH,0,2,0,246,0,0,Normal
0.0,tcp,dns,0,0,S1,0,2,0,128,0,1,Attack
0.940077,tcp,unknown,103126,0,OTH,0,114,114,109282,6840,0,Normal
0.0,tcp,dns,0,0,S1,0,2,0,128,0,1,Attack
0.942866,tcp,unknown,113512,0,OTH,0,120,120,119992,7200,0,Normal
0.985173,tcp,unknown,94972,0,OTH,0,108,108,100804,6480,0,Normal
0.497644,udp,unknown,486,0,OTH,0,6,0,738,0,0,Normal
0.940454,tcp,unknown,97190,0,OTH,0,112,112,103238,6720,0,Normal
1e-06,udp,unknown,496,0,OTH,0,2,0,580,0,0,Normal
1.914127,udp,dns,0,0,OTH,0,10,0,280,0,1,Attack
0.052109,tcp,unknown,4,12,RSTR,0,2,2,88,80,1,Attack
0.0,tcp,dns,0,0,S1,0,2,0,128,0,1,Attack
1e-06,udp,unknown,86,0,OTH,0,2,0,170,0,0,Normal
0.0,tcp,dns,0,0,S1,0,2,0,128,0,1,Attack
0.988518,tcp,unknown,77358,0,OTH,0,98,96,82650,5760,0,Normal
1e-06,tcp,dns,0,0,S1,0,2,0,128,0,1,Attack
1e-06,udp,dhcp,1480,0,OTH,0,2,0,1564,0,0,Normal
0.978962,tcp,unknown,115646,0,OTH,0,124,122,122342,7320,0,Normal
0.986565,tcp,unknown,86812,0,OTH,0,98,98,92104,5880,0,Normal
1.903823,udp,dns,0,0,OTH,0,10,0,280,0,1,Attack
0.932474,tcp,unknown,34424,0,OTH,0,68,68,38096,4080,0,Normal
3.4282,tcp,http,96,0,S1,0,16,0,640,0,1,Attack
1.900225,udp,dns,0,0,OTH,0,10,0,280,0,1,Attack
2.944686,tcp,http,84,0,S1,0,14,0,560,0,1,Attack
0.0,tcp,dns,0,0,S1,0,2,0,128,0,1,Attack
1e-06,udp,unknown,496,0,OTH,0,2,0,580,0,0,Normal
1.904666,udp,dns,0,0,OTH,0,10,0,280,0,1,Attack
1.898589,udp,dns,0,0,OTH,0,10,0,280,0,1,Attack
1e-06,udp,unknown,496,0,OTH,0,2,0,580,0,0,Normal
1.91443,udp,dns,0,0,OTH,0,10,0,280,0,1,Attack
0.935279,tcp,unknown,68128,0,OTH,0,80,80,72448,4800,0,Normal
0.754858,udp,unknown,982,0,OTH,0,8,0,1318,0,0,Normal
0.000221,tcp,unknown,0,12,RSTR,0,2,2,120,80,1,Attack
1e-06,tcp,dns,0,0,S1,0,2,0,128,0,1,Attack
0.313979,udp,unknown,582,0,OTH,0,4,0,750,0,0,Normal
0.23816,udp,unknown,324,0,OTH,0,4,0,492,0,0,Normal
1e-06,tcp,dns,0,0,S1,0,2,0,128,0,1,Attack
0.0,other,unknown,0,0,OTH,0,1,0,60,0,0,Normal
0.374885,other,unknown,0,0,OTH,0,2,0,120,0,0,Normal
1e-06,udp,unknown,496,0,OTH,0,2,0,580,0,0,Normal
0.95416,tcp,unknown,87640,0,OTH,0,106,106,93364,6360,0,Normal
1e-06,udp,unknown,496,0,OTH,0,2,0,580,0,0,Normal
0.0,other,unknown,0,0,OTH,0,1,0,60,0,0,Normal
0.961406,tcp,unknown,109274,0,OTH,0,126,126,116078,7560,0,Normal
153.995181,tcp,dns,0,0,S1,0,4,0,256,0,1,Attack
0.010379,tcp,unknown,4,12,RSTR,0,2,2,88,80,1,Attack
0.0,other,unknown,0,0,OTH,0,1,0,60,0,0,Normal
0.137533,tcp,unknown,10822,0,RSTO,0,10,8,11362,480,0,Normal
0.857533,other,unknown,0,0,OTH,0,2,0,120,0,0,Normal
0.958357,tcp,unknown,109152,0,OTH,0,116,114,115416,6840,0,Normal
0.0,tcp,ssl,0,0,S1,0,2,0,120,0,1,Attack
0.980709,tcp,unknown,63864,0,OTH,0,88,88,68616,5280,0,Normal
0.0,udp,unknown,496,0,OTH,0,2,0,580,0,0,Normal
1.91567,udp,dns,0,0,OTH,0,10,0,280,0,1,Attack
1e-06,udp,unknown,496,0,OTH,0,2,0,580,0,0,Normal
0.0,tcp,ssl,0,0,S1,0,2,0,120,0,1,Attack
1e-06,udp,dhcp,1480,0,OTH,0,2,0,1564,0,0,Normal
1e-06,tcp,ssl,0,0,S1,0,2,0,120,0,1,Attack
1.891367,udp,dns,0,0,OTH,0,10,0,280,0,1,Attack
2.938676,tcp,http,84,0,S1,0,14,0,560,0,1,Attack
0.0,tcp,dns,0,0,S1,0,2,0,128,0,1,Attack
0.0,udp,unknown,496,0,OTH,0,2,0,580,0,0,Normal
1.905753,udp,dns,0,0,OTH,0,10,0,280,0,1,Attack
0.0,tcp,dns,0,0,S1,0,2,0,128,0,1,Attack
1.928492,udp,dns,0,0,OTH,0,10,0,280,0,1,Attack
3.42337,tcp,http,90,0,S1,0,15,0,600,0,1,Attack
0.0,tcp,ssl,0,0,S1,0,2,0,120,0,1,Attack
0.0,udp,unknown,86,0,OTH,0,2,0,170,0,0,Normal
0.0,udp,unknown,496,0,OTH,0,2,0,580,0,0,Normal
0.975757,tcp,unknown,73358,0,OTH,0,100,100,78758,6000,0,Normal
0.0,udp,unknown,496,0,OTH,0,2,0,580,0,0,Normal
0.0,other,unknown,0,0,OTH,0,1,0,60,0,0,Normal
1.891883,udp,dns,0,0,OTH,0,10,0,280,0,1,Attack
0.959887,tcp,unknown,74274,0,OTH,0,92,92,79242,5520,0,Normal
1e-06,udp,unknown,496,0,OTH,0,2,0,580,0,0,Normal
2.937809,tcp,http,84,0,S1,0,14,0,560,0,1,Attack
0.0,tcp,dns,0,0,S1,0,2,0,128,0,1,Attack
0.0,tcp,ssl,0,0,S1,0,2,0,120,0,1,Attack
0.985385,tcp,unknown,76912,0,OTH,0,100,100,82312,6000,0,Normal
1e-06,tcp,dns,0,0,S1,0,2,0,128,0,1,Attack
0.0,udp,unknown,496,0,OTH,0,2,0,580,0,0,Normal
1.914778,udp,dns,0,0,OTH,0,10,0,280,0,1,Attack
0.956411,tcp,unknown,79584,0,OTH,0,91,92,84498,5520,0,Normal
0.0,udp,unknown,496,0,OTH,0,2,0,580,0,0,Normal
1.925109,udp,dns,0,0,OTH,0,10,0,280,0,1,Attack
0.0,udp,unknown,86,0,OTH,0,2,0,170,0,0,Normal
0.738467,tcp,unknown,126076,1320,S1,0,130,136,133112,9448,0,Normal
2e-06,udp,unknown,496,0,OTH,0,2,0,580,0,0,Normal
0.499478,udp,unknown,820,0,OTH,0,6,0,1072,0,0,Normal
1e-06,udp,unknown,496,0,OTH,0,2,0,580,0,0,Normal
220.052411,tcp,dns,0,0,S1,0,6,0,384,0,1,Attack
236.166123,tcp,dns,0,0,S1,0,4,0,256,0,1,Attack
1e-06,udp,unknown,496,0,OTH,0,2,0,580,0,0,Normal
0.979676,tcp,unknown,95786,0,OTH,0,110,110,101726,6600,0,Normal
11.159115,tcp,dns,0,0,S1,0,4,0,256,0,1,Attack
1.91486,udp,dns,0,0,OTH,0,10,0,280,0,1,Attack
1e-06,udp,unknown,496,0,OTH,0,2,0,580,0,0,Normal
0.936155,tcp,unknown,101716,0,OTH,0,124,124,108412,7440,0,Normal
0.0,tcp,dns,0,0,S1,0,2,0,128,0,1,Attack
0.968088,tcp,unknown,75558,0,OTH,0,96,96,80742,5760,0,Normal
0.0,other,unknown,0,0,OTH,0,1,0,60,0,0,Normal
0.943331,tcp,unknown,102412,0,OTH,0,114,114,108568,6840,0,Normal
0.949794,tcp,unknown,43998,0,OTH,0,70,70,47778,4200,0,Normal
0.0,udp,unknown,496,0,OTH,0,2,0,580,0,0,Normal
0.987202,tcp,unknown,69054,0,OTH,0,86,84,73698,5040,0,Normal
0.0,tcp,ssl,0,0,S1,0,2,0,120,0,1,Attack
2.929748,tcp,http,84,0,S1,0,14,0,560,0,1,Attack
0.0,udp,unknown,496,0,OTH,0,2,0,580,0,0,Normal
2.907013,tcp,http,84,0,S1,0,14,0,560,0,1,Attack
3.42544,tcp,http,96,0,S1,0,16,0,640,0,1,Attack
0.949934,tcp,unknown,86886,0,OTH,0,102,102,92394,6120,0,Normal
0.982966,tcp,unknown,109212,0,OTH,0,126,124,116016,7440,0,Normal
2.931864,tcp,http,84,0,S1,0,14,0,560,0,1,Attack
1e-06,udp,unknown,496,0,OTH,0,2,0,580,0,0,Normal
0.119424,other,unknown,0,0,OTH,0,2,0,120,0,0,Normal
298.958105,tcp,dns,0,0,S1,0,4,0,256,0,1,Attack
0.989128,tcp,unknown,117446,0,OTH,0,120,118,123926,7080,0,Normal
0.0,other,unknown,0,0,OTH,0,1,0,60,0,0,Normal
3.42442,tcp,http,90,0,S1,0,15,0,600,0,1,Attack
0.940735,tcp,unknown,92796,0,OTH,0,102,102,98304,6120,0,Normal
0.055081,tcp,unknown,4,12,RSTR,0,2,2,88,80,1,Attack
0.949918,tcp,unknown,58998,0,OTH,0,82,82,63426,4920,0,Normal
2.907707,tcp,http,84,0,S1,0,14,0,560,0,1,Attack
0.93927,tcp,unknown,76728,0,OTH,0,86,86,81372,5160,0,Normal
0.0,other,unknown,0,0,OTH,0,1,0,60,0,0,Normal
0.0,udp,unknown,162,0,OTH,0,2,0,246,0,0,Normal
0.0,udp,unknown,274,0,OTH,0,2,0,358,0,0,Normal
2.935286,tcp,http,84,0,S1,0,14,0,560,0,1,Attack
1e-06,udp,unknown,496,0,OTH,0,2,0,580,0,0,Normal
1.418152,udp,dns,0,0,OTH,0,8,0,224,0,1,Attack
0.092647,other,unknown,0,0,OTH,0,2,0,120,0,0,Normal
1.902672,udp,dns,0,0,OTH,0,10,0,280,0,1,Attack
0.0,tcp,dns,0,0,S1,0,2,0,128,0,1,Attack
1.414701,udp,dns,0,0,OTH,0,8,0,224,0,1,Attack
1e-06,udp,dhcp,1480,0,OTH,0,2,0,1564,0,0,Normal
1.914256,udp,dns,0,0,OTH,0,10,0,280,0,1,Attack
0.0,tcp,ssl,0,0,S1,0,2,0,120,0,1,Attack
0.998745,tcp,unknown,79810,0,OTH,0,100,98,85210,5880,0,Normal
65.818314,tcp,dns,0,0,S1,0,4,0,256,0,1,Attack
1.914872,udp,dns,0,0,OTH,0,10,0,280,0,1,Attack
2.916645,tcp,http,84,0,S1,0,14,0,560,0,1,Attack
0.94701,tcp,unknown,90594,0,OTH,0,106,104,96318,6240,0,Normal
0.980857,tcp,unknown,72686,0,OTH,0,102,102,78194,6120,0,Normal
0.017894,tcp,unknown,4,12,RSTR,0,2,2,88,80,1,Attack
0.0,tcp,ssl,0,0,S1,0,2,0,120,0,1,Attack
0.963251,tcp,unknown,86114,0,OTH,0,98,96,91406,5760,0,Normal
3.429518,tcp,http,96,0,S1,0,16,0,640,0,1,Attack
1e-06,udp,unknown,496,0,OTH,0,2,0,580,0,0,Normal
1e-06,tcp,ssl,0,0,S1,0,2,0,120,0,1,Attack
1e-06,tcp,dns,0,0,S1,0,2,0,128,0,1,Attack
0.958455,tcp,unknown,114166,0,OTH,0,124,122,120862,7320,0,Normal
0.019664,tcp,unknown,4,12,RSTR,0,2,2,88,80,1,Attack
0.0,tcp,dns,0,0,S1,0,2,0,128,0,1,Attack
0.030878,udp,unknown,582,0,OTH,0,4,0,750,0,0,Normal
1.894932,udp,dns,0,0,OTH,0,10,0,280,0,1,Attack
1e-06,udp,unknown,496,0,OTH,0,2,0,580,0,0,Normal
0.663678,tcp,unknown,51948,0,RSTO,0,56,50,54972,3000,0,Normal
3.423434,tcp,http,96,0,S1,0,16,0,640,0,1,Attack
0.0,tcp,dns,0,0,S1,0,2,0,128,0,1,Attack
2.944685,tcp,http,84,0,S1,0,14,0,560,0,1,Attack
1e-06,udp,dhcp,1480,0,OTH,0,2,0,1564,0,0,Normal
0.98969,tcp,unknown,74036,0,OTH,0,94,94,79112,5640,0,Normal
1.898,udp,dns,0,0,OTH,0,10,0,280,0,1,Attack
1.897755,udp,dns,0,0,OTH,0,10,0,280,0,1,Attack
0.256057,udp,unknown,658,0,OTH,0,4,0,826,0,0,Normal
0.0,udp,dhcp,1480,0,OTH,0,2,0,1564,0,0,Normal
1e-06,udp,unknown,496,0,OTH,0,2,0,580,0,0,Normal
1.918067,udp,dns,0,0,OTH,0,10,0,280,0,1,Attack
1.889892,udp,dns,0,0,OTH,0,10,0,280,0,1,Attack
1e-06,udp,unknown,496,0,OTH,0,2,0,580,0,0,Normal
0.0,tcp,dns,0,0,S1,0,2,0,128,0,1,Attack
0.0,tcp,dns,0,0,S1,0,2,0,128,0,1,Attack
0.934599,tcp,unknown,127244,0,OTH,0,136,136,134588,8160,0,Normal
0.921304,tcp,unknown,43270,0,OTH,0,70,70,47050,4200,0,Normal
1e-06,tcp,ssl,0,0,S1,0,2,0,120,0,1,Attack
0.854191,tcp,unknown,86088,0,RSTO,0,102,100,91608,6000,0,Normal
0.0,tcp,dns,0,0,S1,0,2,0,128,0,1,Attack
2.945112,tcp,http,84,0,S1,0,14,0,560,0,1,Attack
1e-06,udp,unknown,496,0,OTH,0,2,0,580,0,0,Normal
1.4181,udp,dns,0,0,OTH,0,8,0,224,0,1,Attack
0.940756,tcp,unknown,106027,0,OTH,0,109,108,111913,6480,0,Normal
0.0,tcp,dns,0,0,S1,0,2,0,128,0,1,Attack
2.906817,tcp,http,84,0,S1,0,14,0,560,0,1,Attack
1e-06,udp,unknown,496,0,OTH,0,2,0,580,0,0,Normal
1e-06,udp,unknown,496,0,OTH,0,2,0,580,0,0,Normal
0.0,tcp,ssl,0,0,S1,0,2,0,120,0,1,Attack
0.539877,other,unknown,0,0,OTH,0,2,0,120,0,0,Normal
0.0,tcp,dns,0,0,S1,0,2,0,128,0,1,Attack
0.04974,udp,unknown,548,0,OTH,0,4,0,716,0,0,Normal
0.0,tcp,ssl,0,0,S1,0,2,0,120,0,1,Attack
0.0,other,unknown,0,0,OTH,0,1,0,60,0,0,Normal
0.9806,tcp,unknown,102708,0,OTH,0,120,120,109188,7200,0,Normal
0.950311,tcp,unknown,265260,262,OTH,0,214,138,276828,8530,0,Normal
0.056704,udp,unknown,582,0,OTH,0,4,0,750,0,0,Normal
0.0,tcp,ssl,0,0,S1,0,2,0,120,0,1,Attack
0.500887,udp,unknown,486,0,OTH,0,6,0,738,0,0,Normal
0.0,other,unknown,0,0,OTH,0,1,0,60,0,0,Normal
2.914331,tcp,http,84,0,S1,0,14,0,560,0,1,Attack
0.945774,tcp,unknown,103648,0,OTH,0,102,102,109156,6120,0,Normal
1.912377,udp,dns,0,0,OTH,0,10,0,280,0,1,Attack
0.995,tcp,unknown,91902,0,OTH,0,108,106,97734,6360,0,Normal
0.0,udp,unknown,496,0,OTH,0,2,0,580,0,0,Normal
144.013919,tcp,dns,0,0,S1,0,4,0,256,0,1,Attack
0.986273,tcp,unknown,74408,0,OTH,0,94,94,79484,5640,0,Normal
0.0,tcp,ssl,0,0,S1,0,2,0,120,0,1,Attack
0.994153,tcp,unknown,79372,0,OTH,0,102,102,84880,6120,0,Normal
0.983517,tcp,unknown,103016,0,OTH,0,116,116,109280,6960,0,Normal
1e-06,tcp,ssl,0,0,S1,0,2,0,120,0,1,Attack
0.269902,udp,unknown,708,0,OTH,0,6,0,960,0,0,Normal
0.924833,tcp,unknown,59344,0,OTH,0,76,76,63448,4560,0,Normal
0.0,other,unknown,0,0,OTH,0,1,0,60,0,0,Normal
0.14796,udp,unknown,1096,0,OTH,0,8,0,1432,0,0,Normal
1.914378,udp,dns,0,0,OTH,0,10,0,280,0,1,Attack
0.958857,tcp,unknown,81616,0,OTH,0,98,98,86908,5880,0,Normal
0.0,tcp,dns,0,0,S1,0,2,0,128,0,1,Attack
2.945096,tcp,http,84,0,S1,0,14,0,560,0,1,Attack
1.901142,udp,dns,0,0,OTH,0,10,0,280,0,1,Attack
0.963915,tcp,unknown,72114,0,OTH,0,96,96,77298,5760,0,Normal
1.896458,udp,dns,0,0,OTH,0,10,0,280,0,1,Attack
0.941096,tcp,unknown,60660,0,OTH,0,82,82,65088,4920,0,Normal
0.979519,tcp,unknown,78850,0,OTH,0,104,104,84466,6240,0,Normal
1e-06,udp,unknown,496,0,OTH,0,2,0,580,0,0,Normal
0.0,tcp,dns,0,0,S1,0,2,0,128,0,1,Attack
2.941448,tcp,http,84,0,S1,0,14,0,560,0,1,Attack
3.429454,tcp,http,96,0,S1,0,16,0,640,0,1,Attack
1.900426,udp,dns,0,0,OTH,0,10,0,280,0,1,Attack
0.0,tcp,dns,0,0,S1,0,2,0,128,0,1,Attack
0.0,udp,unknown,274,0,OTH,0,2,0,358,0,0,Normal
1.897089,udp,dns,0,0,OTH,0,10,0,280,0,1,Attack
0.0,udp,dhcp,1480,0,OTH,0,2,0,1564,0,0,Normal
142.985202,tcp,dns,0,0,S1,0,4,0,256,0,1,Attack
0.983283,tcp,unknown,100260,0,OTH,0,114,114,106416,6840,0,Normal
0.947978,tcp,unknown,90154,0,OTH,0,104,104,95770,6240,0,Normal
1e-06,udp,unknown,162,0,OTH,0,2,0,246,0,0,Normal
0.957353,tcp,unknown,93688,0,OTH,0,100,98,99088,5880,0,Normal
2.941443,tcp,http,84,0,S1,0,14,0,560,0,1,Attack
0.96438,tcp,unknown,60210,0,OTH,0,80,80,64530,4800,0,Normal
1e-06,udp,unknown,496,0,OTH,0,2,0,580,0,0,Normal
0.0,other,unknown,0,0,OTH,0,1,0,60,0,0,Normal
0.94085,tcp,unknown,76542,0,OTH,0,96,96,81726,5760,0,Normal
0.963953,tcp,unknown,90344,0,OTH,0,100,100,95744,6000,0,Normal
3.8e-05,tcp,dns,0,0,S1,0,2,0,128,0,1,Attack
0.060714,other,unknown,0,0,OTH,0,2,0,120,0,0,Normal
0.0,tcp,dns,0,0,S1,0,2,0,128,0,1,Attack
0.0,tcp,ssl,0,0,S1,0,2,0,120,0,1,Attack
0.0,tcp,ssl,0,0,S1,0,2,0,120,0,1,Attack
1e-06,udp,unknown,52,0,OTH,0,4,0,164,0,1,Attack
1e-06,udp,unknown,274,0,OTH,0,2,0,358,0,0,Normal
1e-06,udp,unknown,496,0,OTH,0,2,0,580,0,0,Normal
0.0,tcp,ssl,0,0,S1,0,2,0,120,0,1,Attack
1.92212,udp,dns,0,0,OTH,0,10,0,280,0,1,Attack
0.965367,tcp,unknown,97728,0,OTH,0,114,112,103884,6720,0,Normal
1.915559,udp,dns,0,0,OTH,0,10,0,280,0,1,Attack
0.982956,tcp,unknown,100782,0,OTH,0,114,110,106938,6600,0,Normal
0.966256,tcp,unknown,72228,0,OTH,0,88,88,76980,5280,0,Normal
0.0,tcp,ssl,0,0,S1,0,2,0,120,0,1,Attack
2.936093,tcp,http,84,0,S1,0,14,0,560,0,1,Attack
1e-06,udp,unknown,496,0,OTH,0,2,0,580,0,0,Normal
0.984865,tcp,unknown,95230,0,OTH,0,110,108,101170,6480,0,Normal
1.418168,udp,dns,0,0,OTH,0,8,0,224,0,1,Attack
0.022458,tcp,unknown,170,428,S1,0,4,10,402,1032,0,Normal
0.501762,udp,unknown,486,0,OTH,0,6,0,738,0,0,Normal
0.967637,tcp,unknown,56416,0,OTH,0,72,72,60304,4320,0,Normal
1e-06,udp,unknown,496,0,OTH,0,2,0,580,0,0,Normal
0.239645,udp,unknown,324,0,OTH,0,4,0,492,0,0,Normal
3.428273,tcp,http,96,0,S1,0,16,0,640,0,1,Attack
1e-06,udp,unknown,496,0,OTH,0,2,0,580,0,0,Normal
0.965133,tcp,unknown,72190,0,OTH,0,94,94,77266,5640,0,Normal
1e-06,tcp,dns,0,0,S1,0,2,0,128,0,1,Attack
0.0,tcp,ssl,0,0,S1,0,2,0,120,0,1,Attack
0.0,udp,unknown,496,0,OTH,0,2,0,580,0,0,Normal
0.0,tcp,dns,0,0,S1,0,2,0,128,0,1,Attack
1.904818,udp,dns,0,0,OTH,0,10,0,280,0,1,Attack
1e-06,udp,unknown,496,0,OTH,0,2,0,580,0,0,Normal
0.0,other,unknown,0,0,OTH,0,1,0,60,0,0,Normal
0.979065,tcp,unknown,121884,0,OTH,0,138,136,129336,8160,0,Normal
0.966807,tcp,unknown,72934,0,OTH,0,90,90,77794,5400,0,Normal
2.944658,tcp,http,84,0,S1,0,14,0,560,0,1,Attack
1e-06,udp,unknown,496,0,OTH,0,2,0,580,0,0,Normal
0.181046,tcp,unknown,36982,1320,S1,0,36,28,38942,2968,0,Normal
1.922333,udp,dns,0,0,OTH,0,10,0,280,0,1,Attack
0.0,udp,unknown,162,0,OTH,0,2,0,246,0,0,Normal
0.0,other,unknown,0,0,OTH,0,1,0,60,0,0,Normal
0.92636,tcp,unknown,113362,0,OTH,0,122,120,119950,7200,0,Normal
3.426957,tcp,http,96,0,S1,0,16,0,640,0,1,Attack
0.0,other,unknown,0,0,OTH,0,1,0,60,0,0,Normal
0.980087,tcp,unknown,71460,0,OTH,0,92,92,76428,5520,0,Normal
0.967486,tcp,unknown,66406,0,OTH,0,94,94,71482,5640,0,Normal
0.0,other,unknown,0,0,OTH,0,1,0,60,0,0,Normal
1e-06,udp,unknown,496,0,OTH,0,2,0,580,0,0,Normal
1e-06,udp,unknown,274,0,OTH,0,2,0,358,0,0,Normal
0.996515,tcp,unknown,141828,0,OTH,0,148,136,149820,8160,0,Normal
0.007781,other,unknown,0,0,OTH,0,2,0,120,0,0,Normal
0.948161,tcp,unknown,97342,0,OTH,0,96,92,102526,5520,0,Normal
0.0,tcp,dns,0,0,S1,0,2,0,128,0,1,Attack
2.944741,tcp,http,84,0,S1,0,14,0,560,0,1,Attack
0.963733,tcp,unknown,73852,0,OTH,0,98,98,79144,5880,0,Normal
1e-06,udp,unknown,496,0,OTH,0,2,0,580,0,0,Normal
0.0,other,unknown,0,0,OTH,0,1,0,60,0,0,Normal
1.926418,udp,dns,0,0,OTH,0,10,0,280,0,1,Attack
2.906961,tcp,http,84,0,S1,0,14,0,560,0,1,Attack
3.427145,tcp,http,96,0,S1,0,16,0,640,0,1,Attack
1.907758,udp,dns,0,0,OTH,0,10,0,280,0,1,Attack
236.163806,tcp,dns,0,0,S1,0,4,0,256,0,1,Attack
0.087911,udp,unknown,248,0,OTH,0,4,0,416,0,0,Normal
0.037735,tcp,unknown,4,12,RSTR,0,2,2,88,80,1,Attack
0.0,udp,unknown,496,0,OTH,0,2,0,580,0,0,Normal
3.429631,tcp,http,96,0,S1,0,16,0,640,0,1,Attack
1e-06,udp,unknown,496,0,OTH,0,2,0,580,0,0,Normal
0.0,tcp,ssl,0,0,S1,0,2,0,120,0,1,Attack
0.74032,udp,unknown,982,0,OTH,0,8,0,1318,0,0,Normal
0.003873,tcp,http,0,12,RSTR,0,2,2,120,80,1,Attack
0.740002,udp,unknown,1032,0,OTH,0,10,0,1452,0,0,Normal
1e-06,udp,unknown,496,0,OTH,0,2,0,580,0,0,Normal
0.0,tcp,ssl,0,0,S1,0,2,0,120,0,1,Attack
1e-06,udp,unknown,496,0,OTH,0,2,0,580,0,0,Normal
0.965358,tcp,unknown,76646,0,OTH,0,98,98,81938,5880,0,Normal
3.424172,tcp,http,90,0,S1,0,15,0,600,0,1,Attack
1.913964,udp,dns,0,0,OTH,0,10,0,280,0,1,Attack
0.0,tcp,dns,0,0,S1,0,2,0,128,0,1,Attack
299.023123,tcp,dns,0,0,S1,0,4,0,256,0,1,Attack
1.905698,udp,dns,0,0,OTH,0,10,0,280,0,1,Attack
0.0,tcp,ssl,0,0,S1,0,2,0,120,0,1,Attack
1.915033,udp,dns,0,0,OTH,0,10,0,280,0,1,Attack
0.0,tcp,dns,0,0,S1,0,2,0,128,0,1,Attack
1.906477,udp,dns,0,0,OTH,0,10,0,280,0,1,Attack
0.982448,tcp,unknown,108458,0,OTH,0,120,120,114938,7200,0,Normal
1e-06,udp,unknown,496,0,OTH,0,2,0,580,0,0,Normal
0.0,tcp,dns,0,0,S1,0,2,0,128,0,1,Attack
2.927369,tcp,http,84,0,S1,0,14,0,560,0,1,Attack
1e-06,udp,unknown,496,0,OTH,0,2,0,580,0,0,Normal
1e-06,udp,unknown,496,0,OTH,0,2,0,580,0,0,Normal
235.3553,tcp,dns,0,0,S1,0,4,0,256,0,1,Attack
1.898179,udp,dns,0,0,OTH,0,10,0,280,0,1,Attack
1e-06,udp,unknown,496,0,OTH,0,2,0,580,0,0,Normal
0.948745,tcp,unknown,76490,0,OTH,0,92,90,81458,5400,0,Normal
0.0,udp,unknown,162,0,OTH,0,2,0,246,0,0,Normal
1.922231,udp,dns,0,0,OTH,0,10,0,280,0,1,Attack
0.048132,tcp,unknown,4,12,RSTR,0,2,2,88,80,1,Attack
1.915894,udp,dns,0,0,OTH,0,10,0,280,0,1,Attack
0.976607,tcp,unknown,54682,0,OTH,0,78,78,58894,4680,0,Normal
1.927237,udp,dns,0,0,OTH,0,10,0,280,0,1,Attack
0.0,tcp,dns,0,0,S1,0,2,0,128,0,1,Attack
0.016402,other,unknown,0,0,OTH,0,2,0,120,0,0,Normal
1.910967,udp,dns,0,0,OTH,0,10,0,280,0,1,Attack
0.949664,tcp,unknown,54216,0,OTH,0,76,76,58320,4560,0,Normal
3.429118,tcp,http,96,0,S1,0,16,0,640,0,1,Attack
0.906541,udp,unknown,486,0,OTH,0,6,0,738,0,0,Normal
0.964611,tcp,unknown,69502,0,OTH,0,92,92,74470,5520,0,Normal
165.037588,tcp,dns,0,0,S1,0,4,0,256,0,1,Attack
0.272806,udp,unknown,324,0,OTH,0,4,0,492,0,0,Normal
0.0,tcp,ssl,0,0,S1,0,2,0,120,0,1,Attack
0.944473,tcp,unknown,102128,0,OTH,0,118,118,108500,7080,0,Normal
0.954068,tcp,unknown,104168,0,OTH,0,118,114,110540,6840,0,Normal
0.983546,tcp,unknown,76240,0,OTH,0,94,94,81316,5640,0,Normal
0.0,tcp,ssl,0,0,S1,0,2,0,120,0,1,Attack
0.969662,tcp,unknown,71660,0,OTH,0,92,92,76628,5520,0,Normal
3.4234,tcp,http,96,0,S1,0,16,0,640,0,1,Attack
0.0,other,unknown,0,0,OTH,0,1,0,60,0,0,Normal
0.983839,tcp,unknown,69265,0,OTH,0,91,90,74179,5400,0,Normal
3.427874,tcp,http,96,0,S1,0,16,0,640,0,1,Attack
1e-06,udp,unknown,496,0,OTH,0,2,0,580,0,0,Normal
2.91893,tcp,http,84,0,S1,0,14,0,560,0,1,Attack
1e-06,udp,unknown,496,0,OTH,0,2,0,580,0,0,Normal
0.090593,udp,unknown,582,0,OTH,0,4,0,750,0,0,Normal
0.963449,tcp,unknown,76282,0,OTH,0,94,94,81358,5640,0,Normal
0.0,udp,unknown,496,0,OTH,0,2,0,580,0,0,Normal
0.0,other,unknown,0,0,OTH,0,1,0,60,0,0,Normal
3.423966,tcp,http,96,0,S1,0,16,0,640,0,1,Attack
1e-06,udp,unknown,496,0,OTH,0,2,0,580,0,0,Normal
1e-06,udp,unknown,274,0,OTH,0,2,0,358,0,0,Normal
0.958424,tcp,unknown,79594,0,OTH,0,100,100,84994,6000,0,Normal
1.91438,udp,dns,0,0,OTH,0,10,0,280,0,1,Attack
142.990156,tcp,dns,0,0,S1,0,4,0,256,0,1,Attack
2.907095,tcp,http,84,0,S1,0,14,0,560,0,1,Attack
1.891894,udp,dns,0,0,OTH,0,10,0,280,0,1,Attack
0.315858,tcp,unknown,133342,1316,S1,0,102,62,138866,5004,0,Normal
0.0,tcp,dns,0,0,S1,0,2,0,128,0,1,Attack
0.962668,tcp,unknown,81798,0,OTH,0,96,96,86982,5760,0,Normal
0.0,tcp,dns,0,0,S1,0,2,0,128,0,1,Attack
0.986397,tcp,unknown,77490,0,OTH,0,100,100,82890,6000,0,Normal
0.038165,tcp,unknown,4,12,RSTR,0,2,2,88,80,1,Attack
0.992631,tcp,unknown,108652,0,OTH,0,120,120,115132,7200,0,Normal
0.127145,udp,unknown,582,0,OTH,0,4,0,750,0,0,Normal
1e-06,udp,dhcp,1480,0,OTH,0,2,0,1564,0,0,Normal
0.0,other,unknown,0,0,OTH,0,1,0,60,0,0,Normal
1e-06,tcp,ssl,0,0,S1,0,2,0,120,0,1,Attack
1e-06,udp,unknown,496,0,OTH,0,2,0,580,0,0,Normal
0.964226,tcp,unknown,53436,0,OTH,0,72,72,57324,4320,0,Normal
0.0,other,unknown,0,0,OTH,0,1,0,60,0,0,Normal
1e-06,udp,unknown,496,0,OTH,0,2,0,580,0,0,Normal
153.010207,tcp,dns,0,0,S1,0,4,0,256,0,1,Attack
0.0,tcp,dns,0,0,S1,0,2,0,128,0,1,Attack
0.954268,tcp,unknown,75282,0,OTH,0,90,90,80142,5400,0,Normal
1e-06,tcp,dns,0,0,S1,0,2,0,128,0,1,Attack
2.937801,tcp,http,84,0,S1,0,14,0,560,0,1,Attack
0.0,tcp,dns,0,0,S1,0,2,0,128,0,1,Attack
0.0,udp,unknown,496,0,OTH,0,2,0,580,0,0,Normal
1e-06,tcp,ssl,0,0,S1,0,2,0,120,0,1,Attack
1.91469,udp,dns,0,0,OTH,0,10,0,280,0,1,Attack
1e-06,udp,unknown,496,0,OTH,0,2,0,580,0,0,Normal
1e-06,tcp,ssl,0,0,S1,0,2,0,120,0,1,Attack
1.414631,udp,dns,0,0,OTH,0,8,0,224,0,1,Attack
0.0,tcp,dns,0,0,S1,0,2,0,128,0,1,Attack
0.963937,tcp,unknown,75632,0,OTH,0,96,96,80816,5760,0,Normal
0.501281,udp,unknown,820,0,OTH,0,6,0,1072,0,0,Normal
1.904712,udp,dns,0,0,OTH,0,10,0,280,0,1,Attack
0.0,udp,dhcp,1480,0,OTH,0,2,0,1564,0,0,Normal
0.499109,udp,unknown,820,0,OTH,0,6,0,1072,0,0,Normal
0.0,other,unknown,0,0,OTH,0,1,0,60,0,0,Normal
0.0,tcp,dns,0,0,S1,0,2,0,128,0,1,Attack
1e-06,udp,unknown,496,0,OTH,0,2,0,580,0,0,Normal
2.907912,tcp,http,84,0,S1,0,14,0,560,0,1,Attack
1e-06,udp,unknown,496,0,OTH,0,2,0,580,0,0,Normal
0.579527,other,unknown,0,0,OTH,0,5,0,302,0,0,Normal
1e-06,tcp,dns,0,0,S1,0,2,0,128,0,1,Attack
0.963639,tcp,unknown,104830,0,OTH,0,118,118,111202,7080,0,Normal
0.984907,tcp,unknown,102732,0,OTH,0,110,110,108672,6600,0,Normal
0.0,tcp,dns,0,0,S1,0,2,0,128,0,1,Attack
1.904563,udp,dns,0,0,OTH,0,10,0,280,0,1,Attack
2.906652,tcp,http,84,0,S1,0,14,0,560,0,1,Attack
1e-06,udp,unknown,496,0,OTH,0,2,0,580,0,0,Normal
0.0,other,unknown,0,0,OTH,0,1,0,60,0,0,Normal
3.424536,tcp,http,96,0,S1,0,16,0,640,0,1,Attack
0.684749,other,unknown,0,0,OTH,0,2,0,120,0,0,Normal
0.148157,udp,unknown,1096,0,OTH,0,8,0,1432,0,0,Normal
0.940299,tcp,unknown,81876,0,OTH,0,98,98,87168,5880,0,Normal
0.0,tcp,dns,0,0,S1,0,2,0,128,0,1,Attack
1e-06,tcp,ssl,0,0,S1,0,2,0,120,0,1,Attack
1e-06,udp,unknown,496,0,OTH,0,2,0,580,0,0,Normal
0.0,udp,unknown,496,0,OTH,0,2,0,580,0,0,Normal
1e-06,udp,unknown,496,0,OTH,0,2,0,580,0,0,Normal
0.097813,udp,unknown,658,0,OTH,0,4,0,826,0,0,Normal
0.0,tcp,dns,0,0,S1,0,2,0,128,0,1,Attack
2.941693,tcp,http,84,0,S1,0,14,0,560,0,1,Attack
0.951533,tcp,unknown,82474,0,OTH,0,94,94,87550,5640,0,Normal
0.982951,tcp,unknown,73484,0,OTH,0,100,100,78884,6000,0,Normal
3.431749,tcp,http,96,0,S1,0,16,0,640,0,1,Attack
1e-06,udp,unknown,496,0,OTH,0,2,0,580,0,0,Normal
0.951212,tcp,unknown,108116,0,OTH,0,118,118,114488,7080,0,Normal
0.0,tcp,ssl,0,0,S1,0,2,0,120,0,1,Attack
0.0,tcp,unknown,0,0,S1,0,0,2,0,148,0,Normal
1.897163,udp,dns,0,0,OTH,0,10,0,280,0,1,Attack
0.0,tcp,ssl,0,0,S1,0,2,0,120,0,1,Attack
0.188374,udp,unknown,1096,0,OTH,0,8,0,1432,0,0,Normal
2.912774,tcp,http,84,0,S1,0,14,0,560,0,1,Attack
0.959812,tcp,unknown,119300,0,OTH,0,128,128,126212,7680,0,Normal
0.964956,tcp,unknown,119356,0,OTH,0,128,128,126268,7680,0,Normal
3.42828,tcp,http,96,0,S1,0,16,0,640,0,1,Attack
0.989053,tcp,unknown,86310,0,OTH,0,110,110,92250,6600,0,Normal
1e-06,udp,unknown,496,0,OTH,0,2,0,580,0,0,Normal
0.968597,tcp,unknown,60716,0,OTH,0,72,72,64604,4320,0,Normal
0.0,tcp,ssl,0,0,S1,0,2,0,120,0,1,Attack
0.0,tcp,dns,0,0,S1,0,2,0,128,0,1,Attack
1e-06,udp,unknown,162,0,OTH,0,2,0,246,0,0,Normal
0.0,tcp,ssl,0,0,S1,0,2,0,120,0,1,Attack
0.0,tcp,dns,0,0,S1,0,2,0,128,0,1,Attack
1e-06,tcp,ssl,0,0,S1,0,2,0,120,0,1,Attack
1e-06,udp,unknown,274,0,OTH,0,2,0,358,0,0,Normal
1.892421,udp,dns,0,0,OTH,0,10,0,280,0,1,Attack
0.01207,tcp,unknown,4,12,RSTR,0,2,2,88,80,1,Attack
3.425871,tcp,http,90,0,S1,0,15,0,600,0,1,Attack
0.955979,tcp,unknown,108028,0,OTH,0,118,118,114400,7080,0,Normal
0.039976,tcp,unknown,4,12,RSTR,0,2,2,88,80,1,Attack
1e-06,udp,dhcp,1480,0,OTH,0,2,0,1564,0,0,Normal
0.938857,tcp,unknown,103192,0,OTH,0,116,116,109456,6960,0,Normal
0.966978,tcp,unknown,106490,0,OTH,0,116,116,112754,6960,0,Normal
0.491569,udp,unknown,486,0,OTH,0,6,0,738,0,0,Normal
0.0,tcp,ssl,0,0,S1,0,2,0,120,0,1,Attack
1e-06,tcp,ssl,0,0,S1,0,2,0,120,0,1,Attack
1e-06,udp,unknown,496,0,OTH,0,2,0,580,0,0,Normal
1e-06,udp,unknown,496,0,OTH,0,2,0,580,0,0,Normal
0.80878,udp,unknown,982,0,OTH,0,8,0,1318,0,0,Normal
0.970528,tcp,unknown,66916,0,OTH,0,82,82,71344,4920,0,Normal
0.0,udp,unknown,496,0,OTH,0,2,0,580,0,0,Normal
1e-06,udp,unknown,496,0,OTH,0,2,0,580,0,0,Normal
1e-06,udp,unknown,496,0,OTH,0,2,0,580,0,0,Normal
1.914401,udp,dns,0,0,OTH,0,10,0,280,0,1,Attack
0.040757,tcp,unknown,4,12,RSTR,0,2,2,88,80,1,Attack
0.170628,tcp,unknown,12990,0,RSTO,0,12,10,13638,600,0,Normal
1e-06,udp,unknown,496,0,OTH,0,2,0,580,0,0,Normal
0.0,other,unknown,0,0,OTH,0,1,0,60,0,0,Normal
1.906846,udp,dns,0,0,OTH,0,10,0,280,0,1,Attack
0.0,udp,unknown,496,0,OTH,0,2,0,580,0,0,Normal
0.967381,tcp,unknown,74836,0,OTH,0,92,92,79804,5520,0,Normal
155.002801,tcp,dns,0,0,S1,0,4,0,256,0,1,Attack
2.936546,tcp,http,84,0,S1,0,14,0,560,0,1,Attack
0.0,other,unknown,0,0,OTH,0,1,0,60,0,0,Normal
0.981969,tcp,unknown,90042,0,OTH,0,98,94,95334,5640,0,Normal
0.970123,tcp,unknown,76828,0,OTH,0,92,92,81796,5520,0,Normal
0.954455,tcp,unknown,80974,0,OTH,0,102,102,86482,6120,0,Normal
1.936421,udp,dns,0,0,OTH,0,10,0,280,0,1,Attack
0.945455,tcp,unknown,98500,0,OTH,0,102,102,104008,6120,0,Normal
0.751265,udp,unknown,982,0,OTH,0,8,0,1318,0,0,Normal
298.963305,tcp,dns,0,0,S1,0,4,0,256,0,1,Attack
2.931008,tcp,http,84,0,S1,0,14,0,560,0,1,Attack
0.0,tcp,dns,0,0,S1,0,2,0,128,0,1,Attack
2.945169,tcp,http,84,0,S1,0,14,0,560,0,1,Attack
0.540487,tcp,unknown,173086,1316,S1,0,150,150,181214,10284,0,Normal
2.933238,tcp,http,84,0,S1,0,14,0,560,0,1,Attack
0.0,tcp,dns,0,0,S1,0,2,0,128,0,1,Attack
2.911878,tcp,http,84,0,S1,0,14,0,560,0,1,Attack
0.0,tcp,dns,0,0,S1,0,2,0,128,0,1,Attack
0.0,tcp,ssl,0,0,S1,0,2,0,120,0,1,Attack
0.974939,tcp,unknown,135906,262,OTH,0,138,110,143358,6850,0,Normal
1e-06,udp,unknown,496,0,OTH,0,2,0,580,0,0,Normal
1.414374,udp,dns,0,0,OTH,0,8,0,224,0,1,Attack
2.926847,tcp,http,84,0,S1,0,14,0,560,0,1,Attack
1e-06,udp,unknown,496,0,OTH,0,2,0,580,0,0,Normal
1.92721,udp,dns,0,0,OTH,0,10,0,280,0,1,Attack
1e-06,tcp,ssl,0,0,S1,0,2,0,120,0,1,Attack
3.42953,tcp,http,96,0,S1,0,16,0,640,0,1,Attack
0.0,tcp,ssl,0,0,S1,0,2,0,120,0,1,Attack
1e-06,tcp,dns,0,0,S1,0,2,0,128,0,1,Attack
0.990424,tcp,unknown,106004,0,OTH,0,116,112,112268,6720,0,Normal
0.960855,tcp,unknown,51802,0,OTH,0,72,72,55690,4320,0,Normal
1e-06,tcp,ssl,0,0,S1,0,2,0,120,0,1,Attack
1.914316,udp,dns,0,0,OTH,0,10,0,280,0,1,Attack
0.231637,other,unknown,0,0,OTH,0,2,0,120,0,0,Normal
2.921422,tcp,http,84,0,S1,0,14,0,560,0,1,Attack
69.176832,tcp,dns,0,0,S1,0,4,0,256,0,1,Attack
0.0,tcp,ssl,0,0,S1,0,2,0,120,0,1,Attack
0.966374,tcp,unknown,90378,0,OTH,0,100,98,95778,5880,0,Normal
0.0,tcp,ssl,0,0,S1,0,2,0,120,0,1,Attack
2.928669,tcp,http,84,0,S1,0,14,0,560,0,1,Attack
0.970719,tcp,unknown,102734,0,OTH,0,120,120,109214,7200,0,Normal
0.97813,tcp,unknown,86788,0,OTH,0,98,98,92080,5880,0,Normal
142.385364,tcp,dns,0,0,S1,0,4,0,256,0,1,Attack
1e-06,udp,unknown,496,0,OTH,0,2,0,580,0,0,Normal
0.965095,tcp,unknown,78316,0,OTH,0,98,96,83608,5760,0,Normal
0.0,other,unknown,0,0,OTH,0,1,0,60,0,0,Normal
0.0,tcp,ssl,0,0,S1,0,2,0,120,0,1,Attack
0.969223,tcp,unknown,56142,0,OTH,0,76,78,60246,4680,0,Normal
0.0,tcp,dns,0,0,S1,0,2,0,128,0,1,Attack
0.609553,other,unknown,0,0,OTH,0,2,0,120,0,0,Normal
1.909328,udp,dns,0,0,OTH,0,10,0,280,0,1,Attack
2.906579,tcp,http,84,0,S1,0,14,0,560,0,1,Attack
1e-06,udp,unknown,86,0,OTH,0,2,0,170,0,0,Normal
0.0,tcp,dns,0,0,S1,0,2,0,128,0,1,Attack
1e-06,tcp,ssl,0,0,S1,0,2,0,120,0,1,Attack
0.984218,tcp,unknown,98804,0,OTH,0,114,110,104960,6600,0,Normal
2.906314,tcp,http,84,0,S1,0,14,0,560,0,1,Attack
3.42463,tcp,http,96,0,S1,0,16,0,640,0,1,Attack
1.414757,udp,dns,0,0,OTH,0,8,0,224,0,1,Attack
3.432121,tcp,http,96,0,S1,0,16,0,640,0,1,Attack
3.428214,tcp,http,96,0,S1,0,16,0,640,0,1,Attack
0.987678,tcp,unknown,73470,0,OTH,0,100,100,78870,6000,0,Normal
43.935661,tcp,dns,0,0,S1,0,4,0,256,0,1,Attack
0.960928,tcp,unknown,92558,0,OTH,0,106,106,98282,6360,0,Normal
1e-06,udp,unknown,162,0,OTH,0,2,0,246,0,0,Normal
0.0,tcp,ssl,0,0,S1,0,2,0,120,0,1,Attack
1e-06,udp,unknown,496,0,OTH,0,2,0,580,0,0,Normal
0.974344,tcp,unknown,52800,0,OTH,0,70,70,56580,4200,0,Normal
0.0,tcp,ssl,0,0,S1,0,2,0,120,0,1,Attack
0.974759,tcp,unknown,57512,0,OTH,0,82,82,61940,4920,0,Normal
1.907067,udp,dns,0,0,OTH,0,10,0,280,0,1,Attack
3.427246,tcp,http,96,0,S1,0,16,0,640,0,1,Attack
0.0,tcp,ssl,0,0,S1,0,2,0,120,0,1,Attack
1e-06,udp,unknown,496,0,OTH,0,2,0,580,0,0,Normal
2.944364,tcp,http,84,0,S1,0,14,0,560,0,1,Attack
1.913569,udp,dns,0,0,OTH,0,10,0,280,0,1,Attack
0.983055,tcp,unknown,69684,0,OTH,0,90,90,74544,5400,0,Normal
0.973043,tcp,unknown,106984,0,OTH,0,118,118,113356,7080,0,Normal
0.011251,tcp,http,0,12,RSTR,0,2,2,120,80,1,Attack
1.893663,udp,dns,0,0,OTH,0,10,0,280,0,1,Attack
1.915661,udp,dns,0,0,OTH,0,10,0,280,0,1,Attack
2e-06,udp,unknown,496,0,OTH,0,2,0,580,0,0,Normal
0.508956,tcp,unknown,108300,1320,S1,0,100,68,113728,5368,0,Normal
0.266128,tcp,unknown,48316,0,RSTO,0,44,40,50692,2400,0,Normal
1.912559,udp,dns,0,0,OTH,0,10,0,280,0,1,Attack
0.0,udp,unknown,496,0,OTH,0,2,0,580,0,0,Normal
0.008903,tcp,http,0,12,RSTR,0,2,2,120,80,1,Attack
0.960462,tcp,unknown,59464,0,OTH,0,78,78,63676,4680,0,Normal
1.89257,udp,dns,0,0,OTH,0,10,0,280,0,1,Attack
0.96491,tcp,unknown,76112,0,OTH,0,98,98,81404,5880,0,Normal
1.913088,udp,dns,0,0,OTH,0,10,0,280,0,1,Attack
0.930924,tcp,unknown,101342,0,OTH,0,112,112,107390,6720,0,Normal
0.0,tcp,dns,0,0,S1,0,2,0,128,0,1,Attack
0.063913,other,unknown,0,0,OTH,0,2,0,120,0,0,Normal
0.0,other,unknown,0,0,OTH,0,1,0,60,0,0,Normal
2.91472,tcp,http,84,0,S1,0,14,0,560,0,1,Attack
3.427177,tcp,http,96,0,S1,0,16,0,640,0,1,Attack
0.961728,tcp,unknown,73572,0,OTH,0,92,92,78540,5520,0,Normal
1.903609,udp,dns,0,0,OTH,0,10,0,280,0,1,Attack
1.913977,udp,dns,0,0,OTH,0,10,0,280,0,1,Attack
0.973937,tcp,unknown,121816,0,OTH,0,126,126,128620,7560,0,Normal
0.0,tcp,dns,0,0,S1,0,2,0,128,0,1,Attack
0.970282,tcp,unknown,77684,0,OTH,0,102,102,83192,6120,0,Normal
0.0,tcp,ssl,0,0,S1,0,2,0,120,0,1,Attack
0.936805,tcp,unknown,44928,0,OTH,0,70,70,48708,4200,0,Normal
0.954067,tcp,unknown,69226,0,OTH,0,88,88,73978,5280,0,Normal
1e-06,udp,unknown,496,0,OTH,0,2,0,580,0,0,Normal
0.222046,other,unknown,0,0,OTH,0,2,0,120,0,0,Normal
3.427359,tcp,http,96,0,S1,0,16,0,640,0,1,Attack
0.0,other,unknown,0,0,OTH,0,1,0,60,0,0,Normal
1e-06,tcp,ssl,0,0,S1,0,2,0,120,0,1,Attack
0.99339,tcp,unknown,59444,0,OTH,0,80,78,63764,4680,0,Normal
0.0,tcp,dns,0,0,S1,0,2,0,128,0,1,Attack
2.92214,tcp,http,84,0,S1,0,14,0,560,0,1,Attack
0.0,tcp,dns,0,0,S1,0,2,0,128,0,1,Attack
0.0,udp,unknown,496,0,OTH,0,2,0,580,0,0,Normal
0.936681,tcp,unknown,73198,0,OTH,0,90,88,78058,5280,0,Normal
0.560236,tcp,unknown,27496,0,RSTO,0,42,40,29776,2400,0,Normal
0.0,other,unknown,0,0,OTH,0,1,0,60,0,0,Normal
2.922945,tcp,http,84,0,S1,0,14,0,560,0,1,Attack
2.926083,tcp,http,84,0,S1,0,14,0,560,0,1,Attack
0.0,other,unknown,0,0,OTH,0,1,0,60,0,0,Normal
1e-06,tcp,ssl,0,0,S1,0,2,0,120,0,1,Attack
0.954804,tcp,unknown,72976,0,OTH,0,94,94,78052,5640,0,Normal
0.0,tcp,dns,0,0,S1,0,2,0,128,0,1,Attack
2.926318,tcp,http,84,0,S1,0,14,0,560,0,1,Attack
2.944979,tcp,http,84,0,S1,0,14,0,560,0,1,Attack
1e-06,tcp,dns,0,0,S1,0,2,0,128,0,1,Attack
0.987559,tcp,unknown,110136,0,OTH,0,118,118,116508,7080,0,Normal
0.0,tcp,ssl,0,0,S1,0,2,0,120,0,1,Attack
0.996307,tcp,unknown,97066,0,OTH,0,106,106,102790,6360,0,Normal
0.974991,tcp,unknown,87682,0,OTH,0,100,100,93082,6000,0,Normal
0.959459,tcp,unknown,120278,598,OTH,0,96,58,125474,4054,0,Normal
6.8e-05,other,unknown,0,0,OTH,0,2,0,120,0,0,Normal
0.975906,tcp,unknown,86696,0,OTH,0,96,96,91880,5760,0,Normal
1.906698,udp,dns,0,0,OTH,0,10,0,280,0,1,Attack
0.0,udp,unknown,496,0,OTH,0,2,0,580,0,0,Normal
0.934596,tcp,unknown,72356,0,OTH,0,90,86,77216,5160,0,Normal
2.948415,tcp,http,84,0,S1,0,14,0,560,0,1,Attack
0.949697,tcp,unknown,80604,0,OTH,0,100,100,86004,6000,0,Normal
0.0,tcp,dns,0,0,S1,0,2,0,128,0,1,Attack
2.920014,tcp,http,84,0,S1,0,14,0,560,0,1,Attack
0.0,tcp,ssl,0,0,S1,0,2,0,120,0,1,Attack
2.921096,tcp,http,84,0,S1,0,14,0,560,0,1,Attack
0.981553,tcp,unknown,41330,0,OTH,0,72,72,45218,4320,0,Normal
0.0,tcp,ssl,0,0,S1,0,2,0,120,0,1,Attack
1.904746,udp,dns,0,0,OTH,0,10,0,280,0,1,Attack
0.989749,tcp,unknown,93150,0,OTH,0,118,116,99522,6960,0,Normal
0.0,tcp,dns,0,0,S1,0,2,0,128,0,1,Attack
0.942376,tcp,unknown,113474,0,OTH,0,126,124,120278,7440,0,Normal
1.890528,udp,dns,0,0,OTH,0,10,0,280,0,1,Attack
1.921764,udp,dns,0,0,OTH,0,10,0,280,0,1,Attack
0.980953,tcp,unknown,109208,0,OTH,0,128,128,116120,7680,0,Normal
0.0,tcp,ssl,0,0,S1,0,2,0,120,0,1,Attack
1.892472,udp,dns,0,0,OTH,0,10,0,280,0,1,Attack
0.463376,tcp,unknown,73174,1316,S1,0,78,82,77414,6204,0,Normal
1.924857,udp,dns,0,0,OTH,0,10,0,280,0,1,Attack
0.0,tcp,dns,0,0,S1,0,2,0,128,0,1,Attack
0.018121,tcp,unknown,4,12,RSTR,0,2,2,88,80,1,Attack
0.979055,tcp,unknown,71886,0,OTH,0,94,94,76962,5640,0,Normal
1e-06,tcp,ssl,0,0,S1,0,2,0,120,0,1,Attack
0.0,tcp,dns,0,0,S1,0,2,0,128,0,1,Attack
0.045166,tcp,unknown,4,12,RSTR,0,2,2,88,80,1,Attack
0.000209,udp,unknown,582,0,OTH,0,4,0,750,0,0,Normal
0.0,udp,unknown,496,0,OTH,0,2,0,580,0,0,Normal
2e-06,udp,unknown,496,0,OTH,0,2,0,580,0,0,Normal
0.0,tcp,ssl,0,0,S1,0,2,0,120,0,1,Attack
0.963899,tcp,unknown,70838,0,OTH,0,100,100,76238,6000,0,Normal
0.0,tcp,dns,0,0,S1,0,2,0,128,0,1,Attack
0.264445,tcp,unknown,21138,0,RSTO,0,30,28,22770,1680,0,Normal
0.0,tcp,dns,0,0,S1,0,2,0,128,0,1,Attack
3.42957,tcp,http,96,0,S1,0,16,0,640,0,1,Attack
0.0,tcp,dns,0,0,S1,0,2,0,128,0,1,Attack
1.914392,udp,dns,0,0,OTH,0,10,0,280,0,1,Attack
100.064782,tcp,dns,0,0,S1,0,4,0,256,0,1,Attack
0.0,tcp,dns,0,0,S1,0,2,0,128,0,1,Attack
2.915057,tcp,http,84,0,S1,0,14,0,560,0,1,Attack
0.0,tcp,dns,0,0,S1,0,2,0,128,0,1,Attack
1e-06,udp,unknown,496,0,OTH,0,2,0,580,0,0,Normal
0.0,tcp,dns,0,0,S1,0,2,0,128,0,1,Attack
0.027927,udp,unknown,582,0,OTH,0,4,0,750,0,0,Normal
0.974529,tcp,unknown,68782,0,OTH,0,88,88,73534,5280,0,Normal
144.007085,tcp,dns,0,0,S1,0,4,0,256,0,1,Attack
1.915315,udp,dns,0,0,OTH,0,10,0,280,0,1,Attack
0.949772,tcp,unknown,115260,0,OTH,0,120,116,121740,6960,0,Normal
0.0,tcp,dns,0,0,S1,0,2,0,128,0,1,Attack
0.983283,tcp,unknown,93044,0,OTH,0,102,102,98552,6120,0,Normal
0.0,tcp,dns,0,0,S1,0,2,0,128,0,1,Attack
0.003303,tcp,http,0,12,RSTR,0,2,2,120,80,1,Attack
181.920837,tcp,dns,0,0,S1,0,8,0,512,0,1,Attack
1e-06,tcp,ssl,0,0,S1,0,2,0,120,0,1,Attack
0.0,other,unknown,0,0,OTH,0,1,0,60,0,0,Normal
0.0,udp,unknown,496,0,OTH,0,2,0,580,0,0,Normal
2.929751,tcp,http,84,0,S1,0,14,0,560,0,1,Attack
0.995103,tcp,unknown,103228,0,OTH,0,120,116,109708,6960,0,Normal
2.944657,tcp,http,84,0,S1,0,14,0,560,0,1,Attack
1e-06,udp,unknown,496,0,OTH,0,2,0,580,0,0,Normal
0.405901,tcp,unknown,68070,1320,S1,0,66,42,71662,3808,0,Normal
2.936924,tcp,http,84,0,S1,0,14,0,560,0,1,Attack
3.423432,tcp,http,96,0,S1,0,16,0,640,0,1,Attack
0.957641,tcp,unknown,81050,0,OTH,0,94,94,86126,5640,0,Normal
1.914555,udp,dns,0,0,OTH,0,10,0,280,0,1,Attack
0.0,tcp,ssl,0,0,S1,0,2,0,120,0,1,Attack
1.907158,udp,dns,0,0,OTH,0,10,0,280,0,1,Attack
2.920891,tcp,http,84,0,S1,0,14,0,560,0,1,Attack
1e-06,udp,unknown,52,0,OTH,0,4,0,164,0,1,Attack
1.914503,udp,dns,0,0,OTH,0,10,0,280,0,1,Attack
2.944691,tcp,http,84,0,S1,0,14,0,560,0,1,Attack
0.0,tcp,dns,0,0,S1,0,2,0,128,0,1,Attack
0.968201,tcp,unknown,99058,0,OTH,0,108,106,104890,6360,0,Normal
3.425996,tcp,http,96,0,S1,0,16,0,640,0,1,Attack
1.892723,udp,dns,0,0,OTH,0,10,0,280,0,1,Attack
1e-06,udp,unknown,496,0,OTH,0,2,0,580,0,0,Normal
0.994936,tcp,unknown,72522,0,OTH,0,100,100,77922,6000,0,Normal
0.0,tcp,dns,0,0,S1,0,2,0,128,0,1,Attack
3.423873,tcp,http,96,0,S1,0,16,0,640,0,1,Attack
0.008911,tcp,unknown,4,12,RSTR,0,2,2,88,80,1,Attack
3.428139,tcp,http,90,0,S1,0,15,0,600,0,1,Attack
0.0,tcp,dns,0,0,S1,0,2,0,128,0,1,Attack
0.969919,tcp,unknown,77360,0,OTH,0,100,100,82760,6000,0,Normal
355.1788,udp,unknown,5600,0,OTH,0,140,0,9520,0,1,Attack
0.0,tcp,ssl,0,0,S1,0,2,0,120,0,1,Attack
0.0,tcp,ssl,0,0,S1,0,2,0,120,0,1,Attack
2e-06,udp,unknown,496,0,OTH,0,2,0,580,0,0,Normal
1.912055,udp,dns,0,0,OTH,0,10,0,280,0,1,Attack
0.0,udp,unknown,162,0,OTH,0,2,0,246,0,0,Normal
0.992057,tcp,unknown,79084,0,OTH,0,96,96,84268,5760,0,Normal
1e-06,udp,unknown,496,0,OTH,0,2,0,580,0,0,Normal
1e-06,tcp,dns,0,0,S1,0,2,0,128,0,1,Attack
0.974282,tcp,unknown,77272,0,OTH,0,98,98,82564,5880,0,Normal
1e-06,udp,unknown,496,0,OTH,0,2,0,580,0,0,Normal
3.427836,tcp,http,96,0,S1,0,16,0,640,0,1,Attack
2.933424,tcp,http,84,0,S1,0,14,0,560,0,1,Attack
39.074271,tcp,dns,0,0,S1,0,4,0,256,0,1,Attack
1e-06,tcp,dns,0,0,S1,0,2,0,128,0,1,Attack
1e-06,udp,unknown,496,0,OTH,0,2,0,580,0,0,Normal
0.0,udp,unknown,496,0,OTH,0,2,0,580,0,0,Normal
3.426177,tcp,http,90,0,S1,0,15,0,600,0,1,Attack
0.957833,tcp,unknown,89538,0,OTH,0,98,96,94830,5760,0,Normal
1.91368,udp,dns,0,0,OTH,0,10,0,280,0,1,Attack
0.965293,tcp,unknown,65236,0,OTH,0,80,80,69556,4800,0,Normal
2.92769,tcp,http,84,0,S1,0,14,0,560,0,1,Attack
0.995944,tcp,unknown,104644,0,OTH,0,124,120,111340,7200,0,Normal
0.005752,tcp,unknown,4,12,RSTR,0,2,2,88,80,1,Attack
1e-06,tcp,dns,0,0,S1,0,2,0,128,0,1,Attack
0.0,other,unknown,0,0,OTH,0,1,0,60,0,0,Normal
38.97975,tcp,dns,0,0,S1,0,6,0,384,0,1,Attack
1.88952,udp,dns,0,0,OTH,0,10,0,280,0,1,Attack
1.922133,udp,dns,0,0,OTH,0,10,0,280,0,1,Attack
0.520348,other,unknown,0,0,OTH,0,2,0,120,0,0,Normal
0.0,tcp,dns,0,0,S1,0,2,0,128,0,1,Attack
1.913819,udp,dns,0,0,OTH,0,10,0,280,0,1,Attack
0.0,tcp,dns,0,0,S1,0,2,0,128,0,1,Attack
0.0,tcp,dns,0,0,S1,0,2,0,128,0,1,Attack
0.0,other,unknown,0,0,OTH,0,1,0,60,0,0,Normal
1.889446,udp,dns,0,0,OTH,0,10,0,280,0,1,Attack
1.919653,udp,dns,0,0,OTH,0,10,0,280,0,1,Attack
0.968916,tcp,unknown,101260,0,OTH,0,116,114,107524,6840,0,Normal
0.960645,tcp,unknown,89524,0,OTH,0,106,104,95248,6240,0,Normal
0.949778,tcp,unknown,103820,0,OTH,0,120,120,110300,7200,0,Normal
2.917649,tcp,http,84,0,S1,0,14,0,560,0,1,Attack
0.0,tcp,dns,0,0,S1,0,2,0,128,0,1,Attack
0.959122,tcp,unknown,85816,0,OTH,0,108,108,91648,6480,0,Normal
2.93002,tcp,http,84,0,S1,0,14,0,560,0,1,Attack
0.3881,other,unknown,0,0,OTH,0,2,0,120,0,0,Normal
0.0,other,unknown,0,0,OTH,0,1,0,60,0,0,Normal
1e-06,udp,unknown,274,0,OTH,0,2,0,358,0,0,Normal
0.905941,tcp,unknown,50104,0,OTH,0,70,70,53884,4200,0,Normal
1e-06,udp,unknown,496,0,OTH,0,2,0,580,0,0,Normal
1e-06,udp,unknown,496,0,OTH,0,2,0,580,0,0,Normal
0.583866,tcp,unknown,108810,1320,S1,0,104,100,114442,7288,0,Normal
1.913559,udp,dns,0,0,OTH,0,10,0,280,0,1,Attack
0.0,tcp,unknown,0,0,RSTO,0,0,2,0,120,0,Normal
1e-06,tcp,dns,0,0,S1,0,2,0,128,0,1,Attack
0.964403,tcp,unknown,103078,0,OTH,0,116,116,109342,6960,0,Normal
0.764686,other,unknown,0,0,OTH,0,2,0,120,0,0,Normal
0.961545,tcp,unknown,62168,0,OTH,0,88,88,66920,5280,0,Normal
0.953277,tcp,unknown,62346,0,OTH,0,82,82,66774,4920,0,Normal
0.00592,tcp,unknown,4,12,RSTR,0,2,2,88,80,1,Attack
0.92493,tcp,unknown,76530,0,OTH,0,90,90,81390,5400,0,Normal
0.964638,tcp,unknown,106460,0,OTH,0,118,112,112832,6720,0,Normal
0.0,tcp,ssl,0,0,S1,0,2,0,120,0,1,Attack
0.219708,tcp,unknown,16690,0,RSTO,0,20,18,17770,1080,0,Normal
3.430236,tcp,http,96,0,S1,0,16,0,640,0,1,Attack
1.915706,udp,dns,0,0,OTH,0,10,0,280,0,1,Attack
0.0,other,unknown,0,0,OTH,0,1,0,60,0,0,Normal
1e-06,tcp,dns,0,0,S1,0,2,0,128,0,1,Attack
0.959915,tcp,unknown,57734,0,OTH,0,76,76,61838,4560,0,Normal
0.0,tcp,dns,0,0,S1,0,2,0,128,0,1,Attack
3.424445,tcp,http,96,0,S1,0,16,0,640,0,1,Attack
0.969769,tcp,unknown,72338,0,OTH,0,98,98,77630,5880,0,Normal
0.0,udp,unknown,496,0,OTH,0,2,0,580,0,0,Normal
0.008961,other,unknown,0,0,OTH,0,2,0,120,0,0,Normal
0.0,other,unknown,0,0,OTH,0,1,0,62,0,0,Normal
109.981926,tcp,dns,0,0,S1,0,4,0,256,0,1,Attack
0.0,tcp,ssl,0,0,S1,0,2,0,120,0,1,Attack
2.912892,tcp,http,84,0,S1,0,14,0,560,0,1,Attack
0.003523,tcp,http,0,12,RSTR,0,2,2,120,80,1,Attack
0.0,tcp,ssl,0,0,S1,0,2,0,120,0,1,Attack
0.982248,tcp,unknown,80750,0,OTH,0,96,96,85934,5760,0,Normal
0.942545,tcp,unknown,87356,0,OTH,0,96,96,92540,5760,0,Normal
2.921868,tcp,http,84,0,S1,0,14,0,560,0,1,Attack
1.894879,udp,dns,0,0,OTH,0,10,0,280,0,1,Attack
197.969487,tcp,dns,0,0,S1,0,4,0,256,0,1,Attack
1.915585,udp,dns,0,0,OTH,0,10,0,280,0,1,Attack
1.903567,udp,dns,0,0,OTH,0,10,0,280,0,1,Attack
1.914603,udp,dns,0,0,OTH,0,10,0,280,0,1,Attack
0.921744,tcp,unknown,72704,0,OTH,0,94,94,77780,5640,0,Normal
0.981995,tcp,unknown,111410,0,OTH,0,128,128,118322,7680,0,Normal
3.424547,tcp,http,90,0,S1,0,15,0,600,0,1,Attack
1.913735,udp,dns,0,0,OTH,0,10,0,280,0,1,Attack
1.90248,udp,dns,0,0,OTH,0,10,0,280,0,1,Attack
0.9642,tcp,unknown,63676,0,OTH,0,82,82,68104,4920,0,Normal
1.897394,udp,dns,0,0,OTH,0,10,0,280,0,1,Attack
3.42841,tcp,http,96,0,S1,0,16,0,640,0,1,Attack
2.933094,tcp,http,84,0,S1,0,14,0,560,0,1,Attack
0.0,tcp,dns,0,0,S1,0,2,0,128,0,1,Attack
0.0,tcp,dns,0,0,S1,0,2,0,128,0,1,Attack
0.0,tcp,dns,0,0,S1,0,2,0,128,0,1,Attack
0.019355,tcp,http,0,12,RSTR,0,2,2,120,80,1,Attack
0.0,other,unknown,0,0,OTH,0,1,0,60,0,0,Normal
0.537024,other,unknown,0,0,OTH,0,2,0,120,0,0,Normal
2.948377,tcp,http,84,0,S1,0,14,0,560,0,1,Attack
1e-06,udp,unknown,496,0,OTH,0,2,0,580,0,0,Normal
0.0,tcp,ssl,0,0,S1,0,2,0,120,0,1,Attack
0.0,tcp,ssl,0,0,S1,0,2,0,120,0,1,Attack
0.995895,tcp,unknown,110626,0,OTH,0,114,108,116782,6480,0,Normal
1.927993,udp,dns,0,0,OTH,0,10,0,280,0,1,Attack
3.425921,tcp,http,96,0,S1,0,16,0,640,0,1,Attack
1.905246,udp,dns,0,0,OTH,0,10,0,280,0,1,Attack
333.966789,tcp,dns,0,0,S1,0,6,0,384,0,1,Attack
0.95796,tcp,unknown,97402,0,OTH,0,110,108,103342,6480,0,Normal
2.944658,tcp,http,84,0,S1,0,14,0,560,0,1,Attack
1e-06,udp,unknown,496,0,OTH,0,2,0,580,0,0,Normal
0.0,tcp,dns,0,0,S1,0,2,0,128,0,1,Attack
1.903596,udp,dns,0,0,OTH,0,10,0,280,0,1,Attack
1e-06,tcp,dns,0,0,S1,0,2,0,128,0,1,Attack
2.948073,tcp,http,84,0,S1,0,14,0,560,0,1,Attack
0.962121,tcp,unknown,49348,0,OTH,0,74,74,53344,4440,0,Normal
0.966567,tcp,unknown,72982,0,OTH,0,92,92,77950,5520,0,Normal
1.418208,udp,dns,0,0,OTH,0,8,0,224,0,1,Attack
1.910822,udp,dns,0,0,OTH,0,10,0,280,0,1,Attack
2.944772,tcp,http,84,0,S1,0,14,0,560,0,1,Attack
0.0,tcp,ssl,0,0,S1,0,2,0,120,0,1,Attack
0.929467,tcp,unknown,103036,0,OTH,0,112,112,109084,6720,0,Normal
0.575709,other,unknown,0,0,OTH,0,2,0,120,0,0,Normal
0.949155,tcp,unknown,101090,0,OTH,0,104,104,106706,6240,0,Normal
1e-06,udp,unknown,496,0,OTH,0,2,0,580,0,0,Normal
0.979197,tcp,unknown,91774,0,OTH,0,110,110,97714,6600,0,Normal
3.423882,tcp,http,96,0,S1,0,16,0,640,0,1,Attack
0.996447,tcp,unknown,73208,0,OTH,0,92,92,78176,5520,0,Normal
1e-06,tcp,dns,0,0,S1,0,2,0,128,0,1,Attack
1e-06,tcp,ssl,0,0,S1,0,2,0,120,0,1,Attack
2.944482,tcp,http,84,0,S1,0,14,0,560,0,1,Attack
1.913978,udp,dns,0,0,OTH,0,10,0,280,0,1,Attack
0.980516,tcp,unknown,57946,230,OTH,0,76,78,62050,4898,0,Normal
0.965591,tcp,unknown,55674,0,OTH,0,74,74,59670,4440,0,Normal
0.0,udp,unknown,274,0,OTH,0,2,0,358,0,0,Normal
0.047031,tcp,unknown,4,12,RSTR,0,2,2,88,80,1,Attack
0.987722,tcp,unknown,109806,0,OTH,0,124,120,116502,7200,0,Normal
1e-06,udp,unknown,496,0,OTH,0,2,0,580,0,0,Normal
2.944581,tcp,http,84,0,S1,0,14,0,560,0,1,Attack
2.914188,tcp,http,84,0,S1,0,14,0,560,0,1,Attack
0.192575,udp,unknown,1096,0,OTH,0,8,0,1432,0,0,Normal
0.510665,udp,unknown,820,0,OTH,0,6,0,1072,0,0,Normal
1.904627,udp,dns,0,0,OTH,0,10,0,280,0,1,Attack
0.965436,tcp,unknown,64544,0,OTH,0,86,86,69188,5160,0,Normal
1e-06,tcp,dns,0,0,S1,0,2,0,128,0,1,Attack
0.0,tcp,dns,0,0,S1,0,2,0,128,0,1,Attack
0.0,udp,unknown,496,0,OTH,0,2,0,580,0,0,Normal
1e-06,udp,unknown,496,0,OTH,0,2,0,580,0,0,Normal
1e-06,tcp,ssl,0,0,S1,0,2,0,120,0,1,Attack
1.928529,udp,dns,0,0,OTH,0,9,0,252,0,1,Attack
0.614313,other,unknown,0,0,OTH,0,2,0,120,0,0,Normal
0.251062,udp,unknown,324,0,OTH,0,4,0,492,0,0,Normal
0.413972,tcp,unknown,160696,1316,S1,0,130,78,167744,5964,0,Normal
1e-06,udp,unknown,496,0,OTH,0,2,0,580,0,0,Normal
0.0,tcp,ssl,0,0,S1,0,2,0,120,0,1,Attack
0.972702,tcp,unknown,79246,0,OTH,0,98,98,84538,5880,0,Normal
0.015595,tcp,unknown,4,12,RSTR,0,2,2,88,80,1,Attack
1.901763,udp,dns,0,0,OTH,0,10,0,280,0,1,Attack
1e-06,tcp,ssl,0,0,S1,0,2,0,120,0,1,Attack
0.0,tcp,dns,0,0,S1,0,2,0,128,0,1,Attack
2.939068,tcp,http,84,0,S1,0,14,0,560,0,1,Attack
0.0,udp,unknown,496,0,OTH,0,2,0,580,0,0,Normal
0.985878,tcp,unknown,78556,0,OTH,0,98,98,83848,5880,0,Normal
0.548771,other,unknown,0,0,OTH,0,2,0,120,0,0,Normal
1e-06,udp,unknown,496,0,OTH,0,2,0,580,0,0,Normal
0.0,tcp,ssl,0,0,S1,0,2,0,120,0,1,Attack
2.926321,tcp,http,84,0,S1,0,14,0,560,0,1,Attack
1e-06,udp,unknown,496,0,OTH,0,2,0,580,0,0,Normal
0.011855,other,unknown,0,0,OTH,0,2,0,120,0,0,Normal
0.250707,udp,unknown,324,0,OTH,0,4,0,492,0,0,Normal
285.999463,tcp,dns,0,0,S1,0,4,0,256,0,1,Attack
0.969894,tcp,unknown,118120,0,OTH,0,126,126,124924,7560,0,Normal
2.944823,tcp,http,84,0,S1,0,14,0,560,0,1,Attack
0.0,tcp,dns,0,0,S1,0,2,0,128,0,1,Attack
0.963607,tcp,unknown,108758,0,OTH,0,120,118,115238,7080,0,Normal
0.941848,tcp,unknown,97360,0,OTH,0,108,104,103192,6240,0,Normal
0.0,other,unknown,0,0,OTH,0,1,0,60,0,0,Normal
0.968109,tcp,unknown,75264,0,OTH,0,90,90,80124,5400,0,Normal
1e-06,tcp,ssl,0,0,S1,0,2,0,120,0,1,Attack
0.0,tcp,dns,0,0,S1,0,2,0,128,0,1,Attack
118.128797,tcp,dns,0,0,S1,0,6,0,384,0,1,Attack
1e-06,udp,unknown,496,0,OTH,0,2,0,580,0,0,Normal
1e-06,udp,unknown,496,0,OTH,0,2,0,580,0,0,Normal
1e-06,udp,unknown,496,0,OTH,0,2,0,580,0,0,Normal
2.908906,tcp,http,84,0,S1,0,14,0,560,0,1,Attack
65.819589,tcp,dns,0,0,S1,0,4,0,256,0,1,Attack
0.0,tcp,ssl,0,0,S1,0,2,0,120,0,1,Attack
106.332229,tcp,dns,0,0,S1,0,4,0,256,0,1,Attack
0.00913,tcp,http,0,12,RSTR,0,2,2,120,80,1,Attack
0.984718,tcp,unknown,75676,0,OTH,0,100,100,81076,6000,0,Normal
1.900985,udp,dns,0,0,OTH,0,10,0,280,0,1,Attack
0.962646,tcp,unknown,108600,0,OTH,0,120,118,115080,7080,0,Normal
3.424114,tcp,http,90,0,S1,0,15,0,600,0,1,Attack
0.751281,udp,unknown,982,0,OTH,0,8,0,1318,0,0,Normal
0.0,tcp,dns,0,0,S1,0,2,0,128,0,1,Attack
0.969555,tcp,unknown,106722,0,OTH,0,120,116,113202,6960,0,Normal
0.967887,tcp,unknown,31624,0,OTH,0,70,70,35404,4200,0,Normal
0.965109,tcp,unknown,74074,0,OTH,0,88,88,78826,5280,0,Normal
0.250458,udp,unknown,324,0,OTH,0,4,0,492,0,0,Normal
0.989772,tcp,unknown,40500,0,OTH,0,72,72,44388,4320,0,Normal
0.969653,tcp,unknown,119000,0,OTH,0,122,118,125588,7080,0,Normal
0.0,other,unknown,0,0,OTH,0,1,0,60,0,0,Normal
2.923296,tcp,http,84,0,S1,0,14,0,560,0,1,Attack
1.890541,udp,dns,0,0,OTH,0,10,0,280,0,1,Attack
0.933652,tcp,unknown,80382,0,OTH,0,92,92,85350,5520,0,Normal
0.989039,tcp,unknown,99484,0,OTH,0,110,108,105424,6480,0,Normal
110.076423,tcp,dns,0,0,S1,0,6,0,384,0,1,Attack
0.0,other,unknown,0,0,OTH,0,1,0,60,0,0,Normal
1e-06,udp,unknown,496,0,OTH,0,2,0,580,0,0,Normal
0.978465,tcp,unknown,51498,0,OTH,0,76,76,55602,4560,0,Normal
0.174253,other,unknown,0,0,OTH,0,2,0,120,0,0,Normal
1.913851,udp,dns,0,0,OTH,0,10,0,280,0,1,Attack
0.0,tcp,ssl,0,0,S1,0,2,0,120,0,1,Attack
1.914491,udp,dns,0,0,OTH,0,10,0,280,0,1,Attack
0.955454,tcp,unknown,65964,0,OTH,0,86,86,70608,5160,0,Normal
2.929858,tcp,http,84,0,S1,0,14,0,560,0,1,Attack
2.924425,tcp,http,84,0,S1,0,14,0,560,0,1,Attack
1e-06,udp,dhcp,1480,0,OTH,0,2,0,1564,0,0,Normal
0.0,tcp,ssl,0,0,S1,0,2,0,120,0,1,Attack
1e-06,udp,unknown,496,0,OTH,0,2,0,580,0,0,Normal
0.965832,tcp,unknown,69598,0,OTH,0,94,94,74674,5640,0,Normal
1e-06,udp,unknown,496,0,OTH,0,2,0,580,0,0,Normal
2.907089,tcp,http,84,0,S1,0,14,0,560,0,1,Attack
1.927658,udp,dns,0,0,OTH,0,10,0,280,0,1,Attack
1.910963,udp,dns,0,0,OTH,0,10,0,280,0,1,Attack
165.021255,tcp,dns,0,0,S1,0,4,0,256,0,1,Attack
2.932344,tcp,http,84,0,S1,0,14,0,560,0,1,Attack
1e-06,udp,unknown,496,0,OTH,0,2,0,580,0,0,Normal
1e-06,tcp,ssl,0,0,S1,0,2,0,120,0,1,Attack
1.922179,udp,dns,0,0,OTH,0,10,0,280,0,1,Attack
0.0,udp,unknown,496,0,OTH,0,2,0,580,0,0,Normal
0.968952,tcp,unknown,62816,0,OTH,0,84,84,67352,5040,0,Normal
0.004362,tcp,http,0,12,RSTR,0,2,2,120,80,1,Attack
1e-06,udp,unknown,496,0,OTH,0,2,0,580,0,0,Normal
0.0,other,unknown,0,0,OTH,0,1,0,60,0,0,Normal
2.9265,tcp,http,84,0,S1,0,14,0,560,0,1,Attack
0.045852,tcp,unknown,4,12,RSTR,0,2,2,88,80,1,Attack
0.017984,tcp,unknown,4,12,RSTR,0,2,2,88,80,1,Attack
0.989009,tcp,unknown,89924,0,OTH,0,110,110,95864,6600,0,Normal
1e-06,udp,unknown,496,0,OTH,0,2,0,580,0,0,Normal
1e-06,udp,dhcp,1480,0,OTH,0,2,0,1564,0,0,Normal
0.0,tcp,dns,0,0,S1,0,2,0,128,0,1,Attack
0.824952,other,unknown,0,0,OTH,0,4,0,240,0,0,Normal
0.964898,tcp,unknown,61072,0,OTH,0,80,80,65392,4800,0,Normal
1.414914,udp,dns,0,0,OTH,0,8,0,224,0,1,Attack
3.426279,tcp,http,96,0,S1,0,16,0,640,0,1,Attack
0.0,tcp,dns,0,0,S1,0,2,0,128,0,1,Attack
0.0,tcp,ssl,0,0,S1,0,2,0,120,0,1,Attack
1e-06,udp,unknown,496,0,OTH,0,2,0,580,0,0,Normal
1e-06,tcp,ssl,0,0,S1,0,2,0,120,0,1,Attack
0.0,tcp,dns,0,0,S1,0,2,0,128,0,1,Attack
0.0,other,unknown,0,0,OTH,0,1,0,60,0,0,Normal
2.940697,tcp,http,84,0,S1,0,14,0,560,0,1,Attack
2.944001,tcp,http,84,0,S1,0,14,0,560,0,1,Attack
1e-06,tcp,dns,0,0,S1,0,2,0,128,0,1,Attack
1.889258,udp,dns,0,0,OTH,0,10,0,280,0,1,Attack
1e-06,tcp,ssl,0,0,S1,0,2,0,120,0,1,Attack
0.0,tcp,dns,0,0,S1,0,2,0,128,0,1,Attack
1e-06,tcp,ssl,0,0,S1,0,2,0,120,0,1,Attack
0.455745,other,unknown,0,0,OTH,0,2,0,120,0,0,Normal
2.947076,tcp,http,84,0,S1,0,14,0,560,0,1,Attack
2.923725,tcp,http,84,0,S1,0,14,0,560,0,1,Attack
97.08869,tcp,dns,0,0,S1,0,4,0,256,0,1,Attack
0.465139,other,unknown,0,0,OTH,0,3,0,180,0,0,Normal
0.968231,tcp,unknown,60840,0,OTH,0,98,98,66132,5880,0,Normal
0.0,other,unknown,0,0,OTH,0,1,0,60,0,0,Normal
0.0,udp,unknown,496,0,OTH,0,2,0,580,0,0,Normal
1e-06,udp,unknown,496,0,OTH,0,2,0,580,0,0,Normal
0.0,udp,unknown,496,0,OTH,0,2,0,580,0,0,Normal
0.496895,udp,unknown,486,0,OTH,0,6,0,738,0,0,Normal
0.005458,tcp,unknown,1132,1062,SF,0,16,12,1980,1702,1,Attack
0.993624,tcp,unknown,93570,0,OTH,0,106,106,99294,6360,0,Normal
1e-06,udp,unknown,496,0,OTH,0,2,0,580,0,0,Normal
0.0,tcp,ssl,0,0,S1,0,2,0,120,0,1,Attack
0.979831,tcp,unknown,107164,0,OTH,0,118,118,113536,7080,0,Normal
1.416867,udp,dns,0,0,OTH,0,8,0,224,0,1,Attack
1e-06,tcp,ssl,0,0,S1,0,2,0,120,0,1,Attack
1.913152,udp,dns,0,0,OTH,0,10,0,280,0,1,Attack
121.991207,tcp,dns,0,0,S1,0,4,0,256,0,1,Attack
0.754456,udp,unknown,982,0,OTH,0,8,0,1318,0,0,Normal
0.997214,tcp,unknown,61654,0,OTH,0,78,78,65866,4680,0,Normal
1.929032,udp,dns,0,0,OTH,0,9,0,252,0,1,Attack
0.0,tcp,dns,0,0,S1,0,2,0,128,0,1,Attack
0.035018,udp,unknown,582,0,OTH,0,4,0,750,0,0,Normal
0.965756,tcp,unknown,66306,0,OTH,0,82,82,70734,4920,0,Normal
0.970577,tcp,unknown,93744,0,OTH,0,110,110,99684,6600,0,Normal
0.97293,tcp,unknown,113374,0,OTH,0,118,118,119746,7080,0,Normal
0.0,tcp,dns,0,0,S1,0,2,0,128,0,1,Attack
0.0,tcp,dns,0,0,S1,0,2,0,128,0,1,Attack
0.0,udp,unknown,496,0,OTH,0,2,0,580,0,0,Normal
0.251152,udp,unknown,324,0,OTH,0,4,0,492,0,0,Normal
0.013026,tcp,unknown,4,12,RSTR,0,2,2,88,80,1,Attack
0.968811,tcp,unknown,109800,0,OTH,0,118,118,116172,7080,0,Normal
2.938687,tcp,http,84,0,S1,0,14,0,560,0,1,Attack
175.930993,tcp,dns,0,0,S1,0,6,0,384,0,1,Attack
0.945321,tcp,unknown,66946,0,OTH,0,86,86,71590,5160,0,Normal
0.016929,tcp,http,0,12,RSTR,0,2,2,120,80,1,Attack
0.979856,tcp,unknown,58572,0,OTH,0,74,74,62568,4440,0,Normal
2.90863,tcp,http,84,0,S1,0,14,0,560,0,1,Attack
0.280079,udp,unknown,324,0,OTH,0,4,0,492,0,0,Normal
1.919283,udp,dns,0,0,OTH,0,10,0,280,0,1,Attack
0.944579,tcp,unknown,79378,0,OTH,0,104,104,84994,6240,0,Normal
0.696733,other,unknown,0,0,OTH,0,2,0,120,0,0,Normal
0.005699,tcp,http,0,12,RSTR,0,2,2,120,80,1,Attack
1e-06,tcp,dns,0,0,S1,0,2,0,128,0,1,Attack
1.899982,udp,dns,0,0,OTH,0,10,0,280,0,1,Attack
0.0,udp,unknown,496,0,OTH,0,2,0,580,0,0,Normal
1e-06,udp,unknown,496,0,OTH,0,2,0,580,0,0,Normal
0.98094,tcp,unknown,99504,0,OTH,0,108,108,105336,6480,0,Normal
1.908208,udp,dns,0,0,OTH,0,10,0,280,0,1,Attack
1e-06,udp,unknown,496,0,OTH,0,2,0,580,0,0,Normal
3.429588,tcp,http,96,0,S1,0,16,0,640,0,1,Attack
2.944567,tcp,http,84,0,S1,0,14,0,560,0,1,Attack
0.0,tcp,dns,0,0,S1,0,2,0,128,0,1,Attack
0.987879,tcp,unknown,90374,0,OTH,0,84,84,94910,5040,0,Normal
1e-06,tcp,dns,0,0,S1,0,2,0,128,0,1,Attack
0.0,tcp,ssl,0,0,S1,0,2,0,120,0,1,Attack
1.890731,udp,dns,0,0,OTH,0,10,0,280,0,1,Attack
0.053002,other,unknown,0,0,OTH,0,2,0,120,0,0,Normal
2.947053,tcp,http,84,0,S1,0,14,0,560,0,1,Attack
3.428092,tcp,http,96,0,S1,0,16,0,640,0,1,Attack
0.006974,tcp,http,0,12,RSTR,0,2,2,120,80,1,Attack
0.018591,udp,unknown,582,0,OTH,0,4,0,750,0,0,Normal
1.899954,udp,dns,0,0,OTH,0,10,0,280,0,1,Attack
1.418577,udp,dns,0,0,OTH,0,8,0,224,0,1,Attack
1e-06,udp,unknown,496,0,OTH,0,2,0,580,0,0,Normal
0.0,tcp,dns,0,0,S1,0,2,0,128,0,1,Attack
0.001605,udp,unknown,822,0,OTH,0,6,0,1074,0,0,Normal
1.416238,udp,dns,0,0,OTH,0,8,0,224,0,1,Attack
0.973144,tcp,unknown,74646,0,OTH,0,96,96,79830,5760,0,Normal
0.973788,tcp,unknown,109118,0,OTH,0,124,124,115814,7440,0,Normal
0.0,tcp,dns,0,0,S1,0,2,0,128,0,1,Attack
1.889659,udp,dns,0,0,OTH,0,10,0,280,0,1,Attack
1e-06,tcp,dns,0,0,S1,0,2,0,128,0,1,Attack
0.0,tcp,dns,0,0,S1,0,2,0,128,0,1,Attack
0.960717,tcp,unknown,77096,0,OTH,0,98,98,82388,5880,0,Normal
1e-06,tcp,dns,0,0,S1,0,2,0,128,0,1,Attack
0.0,other,unknown,0,0,OTH,0,1,0,60,0,0,Normal
1e-06,udp,unknown,496,0,OTH,0,2,0,580,0,0,Normal
0.0,tcp,ssl,0,0,S1,0,2,0,120,0,1,Attack
1e-06,tcp,dns,0,0,S1,0,2,0,128,0,1,Attack
0.03492,tcp,unknown,4,12,RSTR,0,2,2,88,80,1,Attack
0.0,tcp,ssl,0,0,S1,0,2,0,120,0,1,Attack
1e-06,udp,unknown,496,0,OTH,0,2,0,580,0,0,Normal
0.0,tcp,ssl,0,0,S1,0,2,0,120,0,1,Attack
0.0,tcp,ssl,0,0,S1,0,2,0,120,0,1,Attack
0.0,tcp,dns,0,0,S1,0,2,0,128,0,1,Attack
0.944304,tcp,unknown,158936,892,OTH,0,156,106,167360,7216,0,Normal
1e-06,tcp,ssl,0,0,S1,0,2,0,120,0,1,Attack
0.985465,tcp,unknown,107676,0,OTH,0,120,120,114156,7200,0,Normal
0.0,other,unknown,0,0,OTH,0,1,0,60,0,0,Normal
1.889756,udp,dns,0,0,OTH,0,10,0,280,0,1,Attack
0.0,udp,unknown,162,0,OTH,0,2,0,246,0,0,Normal
1.892727,udp,dns,0,0,OTH,0,10,0,280,0,1,Attack
0.00021,tcp,http,0,12,RSTR,0,2,2,120,80,1,Attack
1.889239,udp,dns,0,0,OTH,0,10,0,280,0,1,Attack
1.903843,udp,dns,0,0,OTH,0,10,0,280,0,1,Attack
0.943752,tcp,unknown,55212,0,OTH,0,70,70,58992,4200,0,Normal
0.95974,tcp,unknown,91008,0,OTH,0,112,112,97056,6720,0,Normal
0.994886,tcp,unknown,90524,0,OTH,0,98,98,95816,5880,0,Normal
0.0,other,unknown,0,0,OTH,0,1,0,60,0,0,Normal
0.965645,tcp,unknown,100286,0,OTH,0,112,112,106334,6720,0,Normal
0.0,udp,unknown,274,0,OTH,0,2,0,358,0,0,Normal
0.502071,udp,unknown,820,0,OTH,0,6,0,1072,0,0,Normal
1.915839,udp,dns,0,0,OTH,0,10,0,280,0,1,Attack
0.238397,other,unknown,0,0,OTH,0,2,0,120,0,0,Normal
2.930419,tcp,http,84,0,S1,0,14,0,560,0,1,Attack
1e-06,tcp,ssl,0,0,S1,0,2,0,120,0,1,Attack
0.0,other,unknown,0,0,OTH,0,1,0,60,0,0,Normal
0.0,tcp,dns,0,0,S1,0,2,0,128,0,1,Attack
2.948279,tcp,http,84,0,S1,0,14,0,560,0,1,Attack
0.0,tcp,ssl,0,0,S1,0,2,0,120,0,1,Attack
0.0,tcp,ssl,0,0,S1,0,2,0,120,0,1,Attack
1e-06,tcp,dns,0,0,S1,0,2,0,128,0,1,Attack
0.984837,tcp,unknown,68596,0,OTH,0,102,102,74104,6120,0,Normal
3.42926,tcp,http,96,0,S1,0,16,0,640,0,1,Attack
156.704155,tcp,dns,0,0,S1,0,4,0,256,0,1,Attack
0.0,tcp,dns,0,0,S1,0,2,0,128,0,1,Attack
3.424201,tcp,http,96,0,S1,0,16,0,640,0,1,Attack
3.427324,tcp,http,96,0,S1,0,16,0,640,0,1,Attack
0.0,other,unknown,0,0,OTH,0,1,0,62,0,0,Normal
14.389227,tcp,http,0,24,RSTR,0,4,4,240,160,1,Attack
2.944658,tcp,http,84,0,S1,0,14,0,560,0,1,Attack
0.961032,tcp,unknown,51930,230,OTH,0,74,76,55926,4778,0,Normal
1.91919,udp,dns,0,0,OTH,0,10,0,280,0,1,Attack
0.008915,tcp,http,0,12,RSTR,0,2,2,120,80,1,Attack
0.128507,other,unknown,0,0,OTH,0,2,0,120,0,0,Normal
0.0,tcp,ssl,0,0,S1,0,2,0,120,0,1,Attack
0.0,udp,unknown,496,0,OTH,0,2,0,580,0,0,Normal
0.0,tcp,ssl,0,0,S1,0,2,0,120,0,1,Attack
1.900854,udp,dns,0,0,OTH,0,10,0,280,0,1,Attack
1e-06,tcp,ssl,0,0,S1,0,2,0,120,0,1,Attack
1e-06,udp,unknown,496,0,OTH,0,2,0,580,0,0,Normal
1.922767,udp,dns,0,0,OTH,0,10,0,280,0,1,Attack
0.131598,other,unknown,0,0,OTH,0,3,0,180,0,0,Normal
2.939858,tcp,http,84,0,S1,0,14,0,560,0,1,Attack
0.0,other,unknown,0,0,OTH,0,1,0,60,0,0,Normal
0.0,other,unknown,0,0,OTH,0,1,0,60,0,0,Normal
0.940088,tcp,unknown,63340,0,OTH,0,74,74,67336,4440,0,Normal
0.097961,other,unknown,0,0,OTH,0,2,0,120,0,0,Normal
0.967196,tcp,unknown,58850,0,OTH,0,80,80,63170,4800,0,Normal
0.981743,tcp,unknown,103204,0,OTH,0,112,110,109252,6600,0,Normal
0.964134,tcp,unknown,75704,0,OTH,0,94,94,80780,5640,0,Normal
0.0,tcp,dns,0,0,S1,0,2,0,128,0,1,Attack
1e-06,tcp,dns,0,0,S1,0,2,0,128,0,1,Attack
1.919656,udp,dns,0,0,OTH,0,10,0,280,0,1,Attack
1.915373,udp,dns,0,0,OTH,0,10,0,280,0,1,Attack
1.912096,udp,dns,0,0,OTH,0,10,0,280,0,1,Attack
0.01012,tcp,http,0,12,RSTR,0,2,2,120,80,1,Attack
1e-06,udp,unknown,496,0,OTH,0,2,0,580,0,0,Normal
0.974942,tcp,unknown,93486,0,OTH,0,114,114,99642,6840,0,Normal
0.216656,udp,unknown,658,0,OTH,0,4,0,826,0,0,Normal
0.0,tcp,dns,0,0,S1,0,2,0,128,0,1,Attack
0.0,tcp,dns,0,0,S1,0,2,0,128,0,1,Attack
1e-06,udp,unknown,496,0,OTH,0,2,0,580,0,0,Normal
3.428285,tcp,http,96,0,S1,0,16,0,640,0,1,Attack
1e-06,udp,unknown,52,0,OTH,0,4,0,164,0,1,Attack
0.459625,tcp,unknown,134080,1316,S1,0,110,58,140036,4764,0,Normal
0.976142,tcp,unknown,103082,0,OTH,0,124,124,109778,7440,0,Normal
1.925091,udp,dns,0,0,OTH,0,9,0,252,0,1,Attack
0.0,tcp,dns,0,0,S1,0,2,0,128,0,1,Attack
0.022389,udp,unknown,582,0,OTH,0,4,0,750,0,0,Normal
0.995993,tcp,unknown,105462,0,OTH,0,116,114,111726,6840,0,Normal
0.0,tcp,ssl,0,0,S1,0,2,0,120,0,1,Attack
0.0,other,unknown,0,0,OTH,0,1,0,60,0,0,Normal
0.0,tcp,ssl,0,0,S1,0,2,0,120,0,1,Attack
0.907911,tcp,unknown,76882,0,OTH,0,92,92,81850,5520,0,Normal
1e-06,tcp,ssl,0,0,S1,0,2,0,120,0,1,Attack
2.938982,tcp,http,84,0,S1,0,14,0,560,0,1,Attack
0.985197,tcp,unknown,81622,0,OTH,0,100,100,87022,6000,0,Normal
0.96448,tcp,unknown,79218,0,OTH,0,102,102,84726,6120,0,Normal
1.908838,udp,dns,0,0,OTH,0,10,0,280,0,1,Attack
0.978018,tcp,unknown,120226,0,OTH,0,130,122,127246,7320,0,Normal
2.94403,tcp,http,84,0,S1,0,14,0,560,0,1,Attack
0.0,other,unknown,0,0,OTH,0,1,0,60,0,0,Normal
0.0,udp,unknown,496,0,OTH,0,2,0,580,0,0,Normal
0.0,other,unknown,0,0,OTH,0,1,0,60,0,0,Normal
0.98433,tcp,unknown,78380,0,OTH,0,98,98,83672,5880,0,Normal
2.921929,tcp,http,84,0,S1,0,14,0,560,0,1,Attack
0.963907,tcp,unknown,74650,0,OTH,0,92,92,79618,5520,0,Normal
0.97788,tcp,unknown,96208,0,OTH,0,108,108,102040,6480,0,Normal
0.965111,tcp,unknown,65366,0,OTH,0,80,80,69686,4800,0,Normal
0.73875,udp,unknown,582,0,OTH,0,4,0,750,0,0,Normal
0.0,tcp,ssl,0,0,S1,0,2,0,120,0,1,Attack
1e-06,udp,unknown,496,0,OTH,0,2,0,580,0,0,Normal
1e-06,udp,unknown,496,0,OTH,0,2,0,580,0,0,Normal
0.500795,udp,unknown,820,0,OTH,0,6,0,1072,0,0,Normal
0.0,tcp,dns,0,0,S1,0,2,0,128,0,1,Attack
1.903453,udp,dns,0,0,OTH,0,10,0,280,0,1,Attack
0.0,tcp,dns,0,0,S1,0,2,0,128,0,1,Attack
1.923017,udp,dns,0,0,OTH,0,10,0,280,0,1,Attack
0.967757,tcp,unknown,40828,0,OTH,0,78,78,45040,4680,0,Normal
0.0,udp,unknown,274,0,OTH,0,2,0,358,0,0,Normal
0.0,other,unknown,0,0,OTH,0,1,0,60,0,0,Normal
1.90111,udp,dns,0,0,OTH,0,10,0,280,0,1,Attack
1.913649,udp,dns,0,0,OTH,0,10,0,280,0,1,Attack
0.010226,tcp,unknown,4,12,RSTR,0,2,2,88,80,1,Attack
144.026485,tcp,dns,0,0,S1,0,4,0,256,0,1,Attack
0.989336,tcp,unknown,107270,0,OTH,0,126,126,114074,7560,0,Normal
0.967522,tcp,unknown,59836,0,OTH,0,74,74,63832,4440,0,Normal
0.991045,tcp,unknown,78904,0,OTH,0,96,96,84088,5760,0,Normal
0.961008,tcp,unknown,51050,0,OTH,0,70,70,54830,4200,0,Normal
238.720023,tcp,dns,0,0,S1,0,8,0,512,0,1,Attack
0.941091,tcp,unknown,100454,0,OTH,0,114,114,106610,6840,0,Normal
0.0,tcp,dns,0,0,S1,0,2,0,128,0,1,Attack
2.924186,tcp,http,84,0,S1,0,14,0,560,0,1,Attack
0.750465,udp,unknown,982,0,OTH,0,8,0,1318,0,0,Normal
0.959447,tcp,unknown,78836,0,OTH,0,92,92,83804,5520,0,Normal
0.963702,tcp,unknown,85552,0,OTH,0,98,98,90844,5880,0,Normal
0.962922,tcp,unknown,115580,0,OTH,0,130,130,122600,7800,0,Normal
1.902498,udp,dns,0,0,OTH,0,10,0,280,0,1,Attack
1.889469,udp,dns,0,0,OTH,0,10,0,280,0,1,Attack
2.909395,tcp,http,84,0,S1,0,14,0,560,0,1,Attack
0.948894,tcp,unknown,95912,0,OTH,0,112,112,101960,6720,0,Normal
0.991739,tcp,unknown,103154,0,OTH,0,120,120,109634,7200,0,Normal
0.008341,tcp,http,0,12,RSTR,0,2,2,120,80,1,Attack
0.950059,tcp,unknown,76988,0,OTH,0,96,96,82172,5760,0,Normal
1e-06,tcp,ssl,0,0,S1,0,2,0,120,0,1,Attack
0.990086,tcp,unknown,104516,0,OTH,0,120,120,110996,7200,0,Normal
1e-06,udp,unknown,496,0,OTH,0,2,0,580,0,0,Normal
1e-06,udp,unknown,496,0,OTH,0,2,0,580,0,0,Normal
1.913619,udp,dns,0,0,OTH,0,10,0,280,0,1,Attack
0.0,udp,unknown,86,0,OTH,0,2,0,170,0,0,Normal
1e-06,udp,dhcp,1480,0,OTH,0,2,0,1564,0,0,Normal
0.0,other,unknown,0,0,OTH,0,1,0,60,0,0,Normal
0.026557,udp,unknown,582,0,OTH,0,4,0,750,0,0,Normal
0.0,other,unknown,0,0,OTH,0,1,0,60,0,0,Normal
1e-06,udp,unknown,496,0,OTH,0,2,0,580,0,0,Normal
153.065653,tcp,dns,0,0,S1,0,6,0,384,0,1,Attack
0.227773,other,unknown,0,0,OTH,0,2,0,120,0,0,Normal
0.0,tcp,dns,0,0,S1,0,2,0,128,0,1,Attack
0.98108,tcp,unknown,116350,0,OTH,0,134,134,123586,8040,0,Normal
1.892523,udp,dns,0,0,OTH,0,10,0,280,0,1,Attack
1e-06,tcp,ssl,0,0,S1,0,2,0,120,0,1,Attack
0.848771,tcp,unknown,80012,0,OTH,0,90,90,84872,5400,0,Normal
0.0,other,unknown,0,0,OTH,0,1,0,60,0,0,Normal
0.0,tcp,dns,0,0,S1,0,2,0,128,0,1,Attack
0.0,tcp,dns,0,0,S1,0,2,0,128,0,1,Attack
1e-06,tcp,ssl,0,0,S1,0,2,0,120,0,1,Attack
0.0,tcp,dns,0,0,S1,0,2,0,128,0,1,Attack
1e-06,tcp,ssl,0,0,S1,0,2,0,120,0,1,Attack
1.418208,udp,dns,0,0,OTH,0,8,0,224,0,1,Attack
0.0,tcp,ssl,0,0,S1,0,2,0,120,0,1,Attack
0.0,other,unknown,0,0,OTH,0,1,0,60,0,0,Normal
0.128797,other,unknown,0,0,OTH,0,2,0,120,0,0,Normal
184.338772,tcp,dns,0,0,S1,0,6,0,384,0,1,Attack
3.427279,tcp,http,96,0,S1,0,16,0,640,0,1,Attack
0.025883,udp,unknown,582,0,OTH,0,4,0,750,0,0,Normal
1.922268,udp,dns,0,0,OTH,0,10,0,280,0,1,Attack
0.404457,other,unknown,0,0,OTH,0,2,0,120,0,0,Normal
2.947903,tcp,http,84,0,S1,0,14,0,560,0,1,Attack
2.937891,tcp,http,84,0,S1,0,14,0,560,0,1,Attack
0.002504,tcp,http,0,12,RSTR,0,2,2,120,80,1,Attack
2.944707,tcp,http,84,0,S1,0,14,0,560,0,1,Attack
1.88945,udp,dns,0,0,OTH,0,10,0,280,0,1,Attack
0.0,tcp,dns,0,0,S1,0,2,0,128,0,1,Attack
1.416226,udp,dns,0,0,OTH,0,8,0,224,0,1,Attack
0.960055,tcp,unknown,85740,0,OTH,0,94,92,90816,5520,0,Normal
0.717134,tcp,unknown,107106,1320,S1,0,108,78,112966,5968,0,Normal
0.978307,tcp,unknown,63020,0,OTH,0,100,100,68420,6000,0,Normal
1.915511,udp,dns,0,0,OTH,0,10,0,280,0,1,Attack
0.0,tcp,dns,0,0,S1,0,2,0,128,0,1,Attack
2.9244,tcp,http,84,0,S1,0,14,0,560,0,1,Attack
1e-06,udp,dhcp,1480,0,OTH,0,2,0,1564,0,0,Normal
1e-06,udp,dhcp,1480,0,OTH,0,2,0,1564,0,0,Normal
0.954804,tcp,unknown,112724,0,OTH,0,118,118,119096,7080,0,Normal
2.909023,tcp,http,84,0,S1,0,14,0,560,0,1,Attack
0.97763,tcp,unknown,79650,0,OTH,0,98,98,84942,5880,0,Normal
107.297288,tcp,dns,0,0,S1,0,4,0,256,0,1,Attack
1e-06,udp,unknown,496,0,OTH,0,2,0,580,0,0,Normal
2.918966,tcp,http,84,0,S1,0,14,0,560,0,1,Attack
0.501431,udp,unknown,820,0,OTH,0,6,0,1072,0,0,Normal
2.944421,tcp,http,84,0,S1,0,14,0,560,0,1,Attack
1e-06,udp,unknown,496,0,OTH,0,2,0,580,0,0,Normal
0.019999,tcp,unknown,4,12,RSTR,0,2,2,88,80,1,Attack
0.0,tcp,ssl,0,0,S1,0,2,0,120,0,1,Attack
1e-06,tcp,ssl,0,0,S1,0,2,0,120,0,1,Attack
0.059424,tcp,unknown,1674,1058,S1,0,8,14,2122,1878,0,Normal
0.03244,tcp,http,356,1112,SF,0,10,10,892,1648,1,Attack
0.022993,tcp,http,0,12,RSTR,0,2,2,120,80,1,Attack
1.929014,udp,dns,0,0,OTH,0,10,0,280,0,1,Attack
0.0,tcp,dns,0,0,S1,0,2,0,128,0,1,Attack
176.126025,tcp,dns,0,0,S1,0,4,0,256,0,1,Attack
203.105081,tcp,dns,0,0,S1,0,6,0,384,0,1,Attack
2.933239,tcp,http,84,0,S1,0,14,0,560,0,1,Attack
1.892395,udp,dns,0,0,OTH,0,10,0,280,0,1,Attack
1.889375,udp,dns,0,0,OTH,0,10,0,280,0,1,Attack
1e-06,tcp,http,0,0,S1,0,2,0,120,0,1,Attack
0.972884,tcp,unknown,64864,0,OTH,0,86,86,69508,5160,0,Normal
0.0,tcp,ssl,0,0,S1,0,2,0,120,0,1,Attack
0.980259,tcp,unknown,107068,0,OTH,0,122,122,113656,7320,0,Normal
0.986662,tcp,unknown,66184,0,OTH,0,88,88,70936,5280,0,Normal
0.991266,tcp,unknown,74190,0,OTH,0,102,102,79698,6120,0,Normal
1.416934,udp,dns,0,0,OTH,0,8,0,224,0,1,Attack
0.969755,tcp,unknown,112980,0,OTH,0,130,126,120000,7560,0,Normal
1e-06,tcp,http,0,0,S1,0,2,0,120,0,1,Attack
0.193394,udp,unknown,248,0,OTH,0,4,0,416,0,0,Normal
240.940727,tcp,dns,0,0,S1,0,4,0,256,0,1,Attack
0.0,tcp,ssl,0,0,S1,0,2,0,120,0,1,Attack
0.0,tcp,ssl,0,0,S1,0,2,0,120,0,1,Attack
0.726211,udp,unknown,982,0,OTH,0,8,0,1318,0,0,Normal
1e-06,udp,unknown,274,0,OTH,0,2,0,358,0,0,Normal
0.995143,tcp,unknown,90056,0,OTH,0,108,108,95888,6480,0,Normal
1.921071,udp,dns,0,0,OTH,0,10,0,280,0,1,Attack
0.963914,tcp,unknown,51808,0,OTH,0,74,74,55804,4440,0,Normal
3.426971,tcp,http,96,0,S1,0,16,0,640,0,1,Attack
0.500295,udp,unknown,820,0,OTH,0,6,0,1072,0,0,Normal
1.914677,udp,dns,0,0,OTH,0,10,0,280,0,1,Attack
1e-06,tcp,ssl,0,0,S1,0,2,0,120,0,1,Attack
1e-06,udp,unknown,274,0,OTH,0,2,0,358,0,0,Normal
0.0,tcp,dns,0,0,S1,0,2,0,128,0,1,Attack
153.109481,tcp,dns,0,0,S1,0,4,0,256,0,1,Attack
0.965168,tcp,unknown,94350,0,OTH,0,106,106,100074,6360,0,Normal
0.0,tcp,dns,0,0,S1,0,2,0,128,0,1,Attack
0.250063,udp,unknown,658,0,OTH,0,4,0,826,0,0,Normal
0.0,tcp,ssl,0,0,S1,0,2,0,120,0,1,Attack
0.372267,other,unknown,0,0,OTH,0,3,0,180,0,0,Normal
1e-06,udp,unknown,496,0,OTH,0,2,0,580,0,0,Normal
3.427413,tcp,http,96,0,S1,0,16,0,640,0,1,Attack
0.96648,tcp,unknown,89106,0,OTH,0,102,100,94614,6000,0,Normal
0.021424,tcp,unknown,246,6284,SF,0,14,12,990,6924,1,Attack
0.900496,udp,unknown,992,0,OTH,0,4,0,1160,0,0,Normal
0.0,tcp,dns,0,0,S1,0,2,0,128,0,1,Attack
0.193673,udp,unknown,17418,0,OTH,0,64,0,19210,0,1,Attack
0.980986,tcp,unknown,91662,230,OTH,0,98,100,96954,6218,0,Normal
0.0,tcp,dns,0,0,S1,0,2,0,128,0,1,Attack
0.0,udp,unknown,496,0,OTH,0,2,0,580,0,0,Normal
1.914648,udp,dns,0,0,OTH,0,10,0,280,0,1,Attack
1e-06,tcp,dns,0,0,S1,0,2,0,128,0,1,Attack
0.0,tcp,ssl,0,0,S1,0,2,0,120,0,1,Attack
2.944441,tcp,http,84,0,S1,0,14,0,560,0,1,Attack
0.937196,tcp,unknown,75474,0,OTH,0,102,102,80982,6120,0,Normal
0.0,udp,dhcp,1480,0,OTH,0,2,0,1564,0,0,Normal
1.88934,udp,dns,0,0,OTH,0,10,0,280,0,1,Attack
2.919006,tcp,http,84,0,S1,0,14,0,560,0,1,Attack
0.94509,tcp,unknown,109280,0,OTH,0,122,120,115868,7200,0,Normal
179.010866,tcp,dns,0,0,S1,0,4,0,256,0,1,Attack
0.837954,tcp,unknown,64734,0,OTH,0,80,80,69054,4800,0,Normal
0.937426,tcp,unknown,68126,0,OTH,0,86,86,72770,5160,0,Normal
2.928285,tcp,http,84,0,S1,0,14,0,560,0,1,Attack
1.912303,udp,dns,0,0,OTH,0,10,0,280,0,1,Attack
1e-06,udp,unknown,496,0,OTH,0,2,0,580,0,0,Normal
3.429601,tcp,http,96,0,S1,0,16,0,640,0,1,Attack
0.0,tcp,ssl,0,0,S1,0,2,0,120,0,1,Attack
0.0,tcp,dns,0,0,S1,0,2,0,128,0,1,Attack
2.938338,tcp,http,84,0,S1,0,14,0,560,0,1,Attack
0.0,udp,unknown,274,0,OTH,0,2,0,358,0,0,Normal
1e-06,tcp,ssl,0,0,S1,0,2,0,120,0,1,Attack
1e-06,tcp,ssl,0,0,S1,0,2,0,120,0,1,Attack
0.9859,tcp,unknown,162008,1320,S1,0,126,76,168828,5820,0,Normal
1e-06,tcp,ssl,0,0,S1,0,2,0,120,0,1,Attack
0.661825,other,unknown,0,0,OTH,0,2,0,120,0,0,Normal
0.01135,tcp,http,0,12,RSTR,0,2,2,120,80,1,Attack
2.936277,tcp,http,84,0,S1,0,14,0,560,0,1,Attack
16.005445,tcp,dns,0,0,S1,0,4,0,256,0,1,Attack
0.0,other,unknown,0,0,OTH,0,1,0,60,0,0,Normal
0.200562,other,unknown,0,0,OTH,0,2,0,120,0,0,Normal
1e-06,tcp,dns,0,0,S1,0,2,0,128,0,1,Attack
2.923589,tcp,http,84,0,S1,0,14,0,560,0,1,Attack
0.0,tcp,ssl,0,0,S1,0,2,0,120,0,1,Attack
1.889735,udp,dns,0,0,OTH,0,10,0,280,0,1,Attack
1.418513,udp,dns,0,0,OTH,0,8,0,224,0,1,Attack
0.899099,udp,unknown,674,0,OTH,0,4,0,842,0,0,Normal
0.0,tcp,dns,0,0,S1,0,2,0,128,0,1,Attack
0.0,tcp,ssl,0,0,S1,0,2,0,120,0,1,Attack
1e-06,udp,unknown,496,0,OTH,0,2,0,580,0,0,Normal
2.940563,tcp,http,84,0,S1,0,14,0,560,0,1,Attack
1e-06,udp,unknown,496,0,OTH,0,2,0,580,0,0,Normal
1e-06,udp,unknown,162,0,OTH,0,2,0,246,0,0,Normal
1.914077,udp,dns,0,0,OTH,0,10,0,280,0,1,Attack
0.0,tcp,ssl,0,0,S1,0,2,0,120,0,1,Attack
0.0,tcp,dns,0,0,S1,0,2,0,128,0,1,Attack
0.326288,other,unknown,0,0,OTH,0,2,0,120,0,0,Normal
4.5e-05,tcp,ssl,0,0,S1,0,2,0,120,0,1,Attack
1e-06,udp,unknown,496,0,OTH,0,2,0,580,0,0,Normal
0.0,tcp,dns,0,0,S1,0,2,0,128,0,1,Attack
0.102683,udp,unknown,1096,0,OTH,0,8,0,1432,0,0,Normal
0.990766,tcp,unknown,92392,0,OTH,0,108,102,98224,6120,0,Normal
0.0,udp,unknown,496,0,OTH,0,2,0,580,0,0,Normal
0.997434,tcp,unknown,88912,0,OTH,0,94,94,93988,5640,0,Normal
2.944975,tcp,http,84,0,S1,0,14,0,560,0,1,Attack
0.933091,tcp,unknown,76776,0,OTH,0,96,96,81960,5760,0,Normal
1.921767,udp,dns,0,0,OTH,0,10,0,280,0,1,Attack
1.891498,udp,dns,0,0,OTH,0,10,0,280,0,1,Attack
0.00012,udp,unknown,582,0,OTH,0,4,0,750,0,0,Normal
0.0,tcp,ssl,0,0,S1,0,2,0,120,0,1,Attack
1e-06,udp,unknown,274,0,OTH,0,2,0,358,0,0,Normal
2.944638,tcp,http,84,0,S1,0,14,0,560,0,1,Attack
0.331073,tcp,unknown,96548,1320,S1,0,88,80,101328,6088,0,Normal
1.898236,udp,dns,0,0,OTH,0,10,0,280,0,1,Attack
1.914868,udp,dns,0,0,OTH,0,10,0,280,0,1,Attack
0.996639,tcp,unknown,85422,0,OTH,0,104,104,91038,6240,0,Normal
0.0,tcp,dns,0,0,S1,0,2,0,128,0,1,Attack
0.413214,other,unknown,0,0,OTH,0,2,0,120,0,0,Normal
0.970562,tcp,unknown,110190,0,OTH,0,120,118,116670,7080,0,Normal
0.982385,tcp,unknown,73248,0,OTH,0,96,96,78432,5760,0,Normal
240.963063,tcp,dns,0,0,S1,0,4,0,256,0,1,Attack
0.985241,tcp,unknown,71134,0,OTH,0,100,100,76534,6000,0,Normal
2.906651,tcp,http,84,0,S1,0,14,0,560,0,1,Attack
0.255227,udp,unknown,658,0,OTH,0,4,0,826,0,0,Normal
0.0,tcp,ssl,0,0,S1,0,2,0,120,0,1,Attack
0.981677,tcp,unknown,105210,0,OTH,0,120,118,111690,7080,0,Normal
0.982953,tcp,unknown,78436,0,OTH,0,98,98,83728,5880,0,Normal
0.978925,tcp,unknown,110168,0,OTH,0,130,126,117188,7560,0,Normal
3.428184,tcp,http,96,0,S1,0,16,0,640,0,1,Attack
1e-06,tcp,ssl,0,0,S1,0,2,0,120,0,1,Attack
2.939932,tcp,http,84,0,S1,0,14,0,560,0,1,Attack
3.423371,tcp,http,90,0,S1,0,15,0,600,0,1,Attack
0.0,udp,unknown,496,0,OTH,0,2,0,580,0,0,Normal
0.992856,tcp,unknown,76342,0,OTH,0,92,92,81310,5520,0,Normal
0.0,tcp,ssl,0,0,S1,0,2,0,120,0,1,Attack
0.964521,tcp,unknown,115976,0,OTH,0,120,118,122456,7080,0,Normal
0.0,tcp,dns,0,0,S1,0,2,0,128,0,1,Attack
0.971964,tcp,unknown,108962,0,OTH,0,120,120,115442,7200,0,Normal
2.948372,tcp,http,84,0,S1,0,14,0,560,0,1,Attack
0.965853,tcp,unknown,104850,0,OTH,0,110,110,110790,6600,0,Normal
0.987428,tcp,unknown,116330,0,OTH,0,118,108,122702,6480,0,Normal
0.98301,tcp,unknown,113496,0,OTH,0,124,123,120192,7380,0,Normal
1.912372,udp,dns,0,0,OTH,0,10,0,280,0,1,Attack
0.940516,tcp,unknown,69450,0,OTH,0,86,86,74094,5160,0,Normal
1e-06,tcp,ssl,0,0,S1,0,2,0,120,0,1,Attack
3.426306,tcp,http,96,0,S1,0,16,0,640,0,1,Attack
3.426879,tcp,http,96,0,S1,0,16,0,640,0,1,Attack
1e-06,tcp,dns,0,0,S1,0,2,0,128,0,1,Attack
1e-06,udp,unknown,496,0,OTH,0,2,0,580,0,0,Normal
0.0,udp,unknown,496,0,OTH,0,2,0,580,0,0,Normal
0.611062,other,unknown,0,0,OTH,0,2,0,120,0,0,Normal
0.980543,tcp,unknown,93224,0,OTH,0,102,102,98732,6120,0,Normal
3.427878,tcp,http,96,0,S1,0,16,0,640,0,1,Attack
197.96789,tcp,dns,0,0,S1,0,4,0,256,0,1,Attack
2.94455,tcp,http,84,0,S1,0,14,0,560,0,1,Attack
1e-06,tcp,unknown,0,0,S1,0,0,2,0,148,0,Normal
1.891014,udp,dns,0,0,OTH,0,10,0,280,0,1,Attack
0.06616,tcp,unknown,1478,722,S1,0,6,12,1818,1434,0,Normal
0.95532,tcp,unknown,110562,0,OTH,0,120,120,117042,7200,0,Normal
0.960148,tcp,unknown,75124,0,OTH,0,92,92,80092,5520,0,Normal
0.0,tcp,ssl,0,0,S1,0,2,0,120,0,1,Attack
0.0,tcp,dns,0,0,S1,0,2,0,128,0,1,Attack
3.424629,tcp,http,96,0,S1,0,16,0,640,0,1,Attack
1.891474,udp,dns,0,0,OTH,0,10,0,280,0,1,Attack
0.0,udp,unknown,162,0,OTH,0,2,0,246,0,0,Normal
3.423455,tcp,http,90,0,S1,0,15,0,600,0,1,Attack
0.0,tcp,ssl,0,0,S1,0,2,0,120,0,1,Attack
0.937201,tcp,unknown,107844,0,OTH,0,120,120,114324,7200,0,Normal
0.967936,tcp,unknown,110412,0,OTH,0,130,130,117432,7800,0,Normal
2.908656,tcp,http,84,0,S1,0,14,0,560,0,1,Attack
1e-06,udp,unknown,496,0,OTH,0,2,0,580,0,0,Normal
0.0,udp,unknown,496,0,OTH,0,2,0,580,0,0,Normal
0.0,udp,unknown,274,0,OTH,0,2,0,358,0,0,Normal
0.0,other,unknown,0,0,OTH,0,1,0,60,0,0,Normal
227.06102,tcp,dns,0,0,S1,0,4,0,256,0,1,Attack
0.97433,tcp,unknown,71778,0,OTH,0,94,94,76854,5640,0,Normal
1e-06,udp,dhcp,1480,0,OTH,0,2,0,1564,0,0,Normal
0.962491,tcp,unknown,45258,0,OTH,0,72,72,49146,4320,0,Normal
0.0,tcp,dns,0,0,S1,0,2,0,128,0,1,Attack
0.962392,tcp,unknown,69998,0,OTH,0,94,94,75074,5640,0,Normal
0.982228,tcp,unknown,84298,0,OTH,0,96,96,89482,5760,0,Normal
0.958062,tcp,unknown,58774,0,OTH,0,72,72,62662,4320,0,Normal
3.5e-05,tcp,ssl,0,0,S1,0,2,0,120,0,1,Attack
0.0,udp,unknown,496,0,OTH,0,2,0,580,0,0,Normal
38.01762,tcp,dns,0,0,S1,0,4,0,256,0,1,Attack
337.039882,tcp,dns,0,0,S1,0,4,0,256,0,1,Attack
1e-06,udp,unknown,496,0,OTH,0,2,0,580,0,0,Normal
0.964719,tcp,unknown,102784,0,OTH,0,120,120,109264,7200,0,Normal
0.0,tcp,ssl,0,0,S1,0,2,0,120,0,1,Attack
0.493869,udp,unknown,820,0,OTH,0,6,0,1072,0,0,Normal
0.961611,tcp,unknown,97034,0,OTH,0,116,116,103298,6960,0,Normal
0.042674,udp,unknown,582,0,OTH,0,4,0,750,0,0,Normal
2.933392,tcp,http,84,0,S1,0,14,0,560,0,1,Attack
0.0,tcp,dns,0,0,S1,0,2,0,128,0,1,Attack
1e-06,udp,unknown,274,0,OTH,0,2,0,358,0,0,Normal
1.418558,udp,dns,0,0,OTH,0,8,0,224,0,1,Attack
0.986729,tcp,unknown,75906,0,OTH,0,90,90,80766,5400,0,Normal
0.964353,tcp,unknown,98850,0,OTH,0,120,120,105330,7200,0,Normal
2.94635,tcp,http,84,0,S1,0,14,0,560,0,1,Attack
0.994845,tcp,unknown,101118,0,OTH,0,112,112,107166,6720,0,Normal
0.151188,other,unknown,0,0,OTH,0,2,0,120,0,0,Normal
0.0,other,unknown,0,0,OTH,0,1,0,60,0,0,Normal
0.0,udp,unknown,496,0,OTH,0,2,0,580,0,0,Normal
0.962462,tcp,unknown,66424,0,OTH,0,88,88,71176,5280,0,Normal
1.914628,udp,dns,0,0,OTH,0,10,0,280,0,1,Attack
0.0,udp,unknown,274,0,OTH,0,2,0,358,0,0,Normal
2.917402,tcp,http,84,0,S1,0,14,0,560,0,1,Attack
0.0,tcp,dns,0,0,S1,0,2,0,128,0,1,Attack
1e-06,udp,dhcp,1480,0,OTH,0,2,0,1564,0,0,Normal
0.0,tcp,ssl,0,0,S1,0,2,0,120,0,1,Attack
0.0,tcp,dns,0,0,S1,0,2,0,128,0,1,Attack
0.967356,tcp,unknown,91020,0,OTH,0,106,106,96744,6360,0,Normal
0.98805,tcp,unknown,110110,0,OTH,0,120,120,116590,7200,0,Normal
0.005825,tcp,http,0,12,RSTR,0,2,2,120,80,1,Attack
2.946784,tcp,http,84,0,S1,0,14,0,560,0,1,Attack
3.428527,tcp,http,96,0,S1,0,16,0,640,0,1,Attack
2.940383,tcp,http,84,0,S1,0,14,0,560,0,1,Attack
1.910172,udp,dns,0,0,OTH,0,10,0,280,0,1,Attack
0.0,tcp,dns,0,0,S1,0,2,0,128,0,1,Attack
0.98556,tcp,unknown,57660,0,OTH,0,76,76,61764,4560,0,Normal
0.504039,udp,unknown,486,0,OTH,0,6,0,738,0,0,Normal
0.965237,tcp,unknown,81078,0,OTH,0,106,106,86802,6360,0,Normal
3.432522,tcp,http,96,0,S1,0,16,0,640,0,1,Attack
0.982996,tcp,unknown,52456,0,OTH,0,72,72,56344,4320,0,Normal
3.429595,tcp,http,96,0,S1,0,16,0,640,0,1,Attack
1e-06,udp,unknown,496,0,OTH,0,2,0,580,0,0,Normal
0.979021,tcp,unknown,105492,0,OTH,0,110,110,111432,6600,0,Normal
0.971376,tcp,unknown,66064,0,OTH,0,88,88,70816,5280,0,Normal
0.945636,tcp,unknown,47662,0,OTH,0,72,72,51550,4320,0,Normal
0.0,tcp,dns,0,0,S1,0,2,0,128,0,1,Attack
1.911691,udp,dns,0,0,OTH,0,10,0,280,0,1,Attack
0.0,other,unknown,0,0,OTH,0,1,0,60,0,0,Normal
1.921074,udp,dns,0,0,OTH,0,10,0,280,0,1,Attack
0.965341,tcp,unknown,27178,0,OTH,0,70,70,30958,4200,0,Normal
0.998054,tcp,unknown,100758,0,OTH,0,120,116,107238,6960,0,Normal
0.006558,tcp,http,0,12,RSTR,0,2,2,120,80,1,Attack
0.0,udp,unknown,496,0,OTH,0,2,0,580,0,0,Normal
0.970379,tcp,unknown,71002,0,OTH,0,92,92,75970,5520,0,Normal
1e-06,tcp,dns,0,0,S1,0,2,0,128,0,1,Attack
1.914589,udp,dns,0,0,OTH,0,10,0,280,0,1,Attack
3.429606,tcp,http,96,0,S1,0,16,0,640,0,1,Attack
0.376258,tcp,unknown,93430,1320,S1,0,82,72,97886,5608,0,Normal
2.907769,tcp,http,84,0,S1,0,14,0,560,0,1,Attack
0.0,other,unknown,0,0,OTH,0,1,0,60,0,0,Normal
0.0,tcp,dns,0,0,S1,0,2,0,128,0,1,Attack
1e-06,udp,unknown,496,0,OTH,0,2,0,580,0,0,Normal
1e-06,tcp,ssl,0,0,S1,0,2,0,120,0,1,Attack
258.924475,tcp,dns,0,0,S1,0,4,0,256,0,1,Attack
0.0,udp,unknown,496,0,OTH,0,2,0,580,0,0,Normal
2.944696,tcp,http,84,0,S1,0,14,0,560,0,1,Attack
0.394943,tcp,unknown,29780,0,RSTO,0,40,38,31952,2280,0,Normal
1.926927,udp,dns,0,0,OTH,0,10,0,280,0,1,Attack
0.938881,tcp,unknown,45086,0,OTH,0,60,60,48326,3600,0,Normal
0.0,udp,unknown,496,0,OTH,0,2,0,580,0,0,Normal
1e-06,udp,unknown,496,0,OTH,0,2,0,580,0,0,Normal
0.0,other,unknown,0,0,OTH,0,1,0,60,0,0,Normal
0.960128,tcp,unknown,67262,0,OTH,0,94,94,72338,5640,0,Normal
0.0,other,unknown,0,0,OTH,0,1,0,60,0,0,Normal
95.021826,tcp,dns,0,0,S1,0,4,0,256,0,1,Attack
1e-06,tcp,dns,0,0,S1,0,2,0,128,0,1,Attack
0.033551,tcp,unknown,4,12,RSTR,0,2,2,88,80,1,Attack
0.989125,tcp,unknown,73020,0,OTH,0,98,98,78312,5880,0,Normal
2.940433,tcp,http,84,0,S1,0,14,0,560,0,1,Attack
0.0,other,unknown,0,0,OTH,0,1,0,60,0,0,Normal
1.928156,udp,dns,0,0,OTH,0,10,0,280,0,1,Attack
0.964339,tcp,unknown,91004,0,OTH,0,104,104,96620,6240,0,Normal
1e-06,udp,unknown,496,0,OTH,0,2,0,580,0,0,Normal
0.962928,tcp,unknown,77518,0,OTH,0,106,106,83242,6360,0,Normal
1e-06,udp,unknown,496,0,OTH,0,2,0,580,0,0,Normal
0.484195,other,unknown,0,0,OTH,0,2,0,120,0,0,Normal
0.0,tcp,ssl,0,0,S1,0,2,0,120,0,1,Attack
0.0,tcp,ssl,0,0,S1,0,2,0,120,0,1,Attack
0.0,other,unknown,0,0,OTH,0,1,0,60,0,0,Normal
0.966604,tcp,unknown,81478,0,OTH,0,98,98,86770,5880,0,Normal
2.907224,tcp,http,84,0,S1,0,14,0,560,0,1,Attack
0.039999,udp,unknown,582,0,OTH,0,4,0,750,0,0,Normal
0.9621,tcp,unknown,73988,0,OTH,0,96,96,79172,5760,0,Normal
1.890494,udp,dns,0,0,OTH,0,10,0,280,0,1,Attack
0.004573,tcp,unknown,246,6284,SF,0,14,12,990,6924,1,Attack
0.0,tcp,ssl,0,0,S1,0,2,0,120,0,1,Attack
1.914227,udp,dns,0,0,OTH,0,10,0,280,0,1,Attack
0.95028,tcp,unknown,99178,0,OTH,0,116,112,105442,6720,0,Normal
0.250766,udp,unknown,324,0,OTH,0,4,0,492,0,0,Normal
1.913478,udp,dns,0,0,OTH,0,10,0,280,0,1,Attack
0.974668,tcp,unknown,57464,0,OTH,0,80,80,61784,4800,0,Normal
1.418534,udp,dns,0,0,OTH,0,8,0,224,0,1,Attack
1.893792,udp,dns,0,0,OTH,0,10,0,280,0,1,Attack
0.0,tcp,dns,0,0,S1,0,2,0,128,0,1,Attack
1.914409,udp,dns,0,0,OTH,0,10,0,280,0,1,Attack
1e-06,tcp,dns,0,0,S1,0,2,0,128,0,1,Attack
0.0,tcp,ssl,0,0,S1,0,2,0,120,0,1,Attack
0.97475,tcp,unknown,85468,0,OTH,0,98,98,90760,5880,0,Normal
0.040919,tcp,unknown,4,12,RSTR,0,2,2,88,80,1,Attack
0.0,tcp,ssl,0,0,S1,0,2,0,120,0,1,Attack
0.988055,tcp,unknown,109744,0,OTH,0,120,120,116224,7200,0,Normal
0.255022,udp,unknown,324,0,OTH,0,4,0,492,0,0,Normal
105.952505,tcp,dns,0,0,S1,0,6,0,384,0,1,Attack
0.984528,tcp,unknown,116158,0,OTH,0,118,118,122530,7080,0,Normal
0.0,tcp,dns,0,0,S1,0,2,0,128,0,1,Attack
1e-06,udp,unknown,496,0,OTH,0,2,0,580,0,0,Normal
0.252491,other,unknown,0,0,OTH,0,2,0,120,0,0,Normal
0.0,tcp,ssl,0,0,S1,0,2,0,120,0,1,Attack
1.912405,udp,dns,0,0,OTH,0,10,0,280,0,1,Attack
1e-06,tcp,dns,0,0,S1,0,2,0,128,0,1,Attack
0.0,tcp,ssl,0,0,S1,0,2,0,120,0,1,Attack
0.975522,tcp,unknown,47446,0,OTH,0,72,72,51334,4320,0,Normal
1.416825,udp,dns,0,0,OTH,0,8,0,224,0,1,Attack
0.141162,tcp,unknown,1944,1320,S1,0,14,16,2728,2248,0,Normal
1.890854,udp,dns,0,0,OTH,0,10,0,280,0,1,Attack
0.981374,tcp,unknown,107698,0,OTH,0,118,118,114070,7080,0,Normal
0.0,tcp,ssl,0,0,S1,0,2,0,120,0,1,Attack
2.928303,tcp,http,84,0,S1,0,14,0,560,0,1,Attack
1e-06,udp,unknown,496,0,OTH,0,2,0,580,0,0,Normal
1.891638,udp,dns,0,0,OTH,0,10,0,280,0,1,Attack
0.017292,tcp,http,0,12,RSTR,0,2,2,120,80,1,Attack
1.912463,udp,dns,0,0,OTH,0,10,0,280,0,1,Attack
0.970321,tcp,unknown,118316,0,OTH,0,130,130,125336,7800,0,Normal
1.91557,udp,dns,0,0,OTH,0,10,0,280,0,1,Attack
0.991592,tcp,unknown,66326,0,OTH,0,88,88,71078,5280,0,Normal
1e-06,tcp,ssl,0,0,S1,0,2,0,120,0,1,Attack
0.0,tcp,ssl,0,0,S1,0,2,0,120,0,1,Attack
0.0,tcp,ssl,0,0,S1,0,2,0,120,0,1,Attack
0.059908,tcp,unknown,4,12,RSTR,0,2,2,88,80,1,Attack
0.981296,tcp,unknown,125774,0,OTH,0,134,132,133010,7920,0,Normal
0.995406,tcp,unknown,76736,0,OTH,0,98,98,82028,5880,0,Normal
0.0,other,unknown,0,0,OTH,0,1,0,60,0,0,Normal
1e-06,udp,dhcp,1480,0,OTH,0,2,0,1564,0,0,Normal
2.941662,tcp,http,84,0,S1,0,14,0,560,0,1,Attack
137.91514,tcp,dns,0,0,S1,0,4,0,256,0,1,Attack
0.938897,tcp,unknown,68500,0,OTH,0,84,84,73036,5040,0,Normal
0.951869,tcp,unknown,106258,0,OTH,0,118,118,112630,7080,0,Normal
2.941682,tcp,http,84,0,S1,0,14,0,560,0,1,Attack
0.0,other,unknown,0,0,OTH,0,1,0,60,0,0,Normal
1e-06,tcp,ssl,0,0,S1,0,2,0,120,0,1,Attack
1e-06,tcp,ssl,0,0,S1,0,2,0,120,0,1,Attack
0.0,udp,unknown,496,0,OTH,0,2,0,580,0,0,Normal
1e-06,tcp,unknown,0,0,S1,0,0,2,0,148,0,Normal
0.0,tcp,dns,0,0,S1,0,2,0,128,0,1,Attack
0.0,tcp,dns,0,0,S1,0,2,0,128,0,1,Attack
0.820146,udp,unknown,1068,0,OTH,0,10,0,1488,0,0,Normal
1e-06,udp,unknown,496,0,OTH,0,2,0,580,0,0,Normal
0.949918,tcp,unknown,69270,0,OTH,0,92,92,74238,5520,0,Normal
0.98357,tcp,unknown,78790,0,OTH,0,100,100,84190,6000,0,Normal
0.0,tcp,dns,0,0,S1,0,2,0,128,0,1,Attack
0.0,tcp,dns,0,0,S1,0,2,0,128,0,1,Attack
1.893857,udp,dns,0,0,OTH,0,10,0,280,0,1,Attack
0.0,tcp,dns,0,0,S1,0,2,0,128,0,1,Attack
0.948567,tcp,unknown,78556,0,OTH,0,94,94,83632,5640,0,Normal
0.0,tcp,dns,0,0,S1,0,2,0,128,0,1,Attack
1e-06,udp,unknown,496,0,OTH,0,2,0,580,0,0,Normal
0.0,tcp,ssl,0,0,S1,0,2,0,120,0,1,Attack
0.0,other,unknown,0,0,OTH,0,1,0,60,0,0,Normal
0.939846,tcp,unknown,80252,0,OTH,0,96,96,85436,5760,0,Normal
2.929365,tcp,http,84,0,S1,0,14,0,560,0,1,Attack
0.008454,tcp,http,0,12,RSTR,0,2,2,120,80,1,Attack
1.906231,udp,dns,0,0,OTH,0,10,0,280,0,1,Attack
2.91822,tcp,http,84,0,S1,0,14,0,560,0,1,Attack
0.974479,tcp,unknown,107176,0,OTH,0,122,122,113764,7320,0,Normal
0.0,tcp,ssl,0,0,S1,0,2,0,120,0,1,Attack
2.938954,tcp,http,84,0,S1,0,14,0,560,0,1,Attack
1e-06,tcp,unknown,0,0,S1,0,0,2,0,148,0,Normal
1.915873,udp,dns,0,0,OTH,0,10,0,280,0,1,Attack
1e-06,tcp,ssl,0,0,S1,0,2,0,120,0,1,Attack
0.0,tcp,dns,0,0,S1,0,2,0,128,0,1,Attack
0.501129,udp,unknown,820,0,OTH,0,6,0,1072,0,0,Normal
0.0,udp,unknown,496,0,OTH,0,2,0,580,0,0,Normal
0.0,tcp,dns,0,0,S1,0,2,0,128,0,1,Attack
0.013675,tcp,unknown,4,12,RSTR,0,2,2,88,80,1,Attack
1e-06,tcp,dns,0,0,S1,0,2,0,128,0,1,Attack
1e-06,udp,unknown,496,0,OTH,0,2,0,580,0,0,Normal
0.944049,tcp,unknown,73210,0,OTH,0,94,94,78286,5640,0,Normal
0.0,tcp,dns,0,0,S1,0,2,0,128,0,1,Attack
2.930127,tcp,http,84,0,S1,0,14,0,560,0,1,Attack
1e-06,tcp,dns,0,0,S1,0,2,0,128,0,1,Attack
1.924213,udp,dns,0,0,OTH,0,10,0,280,0,1,Attack
0.962869,tcp,unknown,88002,0,OTH,0,106,106,93726,6360,0,Normal
0.425502,tcp,unknown,31218,0,RSTO,0,42,40,33498,2400,0,Normal
1e-06,udp,unknown,16,0,OTH,0,2,0,72,0,1,Attack
3.428212,tcp,http,96,0,S1,0,16,0,640,0,1,Attack
0.008143,tcp,http,0,12,RSTR,0,2,2,120,80,1,Attack
0.0,tcp,dns,0,0,S1,0,2,0,128,0,1,Attack
0.994963,tcp,unknown,77676,0,OTH,0,104,104,83292,6240,0,Normal
0.934963,tcp,unknown,39868,0,OTH,0,60,60,43108,3600,0,Normal
0.67211,other,unknown,0,0,OTH,0,2,0,120,0,0,Normal
0.008928,tcp,unknown,4,12,RSTR,0,2,2,88,80,1,Attack
1e-06,udp,unknown,274,0,OTH,0,2,0,358,0,0,Normal
1.90577,udp,dns,0,0,OTH,0,10,0,280,0,1,Attack
1e-06,udp,unknown,496,0,OTH,0,2,0,580,0,0,Normal
0.0,other,unknown,0,0,OTH,0,1,0,60,0,0,Normal
1e-06,tcp,dns,0,0,S1,0,2,0,128,0,1,Attack
0.970668,tcp,unknown,104254,0,OTH,0,112,112,110302,6720,0,Normal
0.0,other,unknown,0,0,OTH,0,1,0,60,0,0,Normal
0.043304,udp,unknown,582,0,OTH,0,4,0,750,0,0,Normal
0.0,other,unknown,0,0,OTH,0,1,0,60,0,0,Normal
2.939132,tcp,http,84,0,S1,0,14,0,560,0,1,Attack
2.911299,tcp,http,84,0,S1,0,14,0,560,0,1,Attack
0.965348,tcp,unknown,58174,0,OTH,0,86,86,62818,5160,0,Normal
0.989919,tcp,unknown,113544,0,OTH,0,116,116,119808,6960,0,Normal
0.973846,tcp,unknown,134162,0,OTH,0,140,136,141722,8160,0,Normal
0.982803,tcp,unknown,75796,0,OTH,0,98,98,81088,5880,0,Normal
0.120794,other,unknown,0,0,OTH,0,2,0,120,0,0,Normal
0.0,tcp,dns,0,0,S1,0,2,0,128,0,1,Attack
0.039788,tcp,unknown,4,12,RSTR,0,2,2,88,80,1,Attack
0.944827,tcp,unknown,65448,0,OTH,0,96,96,70632,5760,0,Normal
1.905782,udp,dns,0,0,OTH,0,10,0,280,0,1,Attack
0.0,udp,unknown,496,0,OTH,0,2,0,580,0,0,Normal
0.01193,tcp,unknown,4,12,RSTR,0,2,2,88,80,1,Attack
1e-06,udp,unknown,496,0,OTH,0,2,0,580,0,0,Normal
1e-06,udp,unknown,496,0,OTH,0,2,0,580,0,0,Normal
1e-06,udp,unknown,86,0,OTH,0,2,0,170,0,0,Normal
1e-06,tcp,ssl,0,0,S1,0,2,0,120,0,1,Attack
1.922302,udp,dns,0,0,OTH,0,10,0,280,0,1,Attack
1.923012,udp,dns,0,0,OTH,0,9,0,252,0,1,Attack
0.0,tcp,dns,0,0,S1,0,2,0,128,0,1,Attack
0.393657,other,unknown,0,0,OTH,0,2,0,120,0,0,Normal
1.889402,udp,dns,0,0,OTH,0,10,0,280,0,1,Attack
1e-06,udp,dhcp,1480,0,OTH,0,2,0,1564,0,0,Normal
2.94083,tcp,http,84,0,S1,0,14,0,560,0,1,Attack
1.418104,udp,dns,0,0,OTH,0,8,0,224,0,1,Attack
1.912368,udp,dns,0,0,OTH,0,10,0,280,0,1,Attack
0.945524,tcp,unknown,113152,0,OTH,0,122,122,119740,7320,0,Normal
1.925032,udp,dns,0,0,OTH,0,9,0,252,0,1,Attack
1.914485,udp,dns,0,0,OTH,0,10,0,280,0,1,Attack
1e-06,tcp,ssl,0,0,S1,0,2,0,120,0,1,Attack
1e-06,udp,unknown,496,0,OTH,0,2,0,580,0,0,Normal
2.906869,tcp,http,84,0,S1,0,14,0,560,0,1,Attack
0.036381,udp,unknown,582,0,OTH,0,4,0,750,0,0,Normal
0.008568,tcp,unknown,4,12,RSTR,0,2,2,88,80,1,Attack
0.0,tcp,dns,0,0,S1,0,2,0,128,0,1,Attack
0.0,udp,unknown,52,0,OTH,0,4,0,164,0,1,Attack
1.89351,udp,dns,0,0,OTH,0,10,0,280,0,1,Attack
231.067371,tcp,dns,0,0,S1,0,4,0,256,0,1,Attack
0.0,tcp,ssl,0,0,S1,0,2,0,120,0,1,Attack
0.996289,tcp,unknown,77732,0,OTH,0,102,102,83240,6120,0,Normal
0.0,tcp,dns,0,0,S1,0,2,0,128,0,1,Attack
0.960042,tcp,unknown,72856,0,OTH,0,88,88,77608,5280,0,Normal
0.007737,tcp,http,0,12,RSTR,0,2,2,120,80,1,Attack
2.947957,tcp,http,84,0,S1,0,14,0,560,0,1,Attack
2.907212,tcp,http,84,0,S1,0,14,0,560,0,1,Attack
0.0,other,unknown,0,0,OTH,0,1,0,60,0,0,Normal
0.0,tcp,dns,0,0,S1,0,2,0,128,0,1,Attack
1e-06,udp,unknown,496,0,OTH,0,2,0,580,0,0,Normal
0.0,udp,unknown,274,0,OTH,0,2,0,358,0,0,Normal
0.0,other,unknown,0,0,OTH,0,1,0,60,0,0,Normal
0.673205,other,unknown,0,0,OTH,0,3,0,180,0,0,Normal
1.932824,udp,dns,0,0,OTH,0,10,0,280,0,1,Attack
0.964028,tcp,unknown,73324,0,OTH,0,92,92,78292,5520,0,Normal
2.932305,tcp,http,84,0,S1,0,14,0,560,0,1,Attack
1.91588,udp,dns,0,0,OTH,0,10,0,280,0,1,Attack
1.921788,udp,dns,0,0,OTH,0,10,0,280,0,1,Attack
0.983652,tcp,unknown,87736,0,OTH,0,86,86,92380,5160,0,Normal
1.914614,udp,dns,0,0,OTH,0,10,0,280,0,1,Attack
0.961499,tcp,unknown,71080,0,OTH,0,98,98,76372,5880,0,Normal
0.0,other,unknown,0,0,OTH,0,1,0,60,0,0,Normal
0.959892,tcp,unknown,58050,0,OTH,0,80,80,62370,4800,0,Normal
0.926611,tcp,unknown,64476,0,OTH,0,86,86,69120,5160,0,Normal
0.0,tcp,ssl,0,0,S1,0,2,0,120,0,1,Attack
0.0,tcp,ssl,0,0,S1,0,2,0,120,0,1,Attack
0.0,other,unknown,0,0,OTH,0,1,0,60,0,0,Normal
0.965564,tcp,unknown,63520,0,OTH,0,96,94,68704,5640,0,Normal
0.965966,tcp,unknown,81798,0,OTH,0,98,98,87090,5880,0,Normal
0.029087,tcp,http,0,12,RSTR,0,2,2,120,80,1,Attack
3.428006,tcp,http,96,0,S1,0,16,0,640,0,1,Attack
0.0,udp,unknown,496,0,OTH,0,2,0,580,0,0,Normal
0.998748,tcp,unknown,113254,0,OTH,0,132,130,120382,7800,0,Normal
2.91803,tcp,http,84,0,S1,0,14,0,560,0,1,Attack
0.31228,other,unknown,0,0,OTH,0,2,0,120,0,0,Normal
0.502303,udp,unknown,486,0,OTH,0,6,0,738,0,0,Normal
1e-06,udp,dhcp,1480,0,OTH,0,2,0,1564,0,0,Normal
0.003952,tcp,http,0,12,RSTR,0,2,2,120,80,1,Attack
0.0,tcp,ssl,0,0,S1,0,2,0,120,0,1,Attack
1e-06,tcp,ssl,0,0,S1,0,2,0,120,0,1,Attack
0.965118,tcp,unknown,66628,0,OTH,0,82,82,71056,4920,0,Normal
0.979956,tcp,unknown,94206,0,OTH,0,100,100,99606,6000,0,Normal
0.0,udp,unknown,162,0,OTH,0,2,0,246,0,0,Normal
0.0,tcp,dns,0,0,S1,0,2,0,128,0,1,Attack
0.983094,tcp,unknown,71842,0,OTH,0,90,90,76702,5400,0,Normal
2.92977,tcp,http,84,0,S1,0,14,0,560,0,1,Attack
0.0,tcp,dns,0,0,S1,0,2,0,128,0,1,Attack
0.963734,tcp,unknown,98486,0,OTH,0,116,114,104750,6840,0,Normal
2.915123,tcp,http,84,0,S1,0,14,0,560,0,1,Attack
0.979664,tcp,unknown,76554,0,OTH,0,98,98,81846,5880,0,Normal
2.909249,tcp,http,84,0,S1,0,14,0,560,0,1,Attack
1e-06,udp,unknown,496,0,OTH,0,2,0,580,0,0,Normal
1.910748,udp,dns,0,0,OTH,0,10,0,280,0,1,Attack
230.219336,tcp,dns,0,0,S1,0,6,0,384,0,1,Attack
0.968918,tcp,unknown,88784,0,OTH,0,102,102,94292,6120,0,Normal
0.986051,tcp,unknown,66484,0,OTH,0,80,80,70804,4800,0,Normal
0.0,udp,unknown,274,0,OTH,0,2,0,358,0,0,Normal
286.987982,tcp,dns,0,0,S1,0,6,0,384,0,1,Attack
1e-06,udp,unknown,496,0,OTH,0,2,0,580,0,0,Normal
0.990464,tcp,unknown,69908,0,OTH,0,90,88,74768,5280,0,Normal
0.528163,tcp,unknown,1554,1960,SF,0,24,16,2494,2592,1,Attack
0.954638,tcp,unknown,107890,0,OTH,0,116,116,114154,6960,0,Normal
1e-06,udp,unknown,496,0,OTH,0,2,0,580,0,0,Normal
0.953591,tcp,unknown,110374,0,OTH,0,122,114,116962,6840,0,Normal
1.41859,udp,dns,0,0,OTH,0,8,0,224,0,1,Attack
0.0,tcp,dns,0,0,S1,0,2,0,128,0,1,Attack
0.988603,tcp,unknown,76958,0,OTH,0,98,98,82250,5880,0,Normal
0.384146,other,unknown,0,0,OTH,0,3,0,180,0,0,Normal
0.994953,tcp,unknown,77122,0,OTH,0,94,94,82198,5640,0,Normal
3.429269,tcp,http,96,0,S1,0,16,0,640,0,1,Attack
0.491162,udp,unknown,486,0,OTH,0,6,0,738,0,0,Normal
0.0,other,unknown,0,0,OTH,0,1,0,60,0,0,Normal
3.42714,tcp,http,90,0,S1,0,15,0,600,0,1,Attack
1e-06,udp,unknown,496,0,OTH,0,2,0,580,0,0,Normal
0.102436,other,unknown,0,0,OTH,0,2,0,120,0,0,Normal
280.309207,tcp,dns,0,0,S1,0,6,0,384,0,1,Attack
0.0,tcp,ssl,0,0,S1,0,2,0,120,0,1,Attack
1e-06,udp,unknown,496,0,OTH,0,2,0,580,0,0,Normal
0.990853,tcp,unknown,107184,0,OTH,0,124,124,113880,7440,0,Normal
178.00915,tcp,dns,0,0,S1,0,6,0,384,0,1,Attack
198.017785,tcp,dns,0,0,S1,0,4,0,256,0,1,Attack
0.981517,tcp,unknown,80360,0,OTH,0,102,102,85868,6120,0,Normal
1.891817,udp,dns,0,0,OTH,0,10,0,280,0,1,Attack
0.938786,tcp,unknown,96908,0,OTH,0,116,116,103172,6960,0,Normal
0.0,udp,unknown,274,0,OTH,0,2,0,358,0,0,Normal
0.0,tcp,dns,0,0,S1,0,2,0,128,0,1,Attack
0.96271,tcp,unknown,75934,0,OTH,0,96,96,81118,5760,0,Normal
1.928764,udp,dns,0,0,OTH,0,10,0,280,0,1,Attack
1e-06,udp,unknown,496,0,OTH,0,2,0,580,0,0,Normal
2.921467,tcp,http,84,0,S1,0,14,0,560,0,1,Attack
3.428997,tcp,http,96,0,S1,0,16,0,640,0,1,Attack
0.310114,udp,unknown,658,0,OTH,0,4,0,826,0,0,Normal
3.428176,tcp,http,96,0,S1,0,16,0,640,0,1,Attack
2e-06,udp,dhcp,1480,0,OTH,0,2,0,1564,0,0,Normal
0.0,udp,unknown,496,0,OTH,0,2,0,580,0,0,Normal
1.269329,udp,unknown,225992,0,OTH,0,188,0,231256,0,1,Attack
0.983313,tcp,unknown,127376,0,OTH,0,102,102,132884,6120,0,Normal
0.018469,tcp,unknown,4,12,RSTR,0,2,2,88,80,1,Attack
1e-06,udp,unknown,52,0,OTH,0,4,0,164,0,1,Attack
1.925062,udp,dns,0,0,OTH,0,10,0,280,0,1,Attack
0.005196,tcp,unknown,1762,930,SF,0,16,12,2610,1570,1,Attack
0.0,tcp,ssl,0,0,S1,0,2,0,120,0,1,Attack
1e-06,tcp,ssl,0,0,S1,0,2,0,120,0,1,Attack
0.970862,tcp,unknown,91378,0,OTH,0,106,102,97102,6120,0,Normal
0.944599,tcp,unknown,61818,0,OTH,0,80,80,66138,4800,0,Normal
0.000203,udp,unknown,992,0,OTH,0,4,0,1160,0,0,Normal
3.428344,tcp,http,96,0,S1,0,16,0,640,0,1,Attack
1e-06,udp,unknown,496,0,OTH,0,2,0,580,0,0,Normal
0.75316,udp,unknown,982,0,OTH,0,8,0,1318,0,0,Normal
0.0,tcp,ssl,0,0,S1,0,2,0,120,0,1,Attack
0.0,tcp,dns,0,0,S1,0,2,0,128,0,1,Attack
0.0,tcp,dns,0,0,S1,0,2,0,128,0,1,Attack
0.0,other,unknown,0,0,OTH,0,1,0,60,0,0,Normal
1e-06,udp,unknown,496,0,OTH,0,2,0,580,0,0,Normal
0.978543,tcp,unknown,106410,0,OTH,0,124,124,113106,7440,0,Normal
0.0,tcp,dns,0,0,S1,0,2,0,128,0,1,Attack
0.953732,tcp,unknown,82496,0,OTH,0,106,106,88220,6360,0,Normal
1e-06,udp,unknown,496,0,OTH,0,2,0,580,0,0,Normal
0.251948,tcp,unknown,78380,1320,S1,0,68,36,82080,3448,0,Normal
0.102998,tcp,unknown,1672,1056,S1,0,8,14,2120,1876,0,Normal
0.0,tcp,dns,0,0,S1,0,2,0,128,0,1,Attack
1e-06,tcp,ssl,0,0,S1,0,2,0,120,0,1,Attack
0.0,tcp,ssl,0,0,S1,0,2,0,120,0,1,Attack
0.0,udp,unknown,496,0,OTH,0,2,0,580,0,0,Normal
1e-06,tcp,ssl,0,0,S1,0,2,0,120,0,1,Attack
3.429606,tcp,http,96,0,S1,0,16,0,640,0,1,Attack
0.0,udp,unknown,496,0,OTH,0,2,0,580,0,0,Normal
1e-06,udp,unknown,496,0,OTH,0,2,0,580,0,0,Normal
1.899976,udp,dns,0,0,OTH,0,10,0,280,0,1,Attack
0.0,tcp,dns,0,0,S1,0,2,0,128,0,1,Attack
0.965401,tcp,unknown,94270,0,OTH,0,102,102,99778,6120,0,Normal
1e-06,tcp,ssl,0,0,S1,0,2,0,120,0,1,Attack
0.017293,tcp,unknown,4,12,RSTR,0,2,2,88,80,1,Attack
1e-06,udp,unknown,496,0,OTH,0,2,0,580,0,0,Normal
0.501546,udp,unknown,486,0,OTH,0,6,0,738,0,0,Normal
0.971752,tcp,unknown,134956,0,OTH,0,140,138,142516,8280,0,Normal
0.966639,tcp,unknown,264868,0,OTH,0,202,144,275776,8640,0,Normal
0.991309,tcp,unknown,109190,0,OTH,0,122,122,115778,7320,0,Normal
0.977083,tcp,unknown,145148,0,OTH,0,142,140,152816,8400,0,Normal
0.0,tcp,ssl,0,0,S1,0,2,0,120,0,1,Attack
2.926321,tcp,http,84,0,S1,0,14,0,560,0,1,Attack
127.041738,tcp,dns,0,0,S1,0,4,0,256,0,1,Attack
2.92081,tcp,http,84,0,S1,0,14,0,560,0,1,Attack
0.0,tcp,dns,0,0,S1,0,2,0,128,0,1,Attack
0.94898,tcp,unknown,53318,0,OTH,0,70,70,57098,4200,0,Normal
0.0,other,unknown,0,0,OTH,0,1,0,60,0,0,Normal
1.92613,udp,dns,0,0,OTH,0,10,0,280,0,1,Attack
0.0,tcp,ssl,0,0,S1,0,2,0,120,0,1,Attack
0.996773,tcp,unknown,81256,0,OTH,0,106,106,86980,6360,0,Normal
1.921583,udp,dns,0,0,OTH,0,10,0,280,0,1,Attack
0.978118,tcp,unknown,66734,0,OTH,0,84,84,71270,5040,0,Normal
2.906613,tcp,http,84,0,S1,0,14,0,560,0,1,Attack
11.186642,tcp,http,0,24,RSTR,0,4,4,240,160,1,Attack
2.938798,tcp,http,84,0,S1,0,14,0,560,0,1,Attack
0.934239,tcp,unknown,77312,0,OTH,0,92,92,82280,5520,0,Normal
0.0,tcp,dns,0,0,S1,0,2,0,128,0,1,Attack
2.936328,tcp,http,84,0,S1,0,14,0,560,0,1,Attack
1.927784,udp,dns,0,0,OTH,0,10,0,280,0,1,Attack
0.967566,tcp,unknown,113862,0,OTH,0,120,118,120342,7080,0,Normal
0.485281,udp,unknown,820,0,OTH,0,6,0,1072,0,0,Normal
0.903867,tcp,unknown,53736,0,OTH,0,74,74,57732,4440,0,Normal
1.892487,udp,dns,0,0,OTH,0,10,0,280,0,1,Attack
0.0,tcp,ssl,0,0,S1,0,2,0,120,0,1,Attack
0.931329,tcp,unknown,73736,0,OTH,0,92,92,78704,5520,0,Normal
0.087952,other,unknown,0,0,OTH,0,2,0,120,0,0,Normal
0.078769,other,unknown,0,0,OTH,0,2,0,120,0,0,Normal
0.985447,tcp,unknown,72066,0,OTH,0,94,94,77142,5640,0,Normal
2.939146,tcp,http,84,0,S1,0,14,0,560,0,1,Attack
2.8e-05,tcp,ssl,0,0,S1,0,2,0,120,0,1,Attack
1e-06,udp,unknown,496,0,OTH,0,2,0,580,0,0,Normal
0.991602,tcp,unknown,110152,0,OTH,0,116,116,116416,6960,0,Normal
0.985288,tcp,unknown,74504,0,OTH,0,98,98,79796,5880,0,Normal
0.964565,tcp,unknown,90560,0,OTH,0,102,102,96068,6120,0,Normal
0.020774,tcp,unknown,4,12,RSTR,0,2,2,88,80,1,Attack
0.966019,tcp,unknown,78584,0,OTH,0,106,106,84308,6360,0,Normal
0.942461,tcp,unknown,44816,0,OTH,0,62,62,48164,3720,0,Normal
0.98056,tcp,unknown,51298,0,OTH,0,74,74,55294,4440,0,Normal
54.983231,tcp,dns,0,0,S1,0,4,0,256,0,1,Attack
0.965117,tcp,unknown,99044,0,OTH,0,120,120,105524,7200,0,Normal
0.611353,other,unknown,0,0,OTH,0,3,0,180,0,0,Normal
0.954738,tcp,unknown,76380,0,OTH,0,92,92,81348,5520,0,Normal
0.0,other,unknown,0,0,OTH,0,1,0,60,0,0,Normal
0.961649,tcp,unknown,67420,0,OTH,0,102,102,72928,6120,0,Normal
0.971229,tcp,unknown,73868,0,OTH,0,92,92,78836,5520,0,Normal
1.92037,udp,dns,0,0,OTH,0,10,0,280,0,1,Attack
2.941726,tcp,http,84,0,S1,0,14,0,560,0,1,Attack
0.493615,udp,unknown,486,0,OTH,0,6,0,738,0,0,Normal
1.896968,udp,dns,0,0,OTH,0,10,0,280,0,1,Attack
0.0,tcp,ssl,0,0,S1,0,2,0,120,0,1,Attack
0.0,tcp,ssl,0,0,S1,0,2,0,120,0,1,Attack
0.0,tcp,dns,0,0,S1,0,2,0,128,0,1,Attack
0.106351,udp,unknown,546,0,OTH,0,4,0,714,0,0,Normal
1e-06,tcp,dns,0,0,S1,0,2,0,128,0,1,Attack
0.0,tcp,ssl,0,0,S1,0,2,0,120,0,1,Attack
0.985387,tcp,unknown,111918,0,OTH,0,124,120,118614,7200,0,Normal
1e-06,udp,unknown,496,0,OTH,0,2,0,580,0,0,Normal
1e-06,tcp,dns,0,0,S1,0,2,0,128,0,1,Attack
0.973175,tcp,unknown,76470,0,OTH,0,90,90,81330,5400,0,Normal
0.967852,tcp,unknown,104560,0,OTH,0,116,114,110824,6840,0,Normal
1.904651,udp,dns,0,0,OTH,0,10,0,280,0,1,Attack
67.131516,tcp,dns,0,0,S1,0,4,0,256,0,1,Attack
0.0,tcp,ssl,0,0,S1,0,2,0,120,0,1,Attack
0.968338,tcp,unknown,105464,0,OTH,0,118,118,111836,7080,0,Normal
0.966744,tcp,unknown,103108,0,OTH,0,118,118,109480,7080,0,Normal
0.971999,tcp,unknown,85644,0,OTH,0,108,108,91476,6480,0,Normal
0.9764,tcp,unknown,66690,0,OTH,0,88,88,71442,5280,0,Normal
2.932134,tcp,http,84,0,S1,0,14,0,560,0,1,Attack
0.0,other,unknown,0,0,OTH,0,1,0,60,0,0,Normal
1e-06,udp,unknown,496,0,OTH,0,2,0,580,0,0,Normal
1e-06,udp,dhcp,1480,0,OTH,0,2,0,1564,0,0,Normal
0.0,tcp,ssl,0,0,S1,0,2,0,120,0,1,Attack
0.427246,other,unknown,0,0,OTH,0,2,0,120,0,0,Normal
303.907182,tcp,dns,0,0,S1,0,8,0,512,0,1,Attack
2.912058,tcp,http,84,0,S1,0,14,0,560,0,1,Attack
1.904622,udp,dns,0,0,OTH,0,10,0,280,0,1,Attack
0.0,tcp,dns,0,0,S1,0,2,0,128,0,1,Attack
0.0,other,unknown,0,0,OTH,0,1,0,60,0,0,Normal
69.05345,tcp,dns,0,0,S1,0,4,0,256,0,1,Attack
0.004108,tcp,unknown,1762,930,SF,0,12,10,2402,1466,1,Attack
0.945194,tcp,unknown,84858,0,OTH,0,92,92,89826,5520,0,Normal
0.0,tcp,dns,0,0,S1,0,2,0,128,0,1,Attack
0.964382,tcp,unknown,129256,0,OTH,0,136,136,136600,8160,0,Normal
3.428241,tcp,http,96,0,S1,0,16,0,640,0,1,Attack
1.889785,udp,dns,0,0,OTH,0,10,0,280,0,1,Attack
106.887146,tcp,dns,0,0,S1,0,4,0,256,0,1,Attack
0.0,tcp,ssl,0,0,S1,0,2,0,120,0,1,Attack
1e-06,udp,unknown,496,0,OTH,0,2,0,580,0,0,Normal
0.0,udp,unknown,274,0,OTH,0,2,0,358,0,0,Normal
0.0,udp,unknown,496,0,OTH,0,2,0,580,0,0,Normal
3.426882,tcp,http,96,0,S1,0,16,0,640,0,1,Attack
1.935339,udp,dns,0,0,OTH,0,10,0,280,0,1,Attack
1.913787,udp,dns,0,0,OTH,0,10,0,280,0,1,Attack
0.0,tcp,dns,0,0,S1,0,2,0,128,0,1,Attack
0.0,other,unknown,0,0,OTH,0,1,0,60,0,0,Normal
1.417977,udp,dns,0,0,OTH,0,8,0,224,0,1,Attack
0.964804,tcp,unknown,75570,0,OTH,0,100,100,80970,6000,0,Normal
0.0,other,unknown,0,0,OTH,0,1,0,62,0,0,Normal
0.97484,tcp,unknown,107852,0,OTH,0,114,114,114008,6840,0,Normal
1e-06,udp,unknown,162,0,OTH,0,2,0,246,0,0,Normal
2.930923,tcp,http,84,0,S1,0,14,0,560,0,1,Attack
0.984328,tcp,unknown,81638,0,OTH,0,102,102,87146,6120,0,Normal
2.916956,tcp,http,84,0,S1,0,14,0,560,0,1,Attack
0.973905,tcp,unknown,148854,0,OTH,0,144,142,156630,8520,0,Normal
0.753304,udp,unknown,982,0,OTH,0,8,0,1318,0,0,Normal
0.248606,tcp,unknown,20846,0,RSTO,0,26,24,22262,1440,0,Normal
0.0,tcp,dns,0,0,S1,0,2,0,128,0,1,Attack
0.0,other,unknown,0,0,OTH,0,1,0,60,0,0,Normal
0.0,other,unknown,0,0,OTH,0,1,0,60,0,0,Normal
0.0,udp,unknown,162,0,OTH,0,2,0,246,0,0,Normal
175.192105,tcp,dns,0,0,S1,0,4,0,256,0,1,Attack
0.0,udp,unknown,496,0,OTH,0,2,0,580,0,0,Normal
0.0,tcp,dns,0,0,S1,0,2,0,128,0,1,Attack
0.713683,tcp,unknown,42702,0,RSTO,0,54,52,45630,3120,0,Normal
1.913947,udp,dns,0,0,OTH,0,10,0,280,0,1,Attack
1.907501,udp,dns,0,0,OTH,0,10,0,280,0,1,Attack
0.132422,udp,unknown,1096,0,OTH,0,8,0,1432,0,0,Normal
0.0,udp,dhcp,1480,0,OTH,0,2,0,1564,0,0,Normal
1.914664,udp,dns,0,0,OTH,0,10,0,280,0,1,Attack
0.0,udp,unknown,496,0,OTH,0,2,0,580,0,0,Normal
3.429259,tcp,http,96,0,S1,0,16,0,640,0,1,Attack
0.959821,tcp,unknown,97184,0,OTH,0,104,104,102800,6240,0,Normal
184.976151,tcp,dns,0,0,S1,0,4,0,256,0,1,Attack
0.982917,tcp,unknown,95084,0,OTH,0,116,110,101348,6600,0,Normal
0.955987,tcp,unknown,82082,0,OTH,0,96,96,87266,5760,0,Normal
1e-06,udp,unknown,496,0,OTH,0,2,0,580,0,0,Normal
1.417487,udp,dns,0,0,OTH,0,8,0,224,0,1,Attack
0.0,tcp,dns,0,0,S1,0,2,0,128,0,1,Attack
230.212263,tcp,dns,0,0,S1,0,4,0,256,0,1,Attack
1e-06,udp,unknown,496,0,OTH,0,2,0,580,0,0,Normal
0.931942,tcp,unknown,100036,0,OTH,0,106,106,105760,6360,0,Normal
0.0,tcp,ssl,0,0,S1,0,2,0,120,0,1,Attack
0.969582,tcp,unknown,97534,0,OTH,0,108,108,103366,6480,0,Normal
0.0,tcp,dns,0,0,S1,0,2,0,128,0,1,Attack
0.98525,tcp,unknown,44916,0,OTH,0,78,78,49128,4680,0,Normal
0.0,tcp,ssl,0,0,S1,0,2,0,120,0,1,Attack
0.970823,tcp,unknown,55188,0,OTH,0,76,76,59292,4560,0,Normal
1.921745,udp,dns,0,0,OTH,0,10,0,280,0,1,Attack
1e-06,tcp,dns,0,0,S1,0,2,0,128,0,1,Attack
1.927878,udp,dns,0,0,OTH,0,10,0,280,0,1,Attack
3.428855,tcp,http,96,0,S1,0,16,0,640,0,1,Attack
0.524942,udp,unknown,820,0,OTH,0,6,0,1072,0,0,Normal
0.946414,tcp,unknown,115844,0,OTH,0,126,126,122648,7560,0,Normal
2.946001,tcp,http,84,0,S1,0,14,0,560,0,1,Attack
0.0,tcp,ssl,0,0,S1,0,2,0,120,0,1,Attack
1e-06,udp,unknown,496,0,OTH,0,2,0,580,0,0,Normal
1e-06,udp,unknown,496,0,OTH,0,2,0,580,0,0,Normal
1.913991,udp,dns,0,0,OTH,0,10,0,280,0,1,Attack
1e-06,udp,unknown,496,0,OTH,0,2,0,580,0,0,Normal
0.967416,tcp,unknown,108660,0,OTH,0,116,114,114924,6840,0,Normal
0.0,tcp,dns,0,0,S1,0,2,0,128,0,1,Attack
0.0,tcp,ssl,0,0,S1,0,2,0,120,0,1,Attack
0.0,other,unknown,0,0,OTH,0,1,0,60,0,0,Normal
2.913793,tcp,http,84,0,S1,0,14,0,560,0,1,Attack
0.0,tcp,dns,0,0,S1,0,2,0,128,0,1,Attack
0.0,tcp,dns,0,0,S1,0,2,0,128,0,1,Attack
0.501858,udp,unknown,486,0,OTH,0,6,0,738,0,0,Normal
1.923933,udp,dns,0,0,OTH,0,9,0,252,0,1,Attack
0.942741,tcp,unknown,79590,0,OTH,0,100,100,84990,6000,0,Normal
0.995942,tcp,unknown,77300,0,OTH,0,88,86,82052,5160,0,Normal
0.012911,other,unknown,0,0,OTH,0,2,0,122,0,0,Normal
0.0,tcp,ssl,0,0,S1,0,2,0,120,0,1,Attack
1e-06,udp,unknown,496,0,OTH,0,2,0,580,0,0,Normal
3.425732,tcp,http,96,0,S1,0,16,0,640,0,1,Attack
0.961779,tcp,unknown,75560,0,OTH,0,98,98,80852,5880,0,Normal
0.503251,tcp,unknown,84904,1320,S1,0,86,64,89564,5128,0,Normal
0.965766,tcp,unknown,112466,0,OTH,0,120,116,118946,6960,0,Normal
0.0,tcp,dns,0,0,S1,0,2,0,128,0,1,Attack
0.136366,other,unknown,0,0,OTH,0,2,0,120,0,0,Normal
0.0,other,unknown,0,0,OTH,0,1,0,60,0,0,Normal
1.415546,udp,dns,0,0,OTH,0,8,0,224,0,1,Attack
1.914899,udp,dns,0,0,OTH,0,10,0,280,0,1,Attack
1e-06,udp,unknown,496,0,OTH,0,2,0,580,0,0,Normal
0.003981,tcp,unknown,1762,930,SF,0,12,10,2402,1466,1,Attack
1.417452,udp,dns,0,0,OTH,0,8,0,224,0,1,Attack
1e-06,udp,unknown,496,0,OTH,0,2,0,580,0,0,Normal
0.980353,tcp,unknown,73960,0,OTH,0,98,98,79252,5880,0,Normal
0.751701,udp,unknown,982,0,OTH,0,8,0,1318,0,0,Normal
0.500658,udp,unknown,820,0,OTH,0,6,0,1072,0,0,Normal
1e-06,udp,unknown,496,0,OTH,0,2,0,580,0,0,Normal
1e-06,tcp,ssl,0,0,S1,0,2,0,120,0,1,Attack
1.914366,udp,dns,0,0,OTH,0,10,0,280,0,1,Attack
3.428208,tcp,http,96,0,S1,0,16,0,640,0,1,Attack
0.930916,tcp,unknown,68768,0,OTH,0,84,84,73304,5040,0,Normal
0.0,tcp,dns,0,0,S1,0,2,0,128,0,1,Attack
1e-06,udp,dhcp,1480,0,OTH,0,2,0,1564,0,0,Normal
0.96064,tcp,unknown,107988,0,OTH,0,120,120,114468,7200,0,Normal
0.990002,tcp,unknown,107726,0,OTH,0,120,120,114206,7200,0,Normal
0.98557,tcp,unknown,77948,0,OTH,0,100,100,83348,6000,0,Normal
0.0,tcp,ssl,0,0,S1,0,2,0,120,0,1,Attack
2.926459,tcp,http,84,0,S1,0,14,0,560,0,1,Attack
0.008373,tcp,unknown,4,12,RSTR,0,2,2,88,80,1,Attack
0.0,udp,unknown,496,0,OTH,0,2,0,580,0,0,Normal
8.6e-05,udp,dhcp,1480,0,OTH,0,2,0,1564,0,0,Normal
2e-06,udp,unknown,496,0,OTH,0,2,0,580,0,0,Normal
0.501612,udp,unknown,486,0,OTH,0,6,0,738,0,0,Normal
1e-06,udp,unknown,496,0,OTH,0,2,0,580,0,0,Normal
2.906937,tcp,http,84,0,S1,0,14,0,560,0,1,Attack
3.423654,tcp,http,96,0,S1,0,16,0,640,0,1,Attack
2.919453,tcp,http,84,0,S1,0,14,0,560,0,1,Attack
0.967008,tcp,unknown,72620,0,OTH,0,92,92,77588,5520,0,Normal
0.968689,tcp,unknown,90504,0,OTH,0,108,104,96336,6240,0,Normal
0.0,udp,unknown,496,0,OTH,0,2,0,580,0,0,Normal
0.0,tcp,ssl,0,0,S1,0,2,0,120,0,1,Attack
0.979688,tcp,unknown,77832,0,OTH,0,100,100,83232,6000,0,Normal
1.90484,udp,dns,0,0,OTH,0,10,0,280,0,1,Attack
0.965121,tcp,unknown,73166,0,OTH,0,92,92,78134,5520,0,Normal
2.944973,tcp,http,84,0,S1,0,14,0,560,0,1,Attack
1.890578,udp,dns,0,0,OTH,0,10,0,280,0,1,Attack
1e-06,udp,dhcp,1480,0,OTH,0,2,0,1564,0,0,Normal
0.521757,udp,unknown,486,0,OTH,0,6,0,738,0,0,Normal
1.893992,udp,dns,0,0,OTH,0,10,0,280,0,1,Attack
0.024784,tcp,http,166,6558,SF,0,14,14,910,7302,1,Attack
0.002208,udp,unknown,992,0,OTH,0,4,0,1160,0,0,Normal
0.941249,tcp,unknown,67316,0,OTH,0,86,86,71960,5160,0,Normal
1e-06,udp,dhcp,1480,0,OTH,0,2,0,1564,0,0,Normal
0.0,tcp,dns,0,0,S1,0,2,0,128,0,1,Attack
1.894607,udp,dns,0,0,OTH,0,10,0,280,0,1,Attack
1.519674,tcp,unknown,1560,1962,SF,0,24,16,2500,2594,1,Attack
0.275595,tcp,unknown,43436,1320,S1,0,48,52,46056,4408,0,Normal
0.0,other,unknown,0,0,OTH,0,1,0,60,0,0,Normal
0.500518,udp,unknown,820,0,OTH,0,6,0,1072,0,0,Normal
2.937791,tcp,http,84,0,S1,0,14,0,560,0,1,Attack
0.754322,udp,unknown,982,0,OTH,0,8,0,1318,0,0,Normal
0.968538,tcp,unknown,77040,0,OTH,0,98,98,82332,5880,0,Normal
0.981762,tcp,unknown,94112,0,OTH,0,112,112,100160,6720,0,Normal
1.914704,udp,dns,0,0,OTH,0,10,0,280,0,1,Attack
4.4e-05,tcp,ssl,0,0,S1,0,2,0,120,0,1,Attack
2.919475,tcp,http,84,0,S1,0,14,0,560,0,1,Attack
0.045667,tcp,unknown,4,12,RSTR,0,2,2,88,80,1,Attack
290.296351,tcp,dns,0,0,S1,0,6,0,384,0,1,Attack
0.782235,other,unknown,0,0,OTH,0,2,0,120,0,0,Normal
0.0,other,unknown,0,0,OTH,0,1,0,60,0,0,Normal
0.005971,tcp,http,0,12,RSTR,0,2,2,120,80,1,Attack
0.169147,other,unknown,0,0,OTH,0,2,0,120,0,0,Normal
0.966332,tcp,unknown,109168,0,OTH,0,124,124,115864,7440,0,Normal
1.912525,udp,dns,0,0,OTH,0,10,0,280,0,1,Attack
1.914165,udp,dns,0,0,OTH,0,10,0,280,0,1,Attack
3.426874,tcp,http,96,0,S1,0,16,0,640,0,1,Attack
0.972545,tcp,unknown,59272,0,OTH,0,78,78,63484,4680,0,Normal
0.959062,tcp,unknown,73980,0,OTH,0,98,98,79272,5880,0,Normal
0.95209,tcp,unknown,106068,0,OTH,0,124,122,112764,7320,0,Normal
0.970201,tcp,unknown,95050,0,OTH,0,108,106,100882,6360,0,Normal
0.0,tcp,dns,0,0,S1,0,2,0,128,0,1,Attack
0.0,tcp,dns,0,0,S1,0,2,0,128,0,1,Attack
1.914087,udp,dns,0,0,OTH,0,10,0,280,0,1,Attack
1.91379,udp,dns,0,0,OTH,0,10,0,280,0,1,Attack
1.9035,udp,dns,0,0,OTH,0,10,0,280,0,1,Attack
0.915742,tcp,unknown,57476,0,OTH,0,76,76,61580,4560,0,Normal
1.913785,udp,dns,0,0,OTH,0,10,0,280,0,1,Attack
0.976013,tcp,unknown,108942,0,OTH,0,116,116,115206,6960,0,Normal
1.924868,udp,dns,0,0,OTH,0,10,0,280,0,1,Attack
111.048734,tcp,dns,0,0,S1,0,4,0,256,0,1,Attack
0.0,tcp,dns,0,0,S1,0,2,0,128,0,1,Attack
1e-06,udp,unknown,496,0,OTH,0,2,0,580,0,0,Normal
2.939865,tcp,http,84,0,S1,0,14,0,560,0,1,Attack
1e-06,tcp,ssl,0,0,S1,0,2,0,120,0,1,Attack
0.960081,tcp,unknown,48370,0,OTH,0,72,72,52258,4320,0,Normal
0.0,tcp,dns,0,0,S1,0,2,0,128,0,1,Attack
1.912269,udp,dns,0,0,OTH,0,10,0,280,0,1,Attack
0.0,other,unknown,0,0,OTH,0,1,0,60,0,0,Normal
0.0,tcp,ssl,0,0,S1,0,2,0,120,0,1,Attack
3.425869,tcp,http,90,0,S1,0,15,0,600,0,1,Attack
0.007505,tcp,http,0,12,RSTR,0,2,2,120,80,1,Attack
0.0,tcp,ssl,0,0,S1,0,2,0,120,0,1,Attack
2.937899,tcp,http,84,0,S1,0,14,0,560,0,1,Attack
0.0,udp,unknown,496,0,OTH,0,2,0,580,0,0,Normal
1e-06,tcp,unknown,0,0,S1,0,0,2,0,148,0,Normal
1e-06,tcp,ssl,0,0,S1,0,2,0,120,0,1,Attack
1e-06,udp,dhcp,1480,0,OTH,0,2,0,1564,0,0,Normal
0.504186,udp,unknown,486,0,OTH,0,6,0,738,0,0,Normal
2.935277,tcp,http,84,0,S1,0,14,0,560,0,1,Attack
1e-06,tcp,dns,0,0,S1,0,2,0,128,0,1,Attack
0.0,other,unknown,0,0,OTH,0,1,0,60,0,0,Normal
32.989234,tcp,ssl,0,0,S1,0,4,0,240,0,1,Attack
0.994514,tcp,unknown,110428,0,OTH,0,124,122,117124,7320,0,Normal
0.0,udp,unknown,496,0,OTH,0,2,0,580,0,0,Normal
0.344332,tcp,unknown,27598,0,RSTO,0,34,30,29434,1800,0,Normal
0.0,tcp,dns,0,0,S1,0,2,0,128,0,1,Attack
0.920553,tcp,unknown,91376,0,OTH,0,98,98,96668,5880,0,Normal
0.0,udp,unknown,86,0,OTH,0,2,0,170,0,0,Normal
0.966436,tcp,unknown,119292,0,OTH,0,128,128,126204,7680,0,Normal
0.943136,tcp,unknown,76006,0,OTH,0,88,88,80758,5280,0,Normal
2.944788,tcp,http,84,0,S1,0,14,0,560,0,1,Attack
5.3e-05,udp,unknown,822,0,OTH,0,6,0,1074,0,0,Normal
0.708412,other,unknown,0,0,OTH,0,3,0,180,0,0,Normal
2.926321,tcp,http,84,0,S1,0,14,0,560,0,1,Attack
0.993737,tcp,unknown,74844,0,OTH,0,92,90,79812,5400,0,Normal
0.0,other,unknown,0,0,OTH,0,1,0,60,0,0,Normal
0.945497,tcp,unknown,26134,0,OTH,0,70,70,29914,4200,0,Normal
0.953697,tcp,unknown,101410,0,OTH,0,120,120,107890,7200,0,Normal
0.0,tcp,ssl,0,0,S1,0,2,0,120,0,1,Attack
1.890421,udp,dns,0,0,OTH,0,10,0,280,0,1,Attack
0.983869,tcp,unknown,88952,0,OTH,0,107,102,94730,6120,0,Normal
0.975116,tcp,unknown,94430,0,OTH,0,112,110,100478,6600,0,Normal
0.501392,udp,unknown,820,0,OTH,0,6,0,1072,0,0,Normal
0.969698,tcp,unknown,42174,0,OTH,0,78,78,46386,4680,0,Normal
0.0,udp,unknown,274,0,OTH,0,2,0,358,0,0,Normal
0.0,tcp,dns,0,0,S1,0,2,0,128,0,1,Attack
0.956024,tcp,unknown,247338,0,OTH,0,212,146,258786,8760,0,Normal
0.969266,tcp,unknown,89374,0,OTH,0,102,102,94882,6120,0,Normal
2.946839,tcp,http,84,0,S1,0,14,0,560,0,1,Attack
1e-06,tcp,dns,0,0,S1,0,2,0,128,0,1,Attack
1e-06,udp,unknown,496,0,OTH,0,2,0,580,0,0,Normal
1.909202,udp,dns,0,0,OTH,0,10,0,280,0,1,Attack
0.484508,udp,unknown,870,0,OTH,0,8,0,1206,0,0,Normal
3.424095,tcp,http,96,0,S1,0,16,0,640,0,1,Attack
0.033041,tcp,unknown,4272,0,RSTO,0,8,6,4716,360,0,Normal
0.249442,udp,unknown,658,0,OTH,0,4,0,826,0,0,Normal
0.237755,other,unknown,0,0,OTH,0,3,0,180,0,0,Normal
1.922223,udp,dns,0,0,OTH,0,10,0,280,0,1,Attack
0.0,other,unknown,0,0,OTH,0,1,0,60,0,0,Normal
1e-06,udp,unknown,496,0,OTH,0,2,0,580,0,0,Normal
0.965082,tcp,unknown,97060,0,OTH,0,106,106,102784,6360,0,Normal
0.923155,tcp,unknown,42784,0,OTH,0,68,68,46456,4080,0,Normal
0.656366,other,unknown,0,0,OTH,0,2,0,120,0,0,Normal
0.0,udp,unknown,496,0,OTH,0,2,0,580,0,0,Normal
1.891418,udp,dns,0,0,OTH,0,10,0,280,0,1,Attack
0.963991,tcp,unknown,86588,0,OTH,0,104,104,92204,6240,0,Normal
1e-06,udp,unknown,274,0,OTH,0,2,0,358,0,0,Normal
100.467214,tcp,dns,0,0,S1,0,4,0,256,0,1,Attack
0.991349,tcp,unknown,71138,0,OTH,0,92,92,76106,5520,0,Normal
0.950293,tcp,unknown,58576,0,OTH,0,74,74,62572,4440,0,Normal
0.962917,tcp,unknown,99156,0,OTH,0,116,116,105420,6960,0,Normal
0.0,tcp,dns,0,0,S1,0,2,0,128,0,1,Attack
0.508112,other,unknown,0,0,OTH,0,2,0,120,0,0,Normal
0.0,tcp,dns,0,0,S1,0,2,0,128,0,1,Attack
1e-06,udp,unknown,274,0,OTH,0,2,0,358,0,0,Normal
0.391682,tcp,unknown,31672,0,RSTO,0,32,26,33400,1560,0,Normal
0.0,tcp,ssl,0,0,S1,0,2,0,120,0,1,Attack
0.0,tcp,dns,0,0,S1,0,2,0,128,0,1,Attack
0.998015,tcp,unknown,92464,0,OTH,0,110,110,98404,6600,0,Normal
1e-06,tcp,ssl,0,0,S1,0,2,0,120,0,1,Attack
1.902764,udp,dns,0,0,OTH,0,10,0,280,0,1,Attack
0.0,tcp,ssl,0,0,S1,0,2,0,120,0,1,Attack
1e-06,udp,unknown,496,0,OTH,0,2,0,580,0,0,Normal
1e-06,tcp,dns,0,0,S1,0,2,0,128,0,1,Attack
0.0,tcp,dns,0,0,S1,0,2,0,128,0,1,Attack
1e-06,udp,unknown,496,0,OTH,0,2,0,580,0,0,Normal
0.0,tcp,ssl,0,0,S1,0,2,0,120,0,1,Attack
2.935745,tcp,http,84,0,S1,0,14,0,560,0,1,Attack
29.025483,tcp,dns,0,0,S1,0,4,0,256,0,1,Attack
0.964281,tcp,unknown,71452,0,OTH,0,88,88,76204,5280,0,Normal
0.145119,tcp,unknown,48300,0,RSTO,0,36,8,50244,480,0,Normal
0.965571,tcp,unknown,75388,0,OTH,0,94,94,80464,5640,0,Normal
0.651109,udp,unknown,854,0,OTH,0,8,0,1190,0,0,Normal
1e-06,udp,unknown,496,0,OTH,0,2,0,580,0,0,Normal
0.0,tcp,dns,0,0,S1,0,2,0,128,0,1,Attack
0.0,other,unknown,0,0,OTH,0,1,0,60,0,0,Normal
2.944692,tcp,http,84,0,S1,0,14,0,560,0,1,Attack
0.006619,tcp,unknown,4,12,RSTR,0,2,2,88,80,1,Attack
1.914484,udp,dns,0,0,OTH,0,10,0,280,0,1,Attack
1e-06,udp,unknown,496,0,OTH,0,2,0,580,0,0,Normal
0.0,tcp,dns,0,0,S1,0,2,0,128,0,1,Attack
0.963067,tcp,unknown,119334,0,OTH,0,128,128,126246,7680,0,Normal
0.98293,tcp,unknown,107576,0,OTH,0,124,124,114272,7440,0,Normal
0.642742,tcp,unknown,136730,1320,S1,0,120,72,143238,5608,0,Normal
1.929492,udp,dns,0,0,OTH,0,10,0,280,0,1,Attack
2.928519,tcp,http,84,0,S1,0,14,0,560,0,1,Attack
0.251469,udp,unknown,658,0,OTH,0,4,0,826,0,0,Normal
0.496081,udp,unknown,486,0,OTH,0,6,0,738,0,0,Normal
0.949764,tcp,unknown,58494,0,OTH,0,74,74,62490,4440,0,Normal
0.941294,tcp,unknown,64570,0,OTH,0,86,86,69214,5160,0,Normal
0.977352,tcp,unknown,91688,0,OTH,0,108,106,97520,6360,0,Normal
0.500687,udp,unknown,820,0,OTH,0,6,0,1072,0,0,Normal
0.981219,tcp,unknown,58924,0,OTH,0,76,76,63028,4560,0,Normal
92.993868,tcp,dns,0,0,S1,0,4,0,256,0,1,Attack
0.0,udp,unknown,496,0,OTH,0,2,0,580,0,0,Normal
1e-06,tcp,dns,0,0,S1,0,2,0,128,0,1,Attack
1e-06,udp,dhcp,1480,0,OTH,0,2,0,1564,0,0,Normal
2.934575,tcp,http,84,0,S1,0,14,0,560,0,1,Attack
1.902975,udp,dns,0,0,OTH,0,10,0,280,0,1,Attack
0.0,tcp,dns,0,0,S1,0,2,0,128,0,1,Attack
2.948486,tcp,http,84,0,S1,0,14,0,560,0,1,Attack
1e-06,udp,unknown,496,0,OTH,0,2,0,580,0,0,Normal
0.0,tcp,ssl,0,0,S1,0,2,0,120,0,1,Attack
0.96097,tcp,unknown,57838,0,OTH,0,76,76,61942,4560,0,Normal
0.0,other,unknown,0,0,OTH,0,1,0,60,0,0,Normal
1e-06,udp,unknown,86,0,OTH,0,2,0,170,0,0,Normal
0.0,tcp,ssl,0,0,S1,0,2,0,120,0,1,Attack
1.914641,udp,dns,0,0,OTH,0,10,0,280,0,1,Attack
0.0,other,unknown,0,0,OTH,0,1,0,60,0,0,Normal
0.0,tcp,dns,0,0,S1,0,2,0,128,0,1,Attack
1.901608,udp,dns,0,0,OTH,0,10,0,280,0,1,Attack
1e-06,udp,unknown,496,0,OTH,0,2,0,580,0,0,Normal
0.969737,tcp,unknown,113694,0,OTH,0,128,128,120606,7680,0,Normal
122.042662,tcp,dns,0,0,S1,0,4,0,256,0,1,Attack
95.020617,tcp,dns,0,0,S1,0,4,0,256,0,1,Attack
0.993875,tcp,unknown,75210,0,OTH,0,98,98,80502,5880,0,Normal
0.696773,tcp,unknown,54364,0,RSTO,0,62,56,57712,3360,0,Normal
1.92147,udp,dns,0,0,OTH,0,10,0,280,0,1,Attack
0.0,tcp,dns,0,0,S1,0,2,0,128,0,1,Attack
0.0,udp,unknown,496,0,OTH,0,2,0,580,0,0,Normal
0.057379,tcp,unknown,4,12,RSTR,0,2,2,88,80,1,Attack
0.0,tcp,ssl,0,0,S1,0,2,0,120,0,1,Attack
0.9814,tcp,unknown,55452,0,OTH,0,74,74,59448,4440,0,Normal
2.912354,tcp,http,84,0,S1,0,14,0,560,0,1,Attack
0.979217,tcp,unknown,105816,0,OTH,0,126,126,112620,7560,0,Normal
0.0,udp,unknown,496,0,OTH,0,2,0,580,0,0,Normal
0.0,tcp,dns,0,0,S1,0,2,0,128,0,1,Attack
2.906574,tcp,http,84,0,S1,0,14,0,560,0,1,Attack
1.936188,udp,dns,0,0,OTH,0,10,0,280,0,1,Attack
3.423605,tcp,http,96,0,S1,0,16,0,640,0,1,Attack
0.744123,udp,unknown,982,0,OTH,0,8,0,1318,0,0,Normal
0.969824,tcp,unknown,104004,0,OTH,0,118,118,110376,7080,0,Normal
109.980613,tcp,dns,0,0,S1,0,4,0,256,0,1,Attack
1.892542,udp,dns,0,0,OTH,0,10,0,280,0,1,Attack
156.879599,tcp,dns,0,0,S1,0,4,0,256,0,1,Attack
3.423354,tcp,http,90,0,S1,0,15,0,600,0,1,Attack
176.006265,tcp,dns,0,0,S1,0,4,0,256,0,1,Attack
0.934118,tcp,unknown,84876,0,OTH,0,92,90,89844,5400,0,Normal
1e-06,udp,unknown,496,0,OTH,0,2,0,580,0,0,Normal
0.0,tcp,dns,0,0,S1,0,2,0,128,0,1,Attack
0.958581,tcp,unknown,65178,0,OTH,0,84,84,69714,5040,0,Normal
0.0,tcp,dns,0,0,S1,0,2,0,128,0,1,Attack
0.0,tcp,ssl,0,0,S1,0,2,0,120,0,1,Attack
1e-06,tcp,dns,0,0,S1,0,2,0,128,0,1,Attack
0.989958,tcp,unknown,41578,0,OTH,0,68,68,45250,4080,0,Normal
0.327568,other,unknown,0,0,OTH,0,2,0,120,0,0,Normal
0.091117,other,unknown,0,0,OTH,0,2,0,120,0,0,Normal
1.89243,udp,dns,0,0,OTH,0,10,0,280,0,1,Attack
0.980451,tcp,unknown,117328,0,OTH,0,128,128,124240,7680,0,Normal
0.988939,tcp,unknown,89670,0,OTH,0,114,114,95826,6840,0,Normal
2.945089,tcp,http,84,0,S1,0,14,0,560,0,1,Attack
1.889355,udp,dns,0,0,OTH,0,10,0,280,0,1,Attack
0.0,tcp,dns,0,0,S1,0,2,0,128,0,1,Attack
0.562931,other,unknown,0,0,OTH,0,2,0,120,0,0,Normal
0.0,tcp,dns,0,0,S1,0,2,0,128,0,1,Attack
0.0,tcp,dns,0,0,S1,0,2,0,128,0,1,Attack
1e-06,udp,unknown,496,0,OTH,0,2,0,580,0,0,Normal
0.0,other,unknown,0,0,OTH,0,1,0,60,0,0,Normal
0.500396,udp,unknown,486,0,OTH,0,6,0,738,0,0,Normal
1e-06,udp,unknown,496,0,OTH,0,2,0,580,0,0,Normal
67.867793,tcp,dns,0,0,S1,0,4,0,256,0,1,Attack
0.0,tcp,dns,0,0,S1,0,2,0,128,0,1,Attack
0.0,tcp,ssl,0,0,S1,0,2,0,120,0,1,Attack
0.97655,tcp,unknown,109146,0,OTH,0,122,116,115734,6960,0,Normal
2.939163,tcp,http,84,0,S1,0,14,0,560,0,1,Attack
0.966656,tcp,unknown,104400,0,OTH,0,122,122,110988,7320,0,Normal
3.426933,tcp,http,96,0,S1,0,16,0,640,0,1,Attack
3.423912,tcp,http,90,0,S1,0,15,0,600,0,1,Attack
0.961853,tcp,unknown,73816,0,OTH,0,92,94,78784,5640,0,Normal
2.928713,tcp,http,84,0,S1,0,14,0,560,0,1,Attack
1.93193,udp,dns,0,0,OTH,0,10,0,280,0,1,Attack
2.927244,tcp,http,84,0,S1,0,14,0,560,0,1,Attack
0.444059,tcp,unknown,169756,1320,S1,0,134,74,177020,5728,0,Normal
2.939949,tcp,http,84,0,S1,0,14,0,560,0,1,Attack
1.921095,udp,dns,0,0,OTH,0,10,0,280,0,1,Attack
0.985964,tcp,unknown,64968,0,OTH,0,78,78,69180,4680,0,Normal
0.942418,tcp,unknown,68534,0,OTH,0,88,88,73286,5280,0,Normal
0.507816,udp,unknown,820,0,OTH,0,6,0,1072,0,0,Normal
1.914756,udp,dns,0,0,OTH,0,10,0,280,0,1,Attack
0.111766,udp,unknown,582,0,OTH,0,4,0,750,0,0,Normal
0.295552,other,unknown,0,0,OTH,0,2,0,120,0,0,Normal
0.0,tcp,ssl,0,0,S1,0,2,0,120,0,1,Attack
3.429595,tcp,http,96,0,S1,0,16,0,640,0,1,Attack
1e-06,udp,unknown,86,0,OTH,0,2,0,170,0,0,Normal
0.251296,udp,unknown,658,0,OTH,0,4,0,826,0,0,Normal
1.910987,udp,dns,0,0,OTH,0,10,0,280,0,1,Attack
11.004358,tcp,dns,0,0,S1,0,4,0,256,0,1,Attack
0.0,tcp,dns,0,0,S1,0,2,0,128,0,1,Attack
0.0,other,unknown,0,0,OTH,0,1,0,60,0,0,Normal
0.164408,other,unknown,0,0,OTH,0,2,0,120,0,0,Normal
0.965985,tcp,unknown,49184,0,OTH,0,72,72,53072,4320,0,Normal
0.966698,tcp,unknown,73478,0,OTH,0,96,96,78662,5760,0,Normal
1e-06,udp,unknown,496,0,OTH,0,2,0,580,0,0,Normal
1e-06,tcp,ssl,0,0,S1,0,2,0,120,0,1,Attack
1e-06,udp,unknown,496,0,OTH,0,2,0,580,0,0,Normal
0.045816,tcp,unknown,4,12,RSTR,0,2,2,88,80,1,Attack
0.969847,tcp,unknown,112870,0,OTH,0,120,118,119350,7080,0,Normal
1.932163,udp,dns,0,0,OTH,0,10,0,280,0,1,Attack
2.907042,tcp,http,84,0,S1,0,14,0,560,0,1,Attack
1e-06,tcp,dns,0,0,S1,0,2,0,128,0,1,Attack
0.0,tcp,ssl,0,0,S1,0,2,0,120,0,1,Attack
0.0,tcp,ssl,0,0,S1,0,2,0,120,0,1,Attack
0.500621,udp,unknown,820,0,OTH,0,6,0,1072,0,0,Normal
1e-06,udp,unknown,496,0,OTH,0,2,0,580,0,0,Normal
0.0,tcp,dns,0,0,S1,0,2,0,128,0,1,Attack
0.964459,tcp,unknown,74856,0,OTH,0,100,100,80256,6000,0,Normal
1.911497,udp,dns,0,0,OTH,0,10,0,280,0,1,Attack
0.980881,tcp,unknown,73562,0,OTH,0,92,92,78530,5520,0,Normal
1.89237,udp,dns,0,0,OTH,0,10,0,280,0,1,Attack
0.251167,udp,unknown,658,0,OTH,0,4,0,826,0,0,Normal
0.0,tcp,ssl,0,0,S1,0,2,0,120,0,1,Attack
0.966863,tcp,unknown,85770,0,OTH,0,100,100,91170,6000,0,Normal
0.26664,other,unknown,0,0,OTH,0,2,0,120,0,0,Normal
0.199045,tcp,unknown,10468,0,RSTO,0,18,16,11452,960,0,Normal
1e-06,udp,unknown,496,0,OTH,0,2,0,580,0,0,Normal
1e-06,udp,unknown,496,0,OTH,0,2,0,580,0,0,Normal
0.955108,tcp,unknown,93858,0,OTH,0,104,104,99474,6240,0,Normal
1e-06,tcp,unknown,0,0,S1,0,0,2,0,148,0,Normal
0.778633,udp,unknown,982,0,OTH,0,8,0,1318,0,0,Normal
0.964522,tcp,unknown,77658,0,OTH,0,86,86,82302,5160,0,Normal
2.907703,tcp,http,84,0,S1,0,14,0,560,0,1,Attack
0.991399,tcp,unknown,78436,0,OTH,0,110,110,84376,6600,0,Normal
1.914398,udp,dns,0,0,OTH,0,10,0,280,0,1,Attack
0.973442,tcp,unknown,92210,0,OTH,0,102,102,97718,6120,0,Normal
1.915323,udp,dns,0,0,OTH,0,10,0,280,0,1,Attack
0.958194,tcp,unknown,79288,0,OTH,0,104,102,84904,6120,0,Normal
1.91499,udp,dns,0,0,OTH,0,10,0,280,0,1,Attack
0.0,tcp,dns,0,0,S1,0,2,0,128,0,1,Attack
0.96406,tcp,unknown,111926,0,OTH,0,118,118,118298,7080,0,Normal
0.0,other,unknown,0,0,OTH,0,1,0,60,0,0,Normal
2.934702,tcp,http,84,0,S1,0,14,0,560,0,1,Attack
0.038073,tcp,unknown,4,12,RSTR,0,2,2,88,80,1,Attack
0.990358,tcp,unknown,76946,0,OTH,0,96,96,82130,5760,0,Normal
2.944383,tcp,http,84,0,S1,0,14,0,560,0,1,Attack
0.0,tcp,ssl,0,0,S1,0,2,0,120,0,1,Attack
1e-06,tcp,ssl,0,0,S1,0,2,0,120,0,1,Attack
0.0,udp,unknown,496,0,OTH,0,2,0,580,0,0,Normal
0.0,tcp,ssl,0,0,S1,0,2,0,120,0,1,Attack
0.004796,tcp,unknown,1132,1062,SF,0,18,14,2084,1806,1,Attack
0.9538,tcp,unknown,93038,0,OTH,0,112,112,99086,6720,0,Normal
0.983725,tcp,unknown,70780,0,OTH,0,88,88,75532,5280,0,Normal
0.974856,tcp,unknown,94212,0,OTH,0,110,110,100152,6600,0,Normal
0.0,tcp,dns,0,0,S1,0,2,0,128,0,1,Attack
0.0,tcp,dns,0,0,S1,0,2,0,128,0,1,Attack
0.49951,udp,unknown,486,0,OTH,0,6,0,738,0,0,Normal
0.501143,udp,unknown,870,0,OTH,0,8,0,1206,0,0,Normal
0.0,tcp,dns,0,0,S1,0,2,0,128,0,1,Attack
0.0,tcp,dns,0,0,S1,0,2,0,128,0,1,Attack
0.0,tcp,dns,0,0,S1,0,2,0,128,0,1,Attack
1e-06,udp,dhcp,1480,0,OTH,0,2,0,1564,0,0,Normal
1e-06,tcp,dns,0,0,S1,0,2,0,128,0,1,Attack
1e-06,tcp,ssl,0,0,S1,0,2,0,120,0,1,Attack
0.0,other,unknown,0,0,OTH,0,1,0,60,0,0,Normal
1e-06,udp,unknown,496,0,OTH,0,2,0,580,0,0,Normal
0.0,udp,unknown,496,0,OTH,0,2,0,580,0,0,Normal
1.901082,udp,dns,0,0,OTH,0,10,0,280,0,1,Attack
1.905508,udp,dns,0,0,OTH,0,10,0,280,0,1,Attack
2.928833,tcp,http,84,0,S1,0,14,0,560,0,1,Attack
3.428074,tcp,http,96,0,S1,0,16,0,640,0,1,Attack
0.993852,tcp,unknown,88740,0,OTH,0,104,94,94356,5640,0,Normal
0.948997,tcp,unknown,81300,0,OTH,0,102,102,86808,6120,0,Normal
3.424368,tcp,http,96,0,S1,0,16,0,640,0,1,Attack
2.936101,tcp,http,84,0,S1,0,14,0,560,0,1,Attack
0.0,tcp,dns,0,0,S1,0,2,0,128,0,1,Attack
0.0,tcp,dns,0,0,S1,0,2,0,128,0,1,Attack
0.970521,tcp,unknown,108270,0,OTH,0,118,116,114642,6960,0,Normal
0.0,tcp,dns,0,0,S1,0,2,0,128,0,1,Attack
2.946719,tcp,http,84,0,S1,0,14,0,560,0,1,Attack
0.228227,other,unknown,0,0,OTH,0,2,0,120,0,0,Normal
1e-06,udp,unknown,496,0,OTH,0,2,0,580,0,0,Normal
0.0,other,unknown,0,0,OTH,0,1,0,60,0,0,Normal
2.9259,tcp,http,84,0,S1,0,14,0,560,0,1,Attack
0.008168,tcp,unknown,246,6284,SF,0,14,12,990,6924,1,Attack
1e-06,udp,unknown,496,0,OTH,0,2,0,580,0,0,Normal
0.967211,tcp,unknown,77270,0,OTH,0,102,100,82778,6000,0,Normal
1.903776,udp,dns,0,0,OTH,0,10,0,280,0,1,Attack
0.497029,tcp,unknown,38662,0,RSTO,0,46,44,41158,2640,0,Normal
0.0,udp,unknown,496,0,OTH,0,2,0,580,0,0,Normal
0.0,tcp,ssl,0,0,S1,0,2,0,120,0,1,Attack
0.0,tcp,dns,0,0,S1,0,2,0,128,0,1,Attack
1.901979,udp,dns,0,0,OTH,0,10,0,280,0,1,Attack
0.0,tcp,dns,0,0,S1,0,2,0,128,0,1,Attack
1e-06,tcp,ssl,0,0,S1,0,2,0,120,0,1,Attack
2.916122,tcp,http,84,0,S1,0,14,0,560,0,1,Attack
0.994369,tcp,unknown,145646,0,OTH,0,144,142,153422,8520,0,Normal
0.686604,other,unknown,0,0,OTH,0,2,0,120,0,0,Normal
0.964832,tcp,unknown,78942,0,OTH,0,102,102,84450,6120,0,Normal
0.0,tcp,ssl,0,0,S1,0,2,0,120,0,1,Attack
2.91887,tcp,http,84,0,S1,0,14,0,560,0,1,Attack
0.004165,tcp,unknown,1132,1062,SF,0,16,12,1980,1702,1,Attack
0.968733,tcp,unknown,125956,0,OTH,0,130,130,132976,7800,0,Normal
0.988643,tcp,unknown,83274,0,OTH,0,94,94,88350,5640,0,Normal
1e-06,udp,dhcp,1480,0,OTH,0,2,0,1564,0,0,Normal
0.0,udp,unknown,274,0,OTH,0,2,0,358,0,0,Normal
0.0,other,unknown,0,0,OTH,0,1,0,60,0,0,Normal
0.0,tcp,ssl,0,0,S1,0,2,0,120,0,1,Attack
1e-06,tcp,dns,0,0,S1,0,2,0,128,0,1,Attack
0.0,udp,unknown,496,0,OTH,0,2,0,580,0,0,Normal
0.785706,udp,unknown,982,0,OTH,0,8,0,1318,0,0,Normal
1e-06,udp,unknown,496,0,OTH,0,2,0,580,0,0,Normal
1.41724,udp,dns,0,0,OTH,0,8,0,224,0,1,Attack
1.913799,udp,dns,0,0,OTH,0,10,0,280,0,1,Attack
0.990753,tcp,unknown,116892,0,OTH,0,122,120,123480,7200,0,Normal
0.0,tcp,dns,0,0,S1,0,2,0,128,0,1,Attack
1e-06,udp,unknown,496,0,OTH,0,2,0,580,0,0,Normal
0.930185,tcp,unknown,99828,0,OTH,0,120,120,106308,7200,0,Normal
0.0,tcp,dns,0,0,S1,0,2,0,128,0,1,Attack
0.988172,tcp,unknown,80502,0,OTH,0,98,98,85794,5880,0,Normal
1e-06,tcp,ssl,0,0,S1,0,2,0,120,0,1,Attack
0.965454,tcp,unknown,74094,0,OTH,0,102,102,79602,6120,0,Normal
0.955272,tcp,unknown,70178,0,OTH,0,94,94,75254,5640,0,Normal
2.905906,tcp,http,84,0,S1,0,14,0,560,0,1,Attack
2.944761,tcp,http,84,0,S1,0,14,0,560,0,1,Attack
1.926424,udp,dns,0,0,OTH,0,10,0,280,0,1,Attack
0.0,tcp,ssl,0,0,S1,0,2,0,120,0,1,Attack
0.98077,tcp,unknown,103282,0,OTH,0,116,116,109546,6960,0,Normal
0.020316,tcp,unknown,4,12,RSTR,0,2,2,88,80,1,Attack
0.0,tcp,dns,0,0,S1,0,2,0,128,0,1,Attack
3.424215,tcp,http,96,0,S1,0,16,0,640,0,1,Attack
0.0,other,unknown,0,0,OTH,0,1,0,60,0,0,Normal
1e-06,udp,unknown,496,0,OTH,0,2,0,580,0,0,Normal
0.755286,udp,unknown,820,0,OTH,0,6,0,1072,0,0,Normal
2.931813,tcp,http,84,0,S1,0,14,0,560,0,1,Attack
0.987759,tcp,unknown,77074,0,OTH,0,102,102,82582,6120,0,Normal
1e-06,udp,unknown,274,0,OTH,0,2,0,358,0,0,Normal
1e-06,tcp,ssl,0,0,S1,0,2,0,120,0,1,Attack
1.889237,udp,dns,0,0,OTH,0,10,0,280,0,1,Attack
1e-06,udp,unknown,496,0,OTH,0,2,0,580,0,0,Normal
0.990822,tcp,unknown,103724,0,OTH,0,118,116,110096,6960,0,Normal
0.0,other,unknown,0,0,OTH,0,1,0,60,0,0,Normal
0.989134,tcp,unknown,107292,0,OTH,0,116,114,113556,6840,0,Normal
0.953015,tcp,unknown,55572,0,OTH,0,84,84,60108,5040,0,Normal
0.648624,tcp,unknown,90676,0,RSTO,0,78,66,94888,3960,0,Normal
0.0,tcp,ssl,0,0,S1,0,2,0,120,0,1,Attack
0.0,other,unknown,0,0,OTH,0,1,0,60,0,0,Normal
111.04657,tcp,dns,0,0,S1,0,4,0,256,0,1,Attack
0.969237,tcp,unknown,109540,0,OTH,0,120,114,116020,6840,0,Normal
0.760357,udp,unknown,982,0,OTH,0,8,0,1318,0,0,Normal
0.02243,tcp,unknown,4,12,RSTR,0,2,2,88,80,1,Attack
2.945129,tcp,http,84,0,S1,0,14,0,560,0,1,Attack
3.424162,tcp,http,90,0,S1,0,15,0,600,0,1,Attack
0.755891,other,unknown,0,0,OTH,0,2,0,120,0,0,Normal
2.916858,tcp,http,84,0,S1,0,14,0,560,0,1,Attack
0.0,tcp,dns,0,0,S1,0,2,0,128,0,1,Attack
1e-06,udp,dhcp,1480,0,OTH,0,2,0,1564,0,0,Normal
1e-06,udp,unknown,496,0,OTH,0,2,0,580,0,0,Normal
1e-06,tcp,ssl,0,0,S1,0,2,0,120,0,1,Attack
0.0,other,unknown,0,0,OTH,0,1,0,60,0,0,Normal
1.893841,udp,dns,0,0,OTH,0,10,0,280,0,1,Attack
0.0,tcp,dns,0,0,S1,0,2,0,128,0,1,Attack
0.0,tcp,unknown,0,0,S1,0,0,2,0,148,0,Normal
0.99493,tcp,unknown,50018,0,OTH,0,74,74,54014,4440,0,Normal
1e-06,udp,unknown,496,0,OTH,0,2,0,580,0,0,Normal
0.0,tcp,ssl,0,0,S1,0,2,0,120,0,1,Attack
3.423442,tcp,http,96,0,S1,0,16,0,640,0,1,Attack
1.892502,udp,dns,0,0,OTH,0,10,0,280,0,1,Attack
1e-06,udp,dhcp,1480,0,OTH,0,2,0,1564,0,0,Normal
0.404181,other,unknown,0,0,OTH,0,2,0,120,0,0,Normal
0.3257,other,unknown,0,0,OTH,0,2,0,120,0,0,Normal
0.96433,tcp,unknown,55944,0,OTH,0,74,74,59940,4440,0,Normal
1e-06,udp,unknown,496,0,OTH,0,2,0,580,0,0,Normal
0.0,other,unknown,0,0,OTH,0,1,0,60,0,0,Normal
1e-06,udp,dhcp,1480,0,OTH,0,2,0,1564,0,0,Normal
0.98351,tcp,unknown,78134,0,OTH,0,96,96,83318,5760,0,Normal
0.0,other,unknown,0,0,OTH,0,1,0,60,0,0,Normal
0.941781,tcp,unknown,108700,0,OTH,0,126,124,115504,7440,0,Normal
2.944823,tcp,http,84,0,S1,0,14,0,560,0,1,Attack
0.0,other,unknown,0,0,OTH,0,1,0,60,0,0,Normal
235.485193,tcp,dns,0,0,S1,0,6,0,384,0,1,Attack
1e-06,udp,unknown,496,0,OTH,0,2,0,580,0,0,Normal
2.944583,tcp,http,84,0,S1,0,14,0,560,0,1,Attack
2.939015,tcp,http,84,0,S1,0,14,0,560,0,1,Attack
0.0,tcp,dns,0,0,S1,0,2,0,128,0,1,Attack
0.681225,tcp,unknown,43920,0,RSTO,0,58,54,47052,3240,0,Normal
0.0,tcp,dns,0,0,S1,0,2,0,128,0,1,Attack
1e-06,udp,dhcp,1480,0,OTH,0,2,0,1564,0,0,Normal
0.0,other,unknown,0,0,OTH,0,1,0,60,0,0,Normal
0.0,tcp,dns,0,0,S1,0,2,0,128,0,1,Attack
1.890972,udp,dns,0,0,OTH,0,10,0,280,0,1,Attack
0.0,other,unknown,0,0,OTH,0,1,0,60,0,0,Normal
2.920946,tcp,http,84,0,S1,0,14,0,560,0,1,Attack
1e-06,tcp,ssl,0,0,S1,0,2,0,120,0,1,Attack
3.423772,tcp,http,90,0,S1,0,15,0,600,0,1,Attack
0.973265,tcp,unknown,102052,0,OTH,0,120,114,108532,6840,0,Normal
0.924251,tcp,unknown,75626,0,OTH,0,100,100,81026,6000,0,Normal
0.0,tcp,dns,0,0,S1,0,2,0,128,0,1,Attack
0.0,tcp,dns,0,0,S1,0,2,0,128,0,1,Attack
1.891591,udp,dns,0,0,OTH,0,10,0,280,0,1,Attack
1e-06,udp,unknown,496,0,OTH,0,2,0,580,0,0,Normal
0.968297,tcp,unknown,58500,0,OTH,0,74,74,62496,4440,0,Normal
0.972558,tcp,unknown,103290,0,OTH,0,126,124,110094,7440,0,Normal
2.944409,tcp,http,84,0,S1,0,14,0,560,0,1,Attack
1.914789,udp,dns,0,0,OTH,0,10,0,280,0,1,Attack
0.982159,tcp,unknown,83592,0,OTH,0,114,114,89748,6840,0,Normal
0.0,tcp,ssl,0,0,S1,0,2,0,120,0,1,Attack
0.0,other,unknown,0,0,OTH,0,1,0,60,0,0,Normal
1.41471,udp,dns,0,0,OTH,0,8,0,224,0,1,Attack
0.0,tcp,ssl,0,0,S1,0,2,0,120,0,1,Attack
0.990444,tcp,unknown,100628,0,OTH,0,112,112,106676,6720,0,Normal
1.934545,udp,dns,0,0,OTH,0,10,0,280,0,1,Attack
0.980531,tcp,unknown,73274,0,OTH,0,96,96,78458,5760,0,Normal
1.914233,udp,dns,0,0,OTH,0,10,0,280,0,1,Attack
1.915811,udp,dns,0,0,OTH,0,10,0,280,0,1,Attack
0.0,tcp,dns,0,0,S1,0,2,0,128,0,1,Attack
0.980287,tcp,unknown,80606,0,OTH,0,104,104,86222,6240,0,Normal
0.964983,tcp,unknown,106804,0,OTH,0,118,118,113176,7080,0,Normal
2.941442,tcp,http,84,0,S1,0,14,0,560,0,1,Attack
0.961062,tcp,unknown,78842,0,OTH,0,98,96,84134,5760,0,Normal
0.986741,tcp,unknown,71158,0,OTH,0,96,96,76342,5760,0,Normal
0.0,tcp,dns,0,0,S1,0,2,0,128,0,1,Attack
0.964995,tcp,unknown,58246,0,OTH,0,76,76,62350,4560,0,Normal
0.0,other,unknown,0,0,OTH,0,1,0,60,0,0,Normal
0.0,tcp,dns,0,0,S1,0,2,0,128,0,1,Attack
0.0,other,unknown,0,0,OTH,0,1,0,60,0,0,Normal
0.889323,udp,unknown,486,0,OTH,0,6,0,738,0,0,Normal
0.939801,tcp,unknown,107234,0,OTH,0,120,120,113714,7200,0,Normal
0.95018,tcp,unknown,68598,0,OTH,0,88,88,73350,5280,0,Normal
1.8e-05,tcp,ssl,0,0,S1,0,2,0,120,0,1,Attack
0.0,udp,unknown,496,0,OTH,0,2,0,580,0,0,Normal
1e-06,tcp,unknown,0,0,S1,0,0,2,0,148,0,Normal
0.0,tcp,dns,0,0,S1,0,2,0,128,0,1,Attack
0.998935,tcp,unknown,69700,0,OTH,0,82,84,74128,5040,0,Normal
0.944461,tcp,unknown,60016,0,OTH,0,82,82,64444,4920,0,Normal
0.0,tcp,dns,0,0,S1,0,2,0,128,0,1,Attack
0.930974,tcp,unknown,61632,0,OTH,0,82,82,66060,4920,0,Normal
0.960056,tcp,unknown,102060,0,OTH,0,120,120,108540,7200,0,Normal
0.0,udp,unknown,274,0,OTH,0,2,0,358,0,0,Normal
1e-06,udp,unknown,162,0,OTH,0,2,0,246,0,0,Normal
0.0,other,unknown,0,0,OTH,0,1,0,60,0,0,Normal
1e-06,udp,unknown,496,0,OTH,0,2,0,580,0,0,Normal
0.0,tcp,dns,0,0,S1,0,2,0,128,0,1,Attack
0.96395,tcp,unknown,97962,0,OTH,0,118,118,104334,7080,0,Normal
0.0,tcp,ssl,0,0,S1,0,2,0,120,0,1,Attack
1.892191,udp,dns,0,0,OTH,0,10,0,280,0,1,Attack
1e-06,tcp,dns,0,0,S1,0,2,0,128,0,1,Attack
1.914275,udp,dns,0,0,OTH,0,10,0,280,0,1,Attack
3.431484,tcp,http,96,0,S1,0,16,0,640,0,1,Attack
0.96313,tcp,unknown,45134,0,OTH,0,70,70,48914,4200,0,Normal
0.982503,tcp,unknown,73642,0,OTH,0,92,92,78610,5520,0,Normal
0.964999,tcp,unknown,72216,0,OTH,0,94,94,77292,5640,0,Normal
0.0,udp,unknown,274,0,OTH,0,2,0,358,0,0,Normal
0.054859,tcp,unknown,4,12,RSTR,0,2,2,88,80,1,Attack
0.990853,tcp,unknown,83230,0,OTH,0,108,108,89062,6480,0,Normal
0.0,other,unknown,0,0,OTH,0,1,0,60,0,0,Normal
1e-06,tcp,ssl,0,0,S1,0,2,0,120,0,1,Attack
0.006807,tcp,http,0,12,RSTR,0,2,2,120,80,1,Attack
0.002332,udp,unknown,778,0,OTH,0,8,0,1114,0,0,Normal
0.962477,tcp,unknown,32234,0,OTH,0,62,62,35582,3720,0,Normal
0.32415,other,unknown,0,0,OTH,0,2,0,120,0,0,Normal
1e-06,udp,unknown,496,0,OTH,0,2,0,580,0,0,Normal
0.980587,tcp,unknown,105124,0,OTH,0,102,102,110632,6120,0,Normal
0.021296,tcp,unknown,4,12,RSTR,0,2,2,88,80,1,Attack
0.250691,udp,unknown,658,0,OTH,0,4,0,826,0,0,Normal
0.0,tcp,ssl,0,0,S1,0,2,0,120,0,1,Attack
1e-06,udp,unknown,496,0,OTH,0,2,0,580,0,0,Normal
1.915901,udp,dns,0,0,OTH,0,10,0,280,0,1,Attack
0.963671,tcp,unknown,107920,0,OTH,0,124,122,114616,7320,0,Normal
0.979184,tcp,unknown,107980,0,OTH,0,126,126,114784,7560,0,Normal
0.95768,tcp,unknown,115242,0,OTH,0,124,124,121938,7440,0,Normal
0.0,tcp,dns,0,0,S1,0,2,0,128,0,1,Attack
1.915913,udp,dns,0,0,OTH,0,10,0,280,0,1,Attack
1e-06,udp,unknown,496,0,OTH,0,2,0,580,0,0,Normal
0.0,tcp,ssl,0,0,S1,0,2,0,120,0,1,Attack
1e-06,udp,unknown,162,0,OTH,0,2,0,246,0,0,Normal
0.0,tcp,dns,0,0,S1,0,2,0,128,0,1,Attack
0.963288,tcp,unknown,103338,0,OTH,0,118,116,109710,6960,0,Normal
0.0,tcp,ssl,0,0,S1,0,2,0,120,0,1,Attack
1e-06,udp,dhcp,1480,0,OTH,0,2,0,1564,0,0,Normal
0.966435,tcp,unknown,100998,0,OTH,0,118,116,107370,6960,0,Normal
0.0,tcp,ssl,0,0,S1,0,2,0,120,0,1,Attack
0.009888,tcp,unknown,4,12,RSTR,0,2,2,88,80,1,Attack
2.946958,tcp,http,84,0,S1,0,14,0,560,0,1,Attack
0.967585,tcp,unknown,79602,0,OTH,0,102,102,85110,6120,0,Normal
2.941647,tcp,http,84,0,S1,0,14,0,560,0,1,Attack
0.499712,udp,unknown,486,0,OTH,0,6,0,738,0,0,Normal
2.936998,tcp,http,84,0,S1,0,14,0,560,0,1,Attack
1.889243,udp,dns,0,0,OTH,0,10,0,280,0,1,Attack
0.0,tcp,dns,0,0,S1,0,2,0,128,0,1,Attack
0.968943,tcp,unknown,20694,0,OTH,0,72,72,24582,4320,0,Normal
1e-06,udp,unknown,496,0,OTH,0,2,0,580,0,0,Normal
0.945844,tcp,unknown,69914,0,OTH,0,88,88,74666,5280,0,Normal
0.978862,tcp,unknown,84616,0,OTH,0,94,94,89692,5640,0,Normal
0.0,other,unknown,0,0,OTH,0,1,0,60,0,0,Normal
351.175969,other,unknown,3588,0,OTH,0,138,0,4278,0,1,Attack
0.19844,udp,unknown,582,0,OTH,0,4,0,750,0,0,Normal
152.967174,tcp,dns,0,0,S1,0,4,0,256,0,1,Attack
0.033771,tcp,unknown,4,12,RSTR,0,2,2,88,80,1,Attack
0.007356,tcp,unknown,4,12,RSTR,0,2,2,88,80,1,Attack
3.42835,tcp,http,96,0,S1,0,16,0,640,0,1,Attack
0.795093,other,unknown,0,0,OTH,0,3,0,180,0,0,Normal
0.977744,tcp,unknown,114934,0,OTH,0,134,134,122170,8040,0,Normal
1.889517,udp,dns,0,0,OTH,0,10,0,280,0,1,Attack
0.984143,tcp,unknown,81290,0,OTH,0,108,108,87122,6480,0,Normal
0.0,tcp,dns,0,0,S1,0,2,0,128,0,1,Attack
0.0,tcp,dns,0,0,S1,0,2,0,128,0,1,Attack
0.753114,udp,unknown,982,0,OTH,0,8,0,1318,0,0,Normal
0.263775,udp,unknown,324,0,OTH,0,4,0,492,0,0,Normal
0.0,tcp,ssl,0,0,S1,0,2,0,120,0,1,Attack
0.97349,tcp,unknown,116486,0,OTH,0,124,122,123182,7320,0,Normal
0.0,tcp,dns,0,0,S1,0,2,0,128,0,1,Attack
2.923473,tcp,http,84,0,S1,0,14,0,560,0,1,Attack
1.41795,udp,dns,0,0,OTH,0,8,0,224,0,1,Attack
0.0,tcp,dns,0,0,S1,0,2,0,128,0,1,Attack
0.052084,other,unknown,0,0,OTH,0,2,0,120,0,0,Normal
1e-06,tcp,ssl,0,0,S1,0,2,0,120,0,1,Attack
0.978328,tcp,unknown,112174,0,OTH,0,120,120,118654,7200,0,Normal
2.944652,tcp,http,84,0,S1,0,14,0,560,0,1,Attack
0.0,tcp,dns,0,0,S1,0,2,0,128,0,1,Attack
0.958924,tcp,unknown,108234,0,OTH,0,112,108,114282,6480,0,Normal
0.041733,tcp,unknown,4186,0,RSTO,0,6,4,4510,240,0,Normal
1.91456,udp,dns,0,0,OTH,0,10,0,280,0,1,Attack
3.429557,tcp,http,96,0,S1,0,16,0,640,0,1,Attack
0.968475,tcp,unknown,107026,0,OTH,0,122,120,113614,7200,0,Normal
1e-06,tcp,dns,0,0,S1,0,2,0,128,0,1,Attack
128.393426,tcp,dns,0,0,S1,0,6,0,384,0,1,Attack
1.418146,udp,dns,0,0,OTH,0,8,0,224,0,1,Attack
3.42397,tcp,http,96,0,S1,0,16,0,640,0,1,Attack
0.963881,tcp,unknown,109174,0,OTH,0,120,120,115654,7200,0,Normal
0.0,tcp,dns,0,0,S1,0,2,0,128,0,1,Attack
3.425665,tcp,http,90,0,S1,0,15,0,600,0,1,Attack
1e-06,udp,unknown,496,0,OTH,0,2,0,580,0,0,Normal
0.981583,tcp,unknown,55462,0,OTH,0,80,80,59782,4800,0,Normal
0.96565,tcp,unknown,62386,0,OTH,0,84,84,66922,5040,0,Normal
0.96628,tcp,unknown,73658,0,OTH,0,96,96,78842,5760,0,Normal
0.0,tcp,ssl,0,0,S1,0,2,0,120,0,1,Attack
0.004077,tcp,unknown,1132,1062,SF,0,16,12,1980,1702,1,Attack
0.968306,tcp,unknown,102370,0,OTH,0,120,120,108850,7200,0,Normal
0.0,other,unknown,0,0,OTH,0,1,0,60,0,0,Normal
0.975786,tcp,unknown,75198,0,OTH,0,93,94,80220,5640,0,Normal
0.0,udp,unknown,496,0,OTH,0,2,0,580,0,0,Normal
0.0,udp,unknown,274,0,OTH,0,2,0,358,0,0,Normal
0.0,tcp,ssl,0,0,S1,0,2,0,120,0,1,Attack
0.0,other,unknown,0,0,OTH,0,1,0,60,0,0,Normal
0.0,tcp,dns,0,0,S1,0,2,0,128,0,1,Attack
0.948884,tcp,unknown,101806,0,OTH,0,116,116,108070,6960,0,Normal
209.655508,tcp,dns,0,0,S1,0,6,0,384,0,1,Attack
0.75302,udp,unknown,982,0,OTH,0,8,0,1318,0,0,Normal
1e-06,udp,unknown,496,0,OTH,0,2,0,580,0,0,Normal
0.963688,tcp,unknown,62646,0,OTH,0,86,86,67290,5160,0,Normal
0.959319,tcp,unknown,77694,0,OTH,0,104,104,83310,6240,0,Normal
0.947678,tcp,unknown,94492,0,OTH,0,104,100,100108,6000,0,Normal
2.917287,tcp,http,84,0,S1,0,14,0,560,0,1,Attack
0.0,tcp,dns,0,0,S1,0,2,0,128,0,1,Attack
165.057099,tcp,dns,0,0,S1,0,4,0,256,0,1,Attack
2.906537,tcp,http,84,0,S1,0,14,0,560,0,1,Attack
0.0,other,unknown,0,0,OTH,0,1,0,60,0,0,Normal
1e-06,udp,unknown,496,0,OTH,0,2,0,580,0,0,Normal
0.989971,tcp,unknown,49650,0,OTH,0,74,74,53646,4440,0,Normal
0.0,tcp,ssl,0,0,S1,0,2,0,120,0,1,Attack
1e-06,udp,unknown,496,0,OTH,0,2,0,580,0,0,Normal
0.0,tcp,dns,0,0,S1,0,2,0,128,0,1,Attack
0.0,other,unknown,0,0,OTH,0,1,0,60,0,0,Normal
0.0,other,unknown,0,0,OTH,0,1,0,60,0,0,Normal
1e-06,udp,unknown,496,0,OTH,0,2,0,580,0,0,Normal
0.960268,tcp,unknown,74060,0,OTH,0,98,98,79352,5880,0,Normal
0.0,tcp,dns,0,0,S1,0,2,0,128,0,1,Attack
1.90162,udp,dns,0,0,OTH,0,10,0,280,0,1,Attack
0.943762,tcp,unknown,75988,0,OTH,0,98,98,81280,5880,0,Normal
0.994512,tcp,unknown,106756,0,OTH,0,124,124,113452,7440,0,Normal
0.0,tcp,ssl,0,0,S1,0,2,0,120,0,1,Attack
0.020645,tcp,unknown,4,12,RSTR,0,2,2,88,80,1,Attack
0.974093,tcp,unknown,49768,0,OTH,0,72,72,53656,4320,0,Normal
0.956266,tcp,unknown,51322,0,OTH,0,70,70,55102,4200,0,Normal
0.977694,tcp,unknown,82050,0,OTH,0,100,100,87450,6000,0,Normal
0.004664,tcp,unknown,1762,930,SF,0,16,12,2610,1570,1,Attack
1.9e-05,tcp,ssl,0,0,S1,0,2,0,120,0,1,Attack
1e-06,udp,unknown,496,0,OTH,0,2,0,580,0,0,Normal
0.0,other,unknown,0,0,OTH,0,1,0,60,0,0,Normal
1.915589,udp,dns,0,0,OTH,0,10,0,280,0,1,Attack
1e-06,tcp,ssl,0,0,S1,0,2,0,120,0,1,Attack
0.962536,tcp,unknown,62114,0,OTH,0,82,82,66542,4920,0,Normal
0.981761,tcp,unknown,115786,0,OTH,0,126,124,122590,7440,0,Normal
1e-06,udp,unknown,496,0,OTH,0,2,0,580,0,0,Normal
0.985618,tcp,unknown,110946,0,OTH,0,120,114,117426,6840,0,Normal
0.977224,tcp,unknown,72092,0,OTH,0,98,98,77384,5880,0,Normal
1e-06,tcp,dns,0,0,S1,0,2,0,128,0,1,Attack
0.991163,tcp,unknown,111392,0,OTH,0,122,120,117980,7200,0,Normal
3.6e-05,tcp,ssl,0,0,S1,0,2,0,120,0,1,Attack
0.970267,tcp,unknown,71180,0,OTH,0,94,94,76256,5640,0,Normal
0.970228,tcp,unknown,69190,0,OTH,0,100,100,74590,6000,0,Normal
0.94587,tcp,unknown,86974,0,OTH,0,98,98,92266,5880,0,Normal
0.979526,tcp,unknown,75494,0,OTH,0,100,100,80894,6000,0,Normal
1.891285,udp,dns,0,0,OTH,0,10,0,280,0,1,Attack
3.424183,tcp,http,96,0,S1,0,16,0,640,0,1,Attack
1.904576,udp,dns,0,0,OTH,0,10,0,280,0,1,Attack
0.0,tcp,dns,0,0,S1,0,2,0,128,0,1,Attack
0.959505,tcp,unknown,70232,0,OTH,0,92,90,75200,5400,0,Normal
1.905288,udp,dns,0,0,OTH,0,10,0,280,0,1,Attack
0.960533,tcp,unknown,56998,0,OTH,0,72,72,60886,4320,0,Normal
0.948401,tcp,unknown,48094,0,OTH,0,74,74,52090,4440,0,Normal
121.077028,tcp,dns,0,0,S1,0,4,0,256,0,1,Attack
1e-06,udp,dhcp,1480,0,OTH,0,2,0,1564,0,0,Normal
0.98615,tcp,unknown,111000,0,OTH,0,122,120,117588,7200,0,Normal
0.0,tcp,ssl,0,0,S1,0,2,0,120,0,1,Attack
0.980051,tcp,unknown,80838,0,OTH,0,98,98,86130,5880,0,Normal
0.9765,tcp,unknown,68892,0,OTH,0,94,94,73968,5640,0,Normal
0.963237,tcp,unknown,71436,0,OTH,0,96,96,76620,5760,0,Normal
0.985843,tcp,unknown,96060,0,OTH,0,116,116,102324,6960,0,Normal
0.751372,udp,unknown,982,0,OTH,0,8,0,1318,0,0,Normal
0.967779,tcp,unknown,68670,0,OTH,0,88,88,73422,5280,0,Normal
3.428118,tcp,http,96,0,S1,0,16,0,640,0,1,Attack
1.890477,udp,dns,0,0,OTH,0,10,0,280,0,1,Attack
0.968574,tcp,unknown,67230,0,OTH,0,90,90,72090,5400,0,Normal
1.927275,udp,dns,0,0,OTH,0,10,0,280,0,1,Attack
0.978197,tcp,unknown,106498,0,OTH,0,124,124,113194,7440,0,Normal
0.966824,tcp,unknown,112438,0,OTH,0,126,124,119242,7440,0,Normal
1.895381,udp,dns,0,0,OTH,0,10,0,280,0,1,Attack
2.944729,tcp,http,84,0,S1,0,14,0,560,0,1,Attack
0.0,tcp,ssl,0,0,S1,0,2,0,120,0,1,Attack
1.922099,udp,dns,0,0,OTH,0,10,0,280,0,1,Attack
0.0,other,unknown,0,0,OTH,0,1,0,60,0,0,Normal
0.592539,tcp,unknown,77354,0,RSTO,0,82,80,81794,4800,0,Normal
1e-06,udp,unknown,274,0,OTH,0,2,0,358,0,0,Normal
0.998552,tcp,unknown,125690,0,OTH,0,132,132,132818,7920,0,Normal
1e-06,udp,unknown,496,0,OTH,0,2,0,580,0,0,Normal
1e-06,tcp,ssl,0,0,S1,0,2,0,120,0,1,Attack
0.246441,udp,unknown,658,0,OTH,0,4,0,826,0,0,Normal
0.973276,tcp,unknown,109486,0,OTH,0,116,114,115750,6840,0,Normal
67.139391,tcp,dns,0,0,S1,0,4,0,256,0,1,Attack
1e-06,udp,unknown,496,0,OTH,0,2,0,580,0,0,Normal
1e-06,tcp,ssl,0,0,S1,0,2,0,120,0,1,Attack
1.913967,udp,dns,0,0,OTH,0,10,0,280,0,1,Attack
0.945058,tcp,unknown,64380,0,OTH,0,76,76,68484,4560,0,Normal
1e-06,tcp,ssl,0,0,S1,0,2,0,120,0,1,Attack
0.963138,tcp,unknown,79200,0,OTH,0,94,94,84276,5640,0,Normal
0.0,other,unknown,0,0,OTH,0,1,0,60,0,0,Normal
0.0,tcp,ssl,0,0,S1,0,2,0,120,0,1,Attack
0.983908,tcp,unknown,74518,0,OTH,0,94,94,79594,5640,0,Normal
1e-06,udp,unknown,496,0,OTH,0,2,0,580,0,0,Normal
0.963318,tcp,unknown,65486,0,OTH,0,82,82,69914,4920,0,Normal
0.0,tcp,dns,0,0,S1,0,2,0,128,0,1,Attack
0.966613,tcp,unknown,76570,0,OTH,0,100,100,81970,6000,0,Normal
0.970972,tcp,unknown,99066,0,OTH,0,116,116,105330,6960,0,Normal
0.0,tcp,dns,0,0,S1,0,2,0,128,0,1,Attack
1.924933,udp,dns,0,0,OTH,0,10,0,280,0,1,Attack
1e-06,tcp,dns,0,0,S1,0,2,0,128,0,1,Attack
1e-06,udp,unknown,496,0,OTH,0,2,0,580,0,0,Normal
0.0,tcp,dns,0,0,S1,0,2,0,128,0,1,Attack
0.990581,tcp,unknown,92030,0,OTH,0,108,108,97868,6480,0,Normal
0.97374,tcp,unknown,118082,0,OTH,0,126,124,124886,7440,0,Normal
0.947263,tcp,unknown,76496,0,OTH,0,94,94,81572,5640,0,Normal
1.906726,udp,dns,0,0,OTH,0,10,0,280,0,1,Attack
0.0,other,unknown,0,0,OTH,0,1,0,60,0,0,Normal
105.945723,tcp,dns,0,0,S1,0,4,0,256,0,1,Attack
1.418067,udp,dns,0,0,OTH,0,8,0,224,0,1,Attack
1.91549,udp,dns,0,0,OTH,0,10,0,280,0,1,Attack
0.970981,tcp,unknown,111106,0,OTH,0,118,118,117478,7080,0,Normal
2.944701,tcp,http,84,0,S1,0,14,0,560,0,1,Attack
0.98818,tcp,unknown,111842,0,OTH,0,124,122,118538,7320,0,Normal
0.132692,other,unknown,0,0,OTH,0,2,0,120,0,0,Normal
1e-06,udp,unknown,496,0,OTH,0,2,0,580,0,0,Normal
1.915216,udp,dns,0,0,OTH,0,10,0,280,0,1,Attack
1e-06,udp,unknown,496,0,OTH,0,2,0,580,0,0,Normal
0.980245,tcp,unknown,80116,0,OTH,0,98,96,85408,5760,0,Normal
0.965353,tcp,unknown,102086,0,OTH,0,122,122,108674,7320,0,Normal
1e-06,udp,unknown,496,0,OTH,0,2,0,580,0,0,Normal
1e-06,udp,unknown,496,0,OTH,0,2,0,580,0,0,Normal
1.913446,udp,dns,0,0,OTH,0,10,0,280,0,1,Attack
0.0,tcp,ssl,0,0,S1,0,2,0,120,0,1,Attack
0.0,udp,unknown,496,0,OTH,0,2,0,580,0,0,Normal
0.954798,tcp,unknown,106212,0,OTH,0,118,116,112584,6960,0,Normal
1.913725,udp,dns,0,0,OTH,0,10,0,280,0,1,Attack
1.906273,udp,dns,0,0,OTH,0,10,0,280,0,1,Attack
2.917034,tcp,http,84,0,S1,0,14,0,560,0,1,Attack
0.97172,tcp,unknown,116980,0,OTH,0,128,128,123892,7680,0,Normal
2.944437,tcp,http,84,0,S1,0,14,0,560,0,1,Attack
3.427992,tcp,http,90,0,S1,0,15,0,600,0,1,Attack
1e-06,udp,unknown,496,0,OTH,0,2,0,580,0,0,Normal
1e-06,tcp,ssl,0,0,S1,0,2,0,120,0,1,Attack
2.92978,tcp,http,84,0,S1,0,14,0,560,0,1,Attack
0.112738,udp,unknown,1096,0,OTH,0,8,0,1432,0,0,Normal
0.9864,tcp,unknown,75228,0,OTH,0,94,94,80304,5640,0,Normal
0.9782,tcp,unknown,74270,0,OTH,0,98,98,79562,5880,0,Normal
3.423721,tcp,http,96,0,S1,0,16,0,640,0,1,Attack
0.0,udp,unknown,86,0,OTH,0,2,0,170,0,0,Normal
2.915614,tcp,http,84,0,S1,0,14,0,560,0,1,Attack
2.925659,tcp,http,84,0,S1,0,14,0,560,0,1,Attack
0.002869,tcp,http,0,12,RSTR,0,2,2,120,80,1,Attack
2.944783,tcp,http,84,0,S1,0,14,0,560,0,1,Attack
0.993396,tcp,unknown,112426,0,OTH,0,118,118,118798,7080,0,Normal
1e-06,udp,unknown,496,0,OTH,0,2,0,580,0,0,Normal
1.912157,udp,dns,0,0,OTH,0,10,0,280,0,1,Attack
0.969063,tcp,unknown,120230,0,OTH,0,132,132,127358,7920,0,Normal
0.0,tcp,ssl,0,0,S1,0,2,0,120,0,1,Attack
0.955848,tcp,unknown,46918,0,OTH,0,70,70,50698,4200,0,Normal
0.236049,other,unknown,0,0,OTH,0,2,0,120,0,0,Normal
1e-06,tcp,dns,0,0,S1,0,2,0,128,0,1,Attack
3.424182,tcp,http,96,0,S1,0,16,0,640,0,1,Attack
0.966697,tcp,unknown,81630,0,OTH,0,92,92,86598,5520,0,Normal
2.925949,tcp,http,84,0,S1,0,14,0,560,0,1,Attack
0.97485,tcp,unknown,80748,0,OTH,0,98,98,86040,5880,0,Normal
0.2716,other,unknown,0,0,OTH,0,2,0,120,0,0,Normal
3.423994,tcp,http,96,0,S1,0,16,0,640,0,1,Attack
0.0,other,unknown,0,0,OTH,0,1,0,60,0,0,Normal
0.145626,tcp,unknown,6618,0,RSTO,0,12,14,7266,840,0,Normal
1e-06,tcp,ssl,0,0,S1,0,2,0,120,0,1,Attack
0.831414,tcp,unknown,67086,0,RSTO,0,78,72,71298,4320,0,Normal
1.915922,udp,dns,0,0,OTH,0,10,0,280,0,1,Attack
0.953277,tcp,unknown,60318,0,OTH,0,80,80,64638,4800,0,Normal
0.0,udp,unknown,496,0,OTH,0,2,0,580,0,0,Normal
1.915701,udp,dns,0,0,OTH,0,10,0,280,0,1,Attack
0.984429,tcp,unknown,75394,0,OTH,0,100,100,80794,6000,0,Normal
1.900512,udp,dns,0,0,OTH,0,10,0,280,0,1,Attack
0.0,tcp,dns,0,0,S1,0,2,0,128,0,1,Attack
0.975376,tcp,unknown,77738,0,OTH,0,90,90,82598,5400,0,Normal
2.944676,tcp,http,84,0,S1,0,14,0,560,0,1,Attack
2.939495,tcp,http,84,0,S1,0,14,0,560,0,1,Attack
1.906689,udp,dns,0,0,OTH,0,10,0,280,0,1,Attack
0.0,udp,unknown,496,0,OTH,0,2,0,580,0,0,Normal
1e-06,udp,unknown,496,0,OTH,0,2,0,580,0,0,Normal
0.964699,tcp,unknown,106380,0,OTH,0,128,126,113292,7560,0,Normal
0.0,tcp,dns,0,0,S1,0,2,0,128,0,1,Attack
0.983647,tcp,unknown,76074,0,OTH,0,96,98,81258,5880,0,Normal
0.0,tcp,ssl,0,0,S1,0,2,0,120,0,1,Attack
0.945017,tcp,unknown,71432,0,OTH,0,94,90,76508,5400,0,Normal
1e-06,udp,unknown,496,0,OTH,0,2,0,580,0,0,Normal
0.970898,tcp,unknown,62164,0,OTH,0,82,82,66592,4920,0,Normal
0.965887,tcp,unknown,76048,0,OTH,0,90,90,80908,5400,0,Normal
1e-06,udp,unknown,86,0,OTH,0,2,0,170,0,0,Normal
0.0,udp,unknown,162,0,OTH,0,2,0,246,0,0,Normal
1e-06,tcp,ssl,0,0,S1,0,2,0,120,0,1,Attack
1e-06,udp,unknown,496,0,OTH,0,2,0,580,0,0,Normal
0.0,tcp,dns,0,0,S1,0,2,0,128,0,1,Attack
1e-06,udp,dhcp,1480,0,OTH,0,2,0,1564,0,0,Normal
1e-06,tcp,dns,0,0,S1,0,2,0,128,0,1,Attack
0.776144,tcp,unknown,46668,0,RSTO,0,54,52,49584,3120,0,Normal
2.939977,tcp,http,84,0,S1,0,14,0,560,0,1,Attack
0.25276,udp,unknown,324,0,OTH,0,4,0,492,0,0,Normal
0.0,udp,dhcp,1480,0,OTH,0,2,0,1564,0,0,Normal
1.912448,udp,dns,0,0,OTH,0,10,0,280,0,1,Attack
3.429356,tcp,http,96,0,S1,0,16,0,640,0,1,Attack
0.964064,tcp,unknown,110304,0,OTH,0,114,112,116460,6720,0,Normal
1e-06,tcp,dns,0,0,S1,0,2,0,128,0,1,Attack
1.416127,udp,dns,0,0,OTH,0,8,0,224,0,1,Attack
0.971078,tcp,unknown,73430,0,OTH,0,94,94,78506,5640,0,Normal
0.0,tcp,dns,0,0,S1,0,2,0,128,0,1,Attack
0.024041,tcp,unknown,4,12,RSTR,0,2,2,88,80,1,Attack
2.939937,tcp,http,84,0,S1,0,14,0,560,0,1,Attack
1.914012,udp,dns,0,0,OTH,0,10,0,280,0,1,Attack
0.393109,other,unknown,0,0,OTH,0,2,0,120,0,0,Normal
1e-06,udp,unknown,496,0,OTH,0,2,0,580,0,0,Normal
2.948397,tcp,http,84,0,S1,0,14,0,560,0,1,Attack
0.0,tcp,dns,0,0,S1,0,2,0,128,0,1,Attack
0.996221,tcp,unknown,94234,0,OTH,0,110,110,100174,6600,0,Normal
1.911791,udp,dns,0,0,OTH,0,10,0,280,0,1,Attack
0.0,tcp,dns,0,0,S1,0,2,0,128,0,1,Attack
3.43222,tcp,http,96,0,S1,0,16,0,640,0,1,Attack
1.914074,udp,dns,0,0,OTH,0,10,0,280,0,1,Attack
3.424301,tcp,http,90,0,S1,0,15,0,600,0,1,Attack
0.0,tcp,dns,0,0,S1,0,2,0,128,0,1,Attack
0.0,tcp,ssl,0,0,S1,0,2,0,120,0,1,Attack
1e-06,tcp,ssl,0,0,S1,0,2,0,120,0,1,Attack
2.914381,tcp,http,84,0,S1,0,14,0,560,0,1,Attack
0.970633,tcp,unknown,113256,0,OTH,0,126,124,120060,7440,0,Normal
0.96201,tcp,unknown,74798,0,OTH,0,98,98,80090,5880,0,Normal
1.907408,udp,dns,0,0,OTH,0,10,0,280,0,1,Attack
0.969415,tcp,unknown,113104,0,OTH,0,120,122,119584,7320,0,Normal
0.0,udp,unknown,274,0,OTH,0,2,0,358,0,0,Normal
3.427678,tcp,http,96,0,S1,0,16,0,640,0,1,Attack
2.92379,tcp,http,84,0,S1,0,14,0,560,0,1,Attack
0.0,tcp,dns,0,0,S1,0,2,0,128,0,1,Attack
1e-06,udp,dhcp,1480,0,OTH,0,2,0,1564,0,0,Normal
0.973382,tcp,unknown,76852,0,OTH,0,104,104,82468,6240,0,Normal
2.919854,tcp,http,84,0,S1,0,14,0,560,0,1,Attack
0.962475,tcp,unknown,81400,0,OTH,0,98,98,86692,5880,0,Normal
1e-06,tcp,dns,0,0,S1,0,2,0,128,0,1,Attack
1e-06,udp,unknown,496,0,OTH,0,2,0,580,0,0,Normal
1e-06,tcp,ssl,0,0,S1,0,2,0,120,0,1,Attack
1e-06,udp,unknown,496,0,OTH,0,2,0,580,0,0,Normal
0.0,tcp,dns,0,0,S1,0,2,0,128,0,1,Attack
0.041864,tcp,unknown,4,12,RSTR,0,2,2,88,80,1,Attack
3.426995,tcp,http,96,0,S1,0,16,0,640,0,1,Attack
0.0,udp,unknown,16,0,OTH,0,2,0,72,0,1,Attack
0.0,other,unknown,0,0,OTH,0,1,0,60,0,0,Normal
3.429607,tcp,http,96,0,S1,0,16,0,640,0,1,Attack
0.541057,other,unknown,0,0,OTH,0,2,0,120,0,0,Normal
0.252673,other,unknown,0,0,OTH,0,2,0,120,0,0,Normal
2.940051,tcp,http,84,0,S1,0,14,0,560,0,1,Attack
1.915778,udp,dns,0,0,OTH,0,10,0,280,0,1,Attack
0.965742,tcp,unknown,104846,0,OTH,0,118,118,111218,7080,0,Normal
1e-06,udp,unknown,496,0,OTH,0,2,0,580,0,0,Normal
0.0,tcp,dns,0,0,S1,0,2,0,128,0,1,Attack
0.002431,other,unknown,0,0,OTH,0,2,0,120,0,0,Normal
0.905979,tcp,unknown,57124,0,OTH,0,74,74,61120,4440,0,Normal
0.986518,tcp,unknown,158772,0,OTH,0,162,156,167520,9360,0,Normal
1.417641,udp,dns,0,0,OTH,0,8,0,224,0,1,Attack
2.8e-05,tcp,ssl,0,0,S1,0,2,0,120,0,1,Attack
1e-06,udp,unknown,496,0,OTH,0,2,0,580,0,0,Normal
0.251338,udp,unknown,324,0,OTH,0,4,0,492,0,0,Normal
0.504324,other,unknown,0,0,OTH,0,2,0,120,0,0,Normal
0.969946,tcp,unknown,99104,0,OTH,0,108,106,104936,6360,0,Normal
0.0,other,unknown,0,0,OTH,0,1,0,60,0,0,Normal
0.980029,tcp,unknown,73154,0,OTH,0,100,100,78554,6000,0,Normal
0.960427,tcp,unknown,68066,0,OTH,0,94,94,73142,5640,0,Normal
0.0,tcp,ssl,0,0,S1,0,2,0,120,0,1,Attack
1e-06,tcp,dns,0,0,S1,0,2,0,128,0,1,Attack
1e-06,tcp,ssl,0,0,S1,0,2,0,120,0,1,Attack
1e-06,udp,unknown,86,0,OTH,0,2,0,170,0,0,Normal
0.974138,udp,unknown,582,0,OTH,0,4,0,750,0,0,Normal
0.0,tcp,dns,0,0,S1,0,2,0,128,0,1,Attack
275.011495,tcp,dns,0,0,S1,0,6,0,384,0,1,Attack
0.011907,tcp,unknown,4,12,RSTR,0,2,2,88,80,1,Attack
2.944539,tcp,http,84,0,S1,0,14,0,560,0,1,Attack
0.981978,tcp,unknown,28768,0,OTH,0,72,72,32656,4320,0,Normal
1.90123,udp,dns,0,0,OTH,0,10,0,280,0,1,Attack
65.990572,tcp,dns,0,0,S1,0,4,0,256,0,1,Attack
0.950961,tcp,unknown,65154,0,OTH,0,84,84,69690,5040,0,Normal
1.92903,udp,dns,0,0,OTH,0,10,0,280,0,1,Attack
0.990906,tcp,unknown,91082,0,OTH,0,104,104,96698,6240,0,Normal
3.428628,tcp,http,96,0,S1,0,16,0,640,0,1,Attack
0.983075,tcp,unknown,71162,0,OTH,0,94,94,76238,5640,0,Normal
0.966714,tcp,unknown,52152,0,OTH,0,72,72,56040,4320,0,Normal
1.914632,udp,dns,0,0,OTH,0,10,0,280,0,1,Attack
0.0,tcp,ssl,0,0,S1,0,2,0,120,0,1,Attack
0.988351,tcp,unknown,68488,0,OTH,0,82,82,72916,4920,0,Normal
0.0,udp,unknown,274,0,OTH,0,2,0,358,0,0,Normal
0.0,other,unknown,0,0,OTH,0,1,0,60,0,0,Normal
0.512507,udp,unknown,658,0,OTH,0,4,0,826,0,0,Normal
1e-06,udp,unknown,496,0,OTH,0,2,0,580,0,0,Normal
173.932501,tcp,dns,0,0,S1,0,4,0,256,0,1,Attack
1e-06,udp,unknown,16,0,OTH,0,2,0,72,0,1,Attack
0.039655,tcp,unknown,4,12,RSTR,0,2,2,88,80,1,Attack
0.0,other,unknown,0,0,OTH,0,1,0,60,0,0,Normal
0.985587,tcp,unknown,70420,0,OTH,0,86,86,75064,5160,0,Normal
0.009926,other,unknown,0,0,OTH,0,2,0,120,0,0,Normal
0.697638,other,unknown,0,0,OTH,0,2,0,120,0,0,Normal
0.422497,other,unknown,0,0,OTH,0,2,0,120,0,0,Normal
0.978642,tcp,unknown,111952,0,OTH,0,122,122,118540,7320,0,Normal
0.992396,tcp,unknown,105750,0,OTH,0,120,120,112230,7200,0,Normal
0.543729,other,unknown,0,0,OTH,0,3,0,182,0,0,Normal
1.911984,udp,dns,0,0,OTH,0,10,0,280,0,1,Attack
0.0,tcp,dns,0,0,S1,0,2,0,128,0,1,Attack
2.906881,tcp,http,84,0,S1,0,14,0,560,0,1,Attack
2.941449,tcp,http,84,0,S1,0,14,0,560,0,1,Attack
0.935102,udp,unknown,248,0,OTH,0,4,0,416,0,0,Normal
3.428223,tcp,http,96,0,S1,0,16,0,640,0,1,Attack
0.0,other,unknown,0,0,OTH,0,1,0,60,0,0,Normal
3.429574,tcp,http,96,0,S1,0,16,0,640,0,1,Attack
0.968286,tcp,unknown,69450,0,OTH,0,90,90,74310,5400,0,Normal
0.98865,tcp,unknown,107712,0,OTH,0,120,120,114192,7200,0,Normal
0.0,tcp,dns,0,0,S1,0,2,0,128,0,1,Attack
0.009922,tcp,unknown,4,12,RSTR,0,2,2,88,80,1,Attack
0.974834,tcp,unknown,56562,0,OTH,0,80,80,60882,4800,0,Normal
0.966961,tcp,unknown,109016,0,OTH,0,120,120,115496,7200,0,Normal
1e-06,udp,dhcp,1480,0,OTH,0,2,0,1564,0,0,Normal
0.965479,tcp,unknown,72850,0,OTH,0,92,92,77818,5520,0,Normal
0.0,tcp,ssl,0,0,S1,0,2,0,120,0,1,Attack
0.0,tcp,dns,0,0,S1,0,2,0,128,0,1,Attack
3.424722,tcp,http,90,0,S1,0,15,0,600,0,1,Attack
0.956188,tcp,unknown,77208,0,OTH,0,98,98,82500,5880,0,Normal
11.167635,tcp,dns,0,0,S1,0,4,0,256,0,1,Attack
0.964673,tcp,unknown,71944,0,OTH,0,98,98,77236,5880,0,Normal
1.901935,udp,dns,0,0,OTH,0,10,0,280,0,1,Attack
3.426101,tcp,http,96,0,S1,0,16,0,640,0,1,Attack
0.949673,tcp,unknown,241838,1132,OTH,0,224,208,253946,13564,0,Normal
2.933123,tcp,http,84,0,S1,0,14,0,560,0,1,Attack
1e-06,udp,unknown,496,0,OTH,0,2,0,580,0,0,Normal
0.966276,tcp,unknown,132748,0,OTH,0,116,116,139012,6960,0,Normal
0.0,tcp,dns,0,0,S1,0,2,0,128,0,1,Attack
0.0,other,unknown,0,0,OTH,0,1,0,60,0,0,Normal
0.0,tcp,dns,0,0,S1,0,2,0,128,0,1,Attack
1e-06,udp,unknown,496,0,OTH,0,2,0,580,0,0,Normal
1.921158,udp,dns,0,0,OTH,0,10,0,280,0,1,Attack
1.914267,udp,dns,0,0,OTH,0,10,0,280,0,1,Attack
0.018183,udp,unknown,582,0,OTH,0,4,0,750,0,0,Normal
0.992634,tcp,unknown,108360,0,OTH,0,108,102,114192,6120,0,Normal
0.989545,tcp,unknown,47240,0,OTH,0,73,72,51182,4320,0,Normal
1e-06,udp,dhcp,1480,0,OTH,0,2,0,1564,0,0,Normal
0.023681,tcp,unknown,4,12,RSTR,0,2,2,88,80,1,Attack
0.966354,tcp,unknown,90586,0,OTH,0,102,102,96094,6120,0,Normal
0.0,udp,dhcp,1480,0,OTH,0,2,0,1564,0,0,Normal
0.958794,udp,unknown,582,0,OTH,0,4,0,750,0,0,Normal
0.202661,tcp,unknown,13930,0,RSTO,0,22,20,15130,1200,0,Normal
0.988119,tcp,unknown,112904,1316,S1,0,140,140,120492,9684,0,Normal
0.0,other,unknown,0,0,OTH,0,1,0,60,0,0,Normal
0.992364,tcp,unknown,104602,0,OTH,0,120,120,111082,7200,0,Normal
0.0,other,unknown,0,0,OTH,0,1,0,60,0,0,Normal
2.939961,tcp,http,84,0,S1,0,14,0,560,0,1,Attack
0.960212,tcp,unknown,80246,0,OTH,0,96,96,85430,5760,0,Normal
2.9378,tcp,http,84,0,S1,0,14,0,560,0,1,Attack
0.750959,udp,unknown,982,0,OTH,0,8,0,1318,0,0,Normal
201.986494,tcp,dns,0,0,S1,0,4,0,256,0,1,Attack
0.708349,other,unknown,0,0,OTH,0,2,0,120,0,0,Normal
0.0,other,unknown,0,0,OTH,0,1,0,60,0,0,Normal
0.027625,other,unknown,0,0,OTH,0,2,0,120,0,0,Normal
0.0,tcp,dns,0,0,S1,0,2,0,128,0,1,Attack
0.0,tcp,ssl,0,0,S1,0,2,0,120,0,1,Attack
1e-06,udp,unknown,496,0,OTH,0,2,0,580,0,0,Normal
0.04609,other,unknown,0,0,OTH,0,2,0,122,0,0,Normal
0.0,udp,unknown,496,0,OTH,0,2,0,580,0,0,Normal
1.8892,udp,dns,0,0,OTH,0,10,0,280,0,1,Attack
0.0,other,unknown,0,0,OTH,0,1,0,60,0,0,Normal
0.348795,other,unknown,0,0,OTH,0,2,0,120,0,0,Normal
0.968629,tcp,unknown,89658,0,OTH,0,106,106,95382,6360,0,Normal
0.0,tcp,dns,0,0,S1,0,2,0,128,0,1,Attack
0.985573,tcp,unknown,64668,0,OTH,0,84,84,69204,5040,0,Normal
3.426875,tcp,http,96,0,S1,0,16,0,640,0,1,Attack
1.9145,udp,dns,0,0,OTH,0,10,0,280,0,1,Attack
0.0,other,unknown,0,0,OTH,0,1,0,60,0,0,Normal
0.96997,tcp,unknown,83620,0,OTH,0,112,112,89668,6720,0,Normal
0.990395,tcp,unknown,109248,0,OTH,0,118,118,115620,7080,0,Normal
1e-06,udp,unknown,496,0,OTH,0,2,0,580,0,0,Normal
1e-06,tcp,ssl,0,0,S1,0,2,0,120,0,1,Attack
87.618894,tcp,dns,0,0,S1,0,4,0,256,0,1,Attack
0.0,tcp,dns,0,0,S1,0,2,0,128,0,1,Attack
0.0,tcp,dns,0,0,S1,0,2,0,128,0,1,Attack
0.150157,other,unknown,0,0,OTH,0,2,0,120,0,0,Normal
1.900165,udp,dns,0,0,OTH,0,10,0,280,0,1,Attack
0.960044,tcp,unknown,85186,0,OTH,0,98,98,90478,5880,0,Normal
0.0,tcp,ssl,0,0,S1,0,2,0,120,0,1,Attack
0.966761,tcp,unknown,76646,0,OTH,0,88,88,81398,5280,0,Normal
1e-06,udp,unknown,496,0,OTH,0,2,0,580,0,0,Normal
0.0,tcp,dns,0,0,S1,0,2,0,128,0,1,Attack
0.981489,tcp,unknown,85692,0,OTH,0,110,110,91632,6600,0,Normal
1e-06,udp,unknown,496,0,OTH,0,2,0,580,0,0,Normal
0.0,tcp,dns,0,0,S1,0,2,0,128,0,1,Attack
1e-06,udp,unknown,496,0,OTH,0,2,0,580,0,0,Normal
1e-06,tcp,dns,0,0,S1,0,2,0,128,0,1,Attack
2.946144,tcp,http,84,0,S1,0,14,0,560,0,1,Attack
2.9106,tcp,http,84,0,S1,0,14,0,560,0,1,Attack
0.989222,tcp,unknown,103516,0,OTH,0,112,112,109564,6720,0,Normal
0.274686,udp,unknown,324,0,OTH,0,4,0,492,0,0,Normal
1.911018,udp,dns,0,0,OTH,0,10,0,280,0,1,Attack
236.159168,tcp,dns,0,0,S1,0,4,0,256,0,1,Attack
3.428723,tcp,http,96,0,S1,0,16,0,640,0,1,Attack
1e-06,udp,unknown,496,0,OTH,0,2,0,580,0,0,Normal
0.972409,tcp,unknown,107384,0,OTH,0,128,126,114296,7560,0,Normal
0.000799,udp,unknown,992,0,OTH,0,4,0,1160,0,0,Normal
0.0,tcp,dns,0,0,S1,0,2,0,128,0,1,Attack
0.989351,tcp,unknown,103256,0,OTH,0,120,118,109736,7080,0,Normal
1.890997,udp,dns,0,0,OTH,0,10,0,280,0,1,Attack
1.904545,udp,dns,0,0,OTH,0,10,0,280,0,1,Attack
0.963977,tcp,unknown,108056,0,OTH,0,122,122,114644,7320,0,Normal
0.959485,tcp,unknown,108224,0,OTH,0,118,114,114596,6840,0,Normal
0.0,tcp,dns,0,0,S1,0,2,0,128,0,1,Attack
1.889381,udp,dns,0,0,OTH,0,10,0,280,0,1,Attack
2.948387,tcp,http,84,0,S1,0,14,0,560,0,1,Attack
0.964631,tcp,unknown,79224,0,OTH,0,94,94,84300,5640,0,Normal
2.94685,tcp,http,84,0,S1,0,14,0,560,0,1,Attack
0.0,tcp,dns,0,0,S1,0,2,0,128,0,1,Attack
0.964426,tcp,unknown,73680,0,OTH,0,94,94,78756,5640,0,Normal
158.258549,tcp,dns,0,0,S1,0,4,0,256,0,1,Attack
0.943959,tcp,unknown,110112,0,OTH,0,122,122,116700,7320,0,Normal
2.914151,tcp,http,84,0,S1,0,14,0,560,0,1,Attack
1e-06,udp,unknown,496,0,OTH,0,2,0,580,0,0,Normal
1e-06,tcp,ssl,0,0,S1,0,2,0,120,0,1,Attack
2.906465,tcp,http,84,0,S1,0,14,0,560,0,1,Attack
0.962176,tcp,unknown,77528,0,OTH,0,96,96,82712,5760,0,Normal
0.956473,tcp,unknown,66076,0,OTH,0,88,88,70828,5280,0,Normal
0.0,tcp,dns,0,0,S1,0,2,0,128,0,1,Attack
0.963871,tcp,unknown,88470,0,OTH,0,96,96,93654,5760,0,Normal
0.967201,tcp,unknown,66362,0,OTH,0,74,74,70358,4440,0,Normal
0.143116,tcp,unknown,1942,1320,S1,0,12,16,2606,2248,0,Normal
0.0,other,unknown,0,0,OTH,0,1,0,60,0,0,Normal
0.96035,tcp,unknown,79092,0,OTH,0,94,94,84168,5640,0,Normal
0.0,other,unknown,0,0,OTH,0,1,0,60,0,0,Normal
1.911067,udp,dns,0,0,OTH,0,10,0,280,0,1,Attack
125.940628,tcp,dns,0,0,S1,0,6,0,384,0,1,Attack
0.0,tcp,dns,0,0,S1,0,2,0,128,0,1,Attack
3.424217,tcp,http,90,0,S1,0,15,0,600,0,1,Attack
1e-06,udp,dhcp,1480,0,OTH,0,2,0,1564,0,0,Normal
0.0,tcp,ssl,0,0,S1,0,2,0,120,0,1,Attack
200.05489,tcp,dns,0,0,S1,0,4,0,256,0,1,Attack
0.994579,tcp,unknown,111050,0,OTH,0,118,118,117422,7080,0,Normal
0.689141,tcp,unknown,49214,0,RSTO,0,72,70,53114,4200,0,Normal
251.133343,tcp,dns,0,0,S1,0,4,0,256,0,1,Attack
0.0,other,unknown,0,0,OTH,0,1,0,60,0,0,Normal
2e-06,udp,unknown,496,0,OTH,0,2,0,580,0,0,Normal
0.941153,tcp,unknown,50706,0,OTH,0,66,66,54270,3960,0,Normal
0.0,tcp,dns,0,0,S1,0,2,0,128,0,1,Attack
0.958585,tcp,unknown,110500,0,OTH,0,124,124,117196,7440,0,Normal
1.92825,udp,dns,0,0,OTH,0,10,0,280,0,1,Attack
0.0,other,unknown,0,0,OTH,0,1,0,60,0,0,Normal
3.42596,tcp,http,96,0,S1,0,16,0,640,0,1,Attack
0.942337,tcp,unknown,100322,0,OTH,0,110,110,106262,6600,0,Normal
3.076714,tcp,dns,0,0,S1,0,4,0,256,0,1,Attack
0.518693,udp,unknown,486,0,OTH,0,6,0,738,0,0,Normal
0.0,tcp,dns,0,0,S1,0,2,0,128,0,1,Attack
0.0,tcp,dns,0,0,S1,0,2,0,128,0,1,Attack
0.966792,tcp,unknown,107388,0,OTH,0,118,118,113760,7080,0,Normal
0.967839,tcp,unknown,77002,0,OTH,0,86,86,81646,5160,0,Normal
1.91589,udp,dns,0,0,OTH,0,10,0,280,0,1,Attack
0.945352,tcp,unknown,59344,0,OTH,0,72,72,63232,4320,0,Normal
0.0,tcp,dns,0,0,S1,0,2,0,128,0,1,Attack
0.0,tcp,ssl,0,0,S1,0,2,0,120,0,1,Attack
1.892316,udp,dns,0,0,OTH,0,10,0,280,0,1,Attack
0.975239,tcp,unknown,62772,0,OTH,0,82,82,67200,4920,0,Normal
0.159617,tcp,unknown,1478,722,S1,0,6,12,1818,1434,0,Normal
1.927287,udp,dns,0,0,OTH,0,10,0,280,0,1,Attack
0.978646,tcp,unknown,72576,0,OTH,0,94,92,77652,5520,0,Normal
0.0,tcp,ssl,0,0,S1,0,2,0,120,0,1,Attack
2.921358,tcp,http,84,0,S1,0,14,0,560,0,1,Attack
0.950159,tcp,unknown,49208,0,OTH,0,70,70,52988,4200,0,Normal
1e-06,udp,unknown,496,0,OTH,0,2,0,580,0,0,Normal
3.423906,tcp,http,96,0,S1,0,16,0,640,0,1,Attack
1e-06,udp,unknown,496,0,OTH,0,2,0,580,0,0,Normal
0.975511,tcp,unknown,103848,0,OTH,0,124,122,110552,7320,0,Normal
0.493755,udp,unknown,820,0,OTH,0,6,0,1072,0,0,Normal
0.014144,udp,unknown,582,0,OTH,0,4,0,750,0,0,Normal
0.965117,tcp,unknown,75216,0,OTH,0,100,100,80616,6000,0,Normal
132.039358,tcp,dns,0,0,S1,0,4,0,256,0,1,Attack
0.0,tcp,dns,0,0,S1,0,2,0,128,0,1,Attack
0.946757,tcp,unknown,87454,0,OTH,0,100,100,92854,6000,0,Normal
2.939197,tcp,http,84,0,S1,0,14,0,560,0,1,Attack
1e-06,udp,unknown,496,0,OTH,0,2,0,580,0,0,Normal
1.922016,udp,dns,0,0,OTH,0,10,0,280,0,1,Attack
1e-06,udp,dhcp,1480,0,OTH,0,2,0,1564,0,0,Normal
0.990426,tcp,unknown,85654,0,OTH,0,106,106,91378,6360,0,Normal
1e-06,udp,unknown,162,0,OTH,0,2,0,246,0,0,Normal
0.025992,tcp,unknown,4,12,RSTR,0,2,2,88,80,1,Attack
0.412823,other,unknown,0,0,OTH,0,2,0,120,0,0,Normal
0.255413,udp,unknown,324,0,OTH,0,4,0,492,0,0,Normal
1e-06,tcp,dns,0,0,S1,0,2,0,128,0,1,Attack
0.0,tcp,dns,0,0,S1,0,2,0,128,0,1,Attack
2.927379,tcp,http,84,0,S1,0,14,0,560,0,1,Attack
1e-06,udp,dhcp,1480,0,OTH,0,2,0,1564,0,0,Normal
0.0,tcp,dns,0,0,S1,0,2,0,128,0,1,Attack
2.944686,tcp,http,84,0,S1,0,14,0,560,0,1,Attack
0.0,tcp,ssl,0,0,S1,0,2,0,120,0,1,Attack
0.960224,tcp,unknown,77616,0,OTH,0,100,100,83016,6000,0,Normal
0.730884,udp,unknown,982,0,OTH,0,8,0,1318,0,0,Normal
2.934705,tcp,http,84,0,S1,0,14,0,560,0,1,Attack
1e-06,udp,unknown,496,0,OTH,0,2,0,580,0,0,Normal
1e-06,udp,unknown,496,0,OTH,0,2,0,580,0,0,Normal
0.0,tcp,dns,0,0,S1,0,2,0,128,0,1,Attack
0.0,other,unknown,0,0,OTH,0,1,0,60,0,0,Normal
0.962005,tcp,unknown,75498,0,OTH,0,96,96,80682,5760,0,Normal
0.948591,tcp,unknown,86032,0,OTH,0,98,98,91324,5880,0,Normal
1.912205,udp,dns,0,0,OTH,0,10,0,280,0,1,Attack
1.922652,udp,dns,0,0,OTH,0,10,0,280,0,1,Attack
0.0,tcp,dns,0,0,S1,0,2,0,128,0,1,Attack
0.0,tcp,dns,0,0,S1,0,2,0,128,0,1,Attack
1e-06,udp,unknown,496,0,OTH,0,2,0,580,0,0,Normal
0.0,tcp,ssl,0,0,S1,0,2,0,120,0,1,Attack
0.980778,tcp,unknown,98458,0,OTH,0,116,116,104722,6960,0,Normal
1e-06,udp,unknown,496,0,OTH,0,2,0,580,0,0,Normal
176.851099,tcp,dns,0,0,S1,0,4,0,256,0,1,Attack
2.939797,tcp,http,84,0,S1,0,14,0,560,0,1,Attack
0.963756,tcp,unknown,110584,0,OTH,0,126,126,117388,7560,0,Normal
0.0,udp,unknown,496,0,OTH,0,2,0,580,0,0,Normal
0.97179,tcp,unknown,73474,0,OTH,0,96,96,78658,5760,0,Normal
0.58031,udp,unknown,410,0,OTH,0,6,0,662,0,0,Normal
0.0,other,unknown,0,0,OTH,0,1,0,60,0,0,Normal
1e-06,udp,unknown,274,0,OTH,0,2,0,358,0,0,Normal
3.426969,tcp,http,96,0,S1,0,16,0,640,0,1,Attack
61.978838,tcp,dns,0,0,S1,0,4,0,256,0,1,Attack
1e-06,udp,unknown,496,0,OTH,0,2,0,580,0,0,Normal
0.0,other,unknown,0,0,OTH,0,1,0,60,0,0,Normal
0.0,other,unknown,0,0,OTH,0,1,0,60,0,0,Normal
3.423445,tcp,http,96,0,S1,0,16,0,640,0,1,Attack
0.25212,udp,unknown,324,0,OTH,0,4,0,492,0,0,Normal
1.908155,udp,dns,0,0,OTH,0,10,0,280,0,1,Attack
0.96061,tcp,unknown,63516,0,OTH,0,84,84,68052,5040,0,Normal
0.0,other,unknown,0,0,OTH,0,1,0,60,0,0,Normal
1e-06,tcp,ssl,0,0,S1,0,2,0,120,0,1,Attack
0.501263,udp,unknown,486,0,OTH,0,6,0,738,0,0,Normal
0.0,tcp,dns,0,0,S1,0,2,0,128,0,1,Attack
0.0,tcp,dns,0,0,S1,0,2,0,128,0,1,Attack
0.964967,tcp,unknown,67320,0,OTH,0,94,94,72396,5640,0,Normal
1e-06,udp,dhcp,1480,0,OTH,0,2,0,1564,0,0,Normal
0.0,udp,unknown,496,0,OTH,0,2,0,580,0,0,Normal
2.946975,tcp,http,84,0,S1,0,14,0,560,0,1,Attack
0.983878,tcp,unknown,95086,0,OTH,0,110,110,101026,6600,0,Normal
3.427015,tcp,http,96,0,S1,0,16,0,640,0,1,Attack
0.0,tcp,dns,0,0,S1,0,2,0,128,0,1,Attack
0.950897,tcp,unknown,103662,0,OTH,0,114,114,109818,6840,0,Normal
0.953837,tcp,unknown,108274,0,OTH,0,122,122,114862,7320,0,Normal
0.0,udp,unknown,496,0,OTH,0,2,0,580,0,0,Normal
1.915033,udp,dns,0,0,OTH,0,10,0,280,0,1,Attack
1.911194,udp,dns,0,0,OTH,0,10,0,280,0,1,Attack
0.980342,tcp,unknown,156516,1132,OTH,0,146,100,164400,7084,0,Normal
1.890465,udp,dns,0,0,OTH,0,10,0,280,0,1,Attack
0.954909,tcp,unknown,46208,0,OTH,0,72,72,50096,4320,0,Normal
2.915714,tcp,http,84,0,S1,0,14,0,560,0,1,Attack
80.039222,tcp,dns,0,0,S1,0,4,0,256,0,1,Attack
1e-06,udp,unknown,496,0,OTH,0,2,0,580,0,0,Normal
2.944985,tcp,http,84,0,S1,0,14,0,560,0,1,Attack
0.0,tcp,ssl,0,0,S1,0,2,0,120,0,1,Attack
0.097278,other,unknown,0,0,OTH,0,2,0,120,0,0,Normal
1e-06,tcp,ssl,0,0,S1,0,2,0,120,0,1,Attack
0.987272,tcp,unknown,73358,0,OTH,0,106,106,79082,6360,0,Normal
2.923434,tcp,http,84,0,S1,0,14,0,560,0,1,Attack
1.910817,udp,dns,0,0,OTH,0,10,0,280,0,1,Attack
3.426997,tcp,http,96,0,S1,0,16,0,640,0,1,Attack
0.158869,tcp,unknown,6842,0,RSTO,0,14,12,7610,720,0,Normal
0.970279,tcp,unknown,68962,0,OTH,0,98,98,74254,5880,0,Normal
1e-06,udp,unknown,496,0,OTH,0,2,0,580,0,0,Normal
0.969298,tcp,unknown,62268,0,OTH,0,80,80,66588,4800,0,Normal
0.989509,tcp,unknown,77002,0,OTH,0,96,96,82186,5760,0,Normal
0.959067,tcp,unknown,66634,0,OTH,0,82,82,71062,4920,0,Normal
0.96527,tcp,unknown,111148,0,OTH,0,120,116,117628,6960,0,Normal
0.0,tcp,dns,0,0,S1,0,2,0,128,0,1,Attack
0.0,tcp,dns,0,0,S1,0,2,0,128,0,1,Attack
0.0,tcp,dns,0,0,S1,0,2,0,128,0,1,Attack
0.972181,tcp,unknown,79690,0,OTH,0,96,96,84874,5760,0,Normal
82.052079,tcp,dns,0,0,S1,0,4,0,256,0,1,Attack
1.890001,udp,dns,0,0,OTH,0,10,0,280,0,1,Attack
0.0,tcp,dns,0,0,S1,0,2,0,128,0,1,Attack
1.906229,udp,dns,0,0,OTH,0,10,0,280,0,1,Attack
0.988713,tcp,unknown,114352,0,OTH,0,122,122,120940,7320,0,Normal
3.427176,tcp,http,96,0,S1,0,16,0,640,0,1,Attack
16.9631,tcp,dns,0,0,S1,0,4,0,256,0,1,Attack
0.049146,tcp,unknown,4,12,RSTR,0,2,2,88,80,1,Attack
1.929024,udp,dns,0,0,OTH,0,9,0,252,0,1,Attack
1.889477,udp,dns,0,0,OTH,0,10,0,280,0,1,Attack
0.0,tcp,ssl,0,0,S1,0,2,0,120,0,1,Attack
0.0,other,unknown,0,0,OTH,0,1,0,60,0,0,Normal
0.955331,tcp,unknown,80196,0,OTH,0,106,106,85920,6360,0,Normal
0.0,udp,unknown,496,0,OTH,0,2,0,580,0,0,Normal
2.916965,tcp,http,84,0,S1,0,14,0,560,0,1,Attack
0.997345,tcp,unknown,71866,0,OTH,0,90,90,76726,5400,0,Normal
0.406408,tcp,unknown,33706,0,RSTO,0,38,36,35770,2160,0,Normal
1e-06,udp,unknown,274,0,OTH,0,2,0,358,0,0,Normal
94.711527,tcp,dns,0,0,S1,0,4,0,256,0,1,Attack
0.964818,tcp,unknown,66938,0,OTH,0,90,90,71798,5400,0,Normal
0.917259,tcp,unknown,164890,1320,S1,0,160,118,173558,8368,0,Normal
0.966005,tcp,unknown,104036,0,OTH,0,120,120,110516,7200,0,Normal
0.959998,tcp,unknown,83408,0,OTH,0,96,96,88592,5760,0,Normal
0.25929,udp,unknown,658,0,OTH,0,4,0,826,0,0,Normal
0.36814,other,unknown,0,0,OTH,0,2,0,120,0,0,Normal
1e-06,tcp,ssl,0,0,S1,0,2,0,120,0,1,Attack
0.994845,tcp,unknown,33062,0,OTH,0,74,74,37058,4440,0,Normal
3.424425,tcp,http,96,0,S1,0,16,0,640,0,1,Attack
0.0,other,unknown,0,0,OTH,0,1,0,60,0,0,Normal
0.0,other,unknown,0,0,OTH,0,1,0,60,0,0,Normal
0.0,tcp,ssl,0,0,S1,0,2,0,120,0,1,Attack
1e-06,tcp,unknown,0,0,S1,0,0,2,0,148,0,Normal
0.0,other,unknown,0,0,OTH,0,1,0,60,0,0,Normal
0.960205,tcp,unknown,108560,0,OTH,0,126,126,115364,7560,0,Normal
1e-06,tcp,ssl,0,0,S1,0,2,0,120,0,1,Attack
0.0,tcp,ssl,0,0,S1,0,2,0,120,0,1,Attack
3.42562,tcp,http,90,0,S1,0,15,0,600,0,1,Attack
2.90655,tcp,http,84,0,S1,0,14,0,560,0,1,Attack
0.975541,tcp,unknown,59088,0,OTH,0,76,76,63192,4560,0,Normal
2.944649,tcp,http,84,0,S1,0,14,0,560,0,1,Attack
1.890577,udp,dns,0,0,OTH,0,10,0,280,0,1,Attack
0.0,udp,unknown,496,0,OTH,0,2,0,580,0,0,Normal
0.0,tcp,dns,0,0,S1,0,2,0,128,0,1,Attack
1e-06,udp,unknown,86,0,OTH,0,2,0,170,0,0,Normal
1.416149,udp,dns,0,0,OTH,0,8,0,224,0,1,Attack
0.0,tcp,dns,0,0,S1,0,2,0,128,0,1,Attack
0.961413,tcp,unknown,75916,0,OTH,0,92,92,80884,5520,0,Normal
1e-06,tcp,ssl,0,0,S1,0,2,0,120,0,1,Attack
1e-06,tcp,dns,0,0,S1,0,2,0,128,0,1,Attack
0.0,udp,unknown,162,0,OTH,0,2,0,246,0,0,Normal
0.0,other,unknown,0,0,OTH,0,1,0,60,0,0,Normal
0.21426,other,unknown,0,0,OTH,0,2,0,120,0,0,Normal
1e-06,udp,unknown,496,0,OTH,0,2,0,580,0,0,Normal
1.894985,udp,dns,0,0,OTH,0,10,0,280,0,1,Attack
0.0,other,unknown,0,0,OTH,0,1,0,60,0,0,Normal
0.945312,tcp,unknown,53930,0,OTH,0,70,70,57710,4200,0,Normal
0.970629,tcp,unknown,76246,0,OTH,0,98,98,81538,5880,0,Normal
0.0,tcp,dns,0,0,S1,0,2,0,128,0,1,Attack
2.944626,tcp,http,84,0,S1,0,14,0,560,0,1,Attack
0.345944,other,unknown,0,0,OTH,0,2,0,120,0,0,Normal
0.66054,tcp,unknown,146692,1316,S1,0,124,82,153404,6204,0,Normal
0.940004,tcp,unknown,53420,0,OTH,0,78,78,57632,4680,0,Normal
61.975173,tcp,dns,0,0,S1,0,6,0,384,0,1,Attack
0.391702,other,unknown,0,0,OTH,0,2,0,120,0,0,Normal
0.964243,tcp,unknown,100832,0,OTH,0,122,122,107420,7320,0,Normal
2.937928,tcp,http,84,0,S1,0,14,0,560,0,1,Attack
0.958479,tcp,unknown,73546,0,OTH,0,94,94,78622,5640,0,Normal
1e-06,tcp,ssl,0,0,S1,0,2,0,120,0,1,Attack
0.840584,tcp,unknown,44328,0,RSTO,0,58,56,47460,3360,0,Normal
2.912483,tcp,http,84,0,S1,0,14,0,560,0,1,Attack
0.0,tcp,ssl,0,0,S1,0,2,0,120,0,1,Attack
2.947941,tcp,http,84,0,S1,0,14,0,560,0,1,Attack
269.054623,tcp,dns,0,0,S1,0,4,0,256,0,1,Attack
1e-06,udp,unknown,496,0,OTH,0,2,0,580,0,0,Normal
0.0,udp,dhcp,1480,0,OTH,0,2,0,1564,0,0,Normal
1e-06,udp,unknown,496,0,OTH,0,2,0,580,0,0,Normal
2.913681,tcp,http,84,0,S1,0,14,0,560,0,1,Attack
0.0,tcp,ssl,0,0,S1,0,2,0,120,0,1,Attack
0.960868,tcp,unknown,107232,0,OTH,0,120,116,113712,6960,0,Normal
0.45652,other,unknown,0,0,OTH,0,2,0,122,0,0,Normal
3.425883,tcp,http,96,0,S1,0,16,0,640,0,1,Attack
3.424713,tcp,http,96,0,S1,0,16,0,640,0,1,Attack
0.965061,tcp,unknown,108754,0,OTH,0,118,114,115126,6840,0,Normal
2.919692,tcp,http,84,0,S1,0,14,0,560,0,1,Attack
1e-06,udp,unknown,496,0,OTH,0,2,0,580,0,0,Normal
2.938803,tcp,http,84,0,S1,0,14,0,560,0,1,Attack
0.975837,tcp,unknown,76548,0,OTH,0,92,92,81516,5520,0,Normal
1.925097,udp,dns,0,0,OTH,0,10,0,280,0,1,Attack
0.028653,tcp,unknown,4,12,RSTR,0,2,2,88,80,1,Attack
0.0,tcp,ssl,0,0,S1,0,2,0,120,0,1,Attack
0.959548,tcp,unknown,74282,0,OTH,0,92,92,79250,5520,0,Normal
0.963834,tcp,unknown,79082,0,OTH,0,102,102,84590,6120,0,Normal
0.0,other,unknown,0,0,OTH,0,1,0,60,0,0,Normal
0.971352,tcp,unknown,110252,0,OTH,0,122,116,116840,6960,0,Normal
0.0,tcp,ssl,0,0,S1,0,2,0,120,0,1,Attack
0.0,tcp,dns,0,0,S1,0,2,0,128,0,1,Attack
1.904814,udp,dns,0,0,OTH,0,10,0,280,0,1,Attack
0.0,other,unknown,0,0,OTH,0,1,0,60,0,0,Normal
2.94707,tcp,http,84,0,S1,0,14,0,560,0,1,Attack
0.0,tcp,ssl,0,0,S1,0,2,0,120,0,1,Attack
0.0,tcp,dns,0,0,S1,0,2,0,128,0,1,Attack
1e-06,udp,unknown,496,0,OTH,0,2,0,580,0,0,Normal
0.978594,tcp,unknown,83216,0,OTH,0,102,102,88724,6120,0,Normal
0.0,other,unknown,0,0,OTH,0,1,0,60,0,0,Normal
0.0,tcp,ssl,0,0,S1,0,2,0,120,0,1,Attack
0.0,other,unknown,0,0,OTH,0,1,0,60,0,0,Normal
0.961483,tcp,unknown,73076,0,OTH,0,86,86,77720,5160,0,Normal
0.969655,tcp,unknown,105264,0,OTH,0,116,114,111528,6840,0,Normal
0.963826,tcp,unknown,107114,0,OTH,0,118,112,113486,6720,0,Normal
29.027472,tcp,dns,0,0,S1,0,4,0,256,0,1,Attack
2.931203,tcp,http,84,0,S1,0,14,0,560,0,1,Attack
2.927516,tcp,http,84,0,S1,0,14,0,560,0,1,Attack
0.0,tcp,ssl,0,0,S1,0,2,0,120,0,1,Attack
0.007107,tcp,unknown,0,188,S1,0,2,6,124,564,0,Normal
1.418243,udp,dns,0,0,OTH,0,8,0,224,0,1,Attack
1e-06,tcp,dns,0,0,S1,0,2,0,128,0,1,Attack
0.0,udp,dhcp,1480,0,OTH,0,2,0,1564,0,0,Normal
0.975215,tcp,unknown,77582,0,OTH,0,94,94,82658,5640,0,Normal
0.980891,tcp,unknown,77168,0,OTH,0,102,102,82676,6120,0,Normal
1e-06,udp,unknown,496,0,OTH,0,2,0,580,0,0,Normal
282.033455,tcp,dns,0,0,S1,0,6,0,384,0,1,Attack
0.0,udp,unknown,496,0,OTH,0,2,0,580,0,0,Normal
0.954748,tcp,unknown,77618,0,OTH,0,102,102,83126,6120,0,Normal
1.925602,udp,dns,0,0,OTH,0,10,0,280,0,1,Attack
0.97075,tcp,unknown,76188,0,OTH,0,94,94,81264,5640,0,Normal
0.0,tcp,dns,0,0,S1,0,2,0,128,0,1,Attack
0.822019,tcp,unknown,158410,1320,S1,0,142,86,166094,6448,0,Normal
3.426291,tcp,http,96,0,S1,0,16,0,640,0,1,Attack
1e-06,tcp,ssl,0,0,S1,0,2,0,120,0,1,Attack
0.96535,tcp,unknown,64386,0,OTH,0,84,84,68922,5040,0,Normal
1.4e-05,tcp,unknown,4,0,S1,0,2,0,88,0,1,Attack
0.978856,tcp,unknown,73514,0,OTH,0,92,94,78482,5640,0,Normal
0.976488,tcp,unknown,117718,0,OTH,0,120,116,124198,6960,0,Normal
1.90739,udp,dns,0,0,OTH,0,10,0,280,0,1,Attack
3.423383,tcp,http,96,0,S1,0,16,0,640,0,1,Attack
0.994651,tcp,unknown,81040,0,OTH,0,104,104,86656,6240,0,Normal
1e-06,udp,dhcp,1480,0,OTH,0,2,0,1564,0,0,Normal
0.0,tcp,dns,0,0,S1,0,2,0,128,0,1,Attack
0.230823,tcp,unknown,20058,0,RSTO,0,20,16,21138,960,0,Normal
1.914666,udp,dns,0,0,OTH,0,10,0,280,0,1,Attack
1e-06,udp,unknown,496,0,OTH,0,2,0,580,0,0,Normal
3.424639,tcp,http,96,0,S1,0,16,0,640,0,1,Attack
0.0,tcp,ssl,0,0,S1,0,2,0,120,0,1,Attack
0.970068,tcp,unknown,93960,0,OTH,0,104,98,99576,5880,0,Normal
2.912887,tcp,http,84,0,S1,0,14,0,560,0,1,Attack
0.0,tcp,ssl,0,0,S1,0,2,0,120,0,1,Attack
1e-06,tcp,ssl,0,0,S1,0,2,0,120,0,1,Attack
1e-06,udp,unknown,496,0,OTH,0,2,0,580,0,0,Normal
0.502727,udp,unknown,486,0,OTH,0,6,0,738,0,0,Normal
0.967743,tcp,unknown,75530,0,OTH,0,90,90,80390,5400,0,Normal
1e-06,tcp,ssl,0,0,S1,0,2,0,120,0,1,Attack
0.983298,tcp,unknown,77972,0,OTH,0,104,104,83588,6240,0,Normal
1.913924,udp,dns,0,0,OTH,0,10,0,280,0,1,Attack
1.913698,udp,dns,0,0,OTH,0,10,0,280,0,1,Attack
109.97905,tcp,dns,0,0,S1,0,4,0,256,0,1,Attack
0.0,tcp,ssl,0,0,S1,0,2,0,120,0,1,Attack
1e-06,tcp,dns,0,0,S1,0,2,0,128,0,1,Attack
2.937967,tcp,http,84,0,S1,0,14,0,560,0,1,Attack
1.89084,udp,dns,0,0,OTH,0,10,0,280,0,1,Attack
0.964867,tcp,unknown,66324,0,OTH,0,88,88,71076,5280,0,Normal
1e-06,tcp,dns,0,0,S1,0,2,0,128,0,1,Attack
0.706521,tcp,unknown,143514,1320,S1,0,136,88,150874,6568,0,Normal
0.954822,tcp,unknown,92948,0,OTH,0,112,112,98996,6720,0,Normal
0.963825,tcp,unknown,77726,0,OTH,0,104,104,83342,6240,0,Normal
1e-06,udp,unknown,496,0,OTH,0,2,0,580,0,0,Normal
0.015568,tcp,http,0,12,RSTR,0,2,2,120,80,1,Attack
1.914167,udp,dns,0,0,OTH,0,10,0,280,0,1,Attack
0.0,tcp,ssl,0,0,S1,0,2,0,120,0,1,Attack
0.983179,tcp,unknown,66774,0,OTH,0,88,88,71526,5280,0,Normal
0.0,tcp,dns,0,0,S1,0,2,0,128,0,1,Attack
2.915392,tcp,http,84,0,S1,0,14,0,560,0,1,Attack
1e-06,udp,unknown,496,0,OTH,0,2,0,580,0,0,Normal
1.891908,udp,dns,0,0,OTH,0,10,0,280,0,1,Attack
0.046629,tcp,unknown,4,12,RSTR,0,2,2,88,80,1,Attack
0.0,other,unknown,0,0,OTH,0,1,0,60,0,0,Normal
2.907003,tcp,http,84,0,S1,0,14,0,560,0,1,Attack
0.961481,tcp,unknown,101278,0,OTH,0,112,112,107326,6720,0,Normal
0.0,other,unknown,0,0,OTH,0,1,0,60,0,0,Normal
0.970814,tcp,unknown,77522,0,OTH,0,98,98,82814,5880,0,Normal
0.050425,tcp,unknown,4,12,RSTR,0,2,2,88,80,1,Attack
0.980976,tcp,unknown,156336,0,OTH,0,146,118,164220,7080,0,Normal
1e-06,udp,unknown,496,0,OTH,0,2,0,580,0,0,Normal
1.914447,udp,dns,0,0,OTH,0,10,0,280,0,1,Attack
0.964053,tcp,unknown,52652,0,OTH,0,74,74,56648,4440,0,Normal
0.0,tcp,dns,0,0,S1,0,2,0,128,0,1,Attack
0.147076,other,unknown,0,0,OTH,0,2,0,120,0,0,Normal
1e-06,udp,dhcp,1480,0,OTH,0,2,0,1564,0,0,Normal
0.977989,tcp,unknown,74060,0,OTH,0,96,96,79244,5760,0,Normal
0.008773,tcp,http,0,12,RSTR,0,2,2,120,80,1,Attack
0.251113,udp,unknown,658,0,OTH,0,4,0,826,0,0,Normal
1.922656,udp,dns,0,0,OTH,0,9,0,252,0,1,Attack
3.425618,tcp,http,96,0,S1,0,16,0,640,0,1,Attack
1e-06,tcp,dns,0,0,S1,0,2,0,128,0,1,Attack
2.911454,tcp,http,84,0,S1,0,14,0,560,0,1,Attack
0.0,udp,unknown,496,0,OTH,0,2,0,580,0,0,Normal
0.0,tcp,ssl,0,0,S1,0,2,0,120,0,1,Attack
0.0,tcp,ssl,0,0,S1,0,2,0,120,0,1,Attack
2.936919,tcp,http,84,0,S1,0,14,0,560,0,1,Attack
0.98119,tcp,unknown,215412,0,OTH,0,190,142,225672,8520,0,Normal
0.016297,tcp,unknown,4,12,RSTR,0,2,2,88,80,1,Attack
0.0,udp,unknown,496,0,OTH,0,2,0,580,0,0,Normal
0.965097,tcp,unknown,75186,0,OTH,0,90,90,80046,5400,0,Normal
0.958924,tcp,unknown,71514,0,OTH,0,92,92,76482,5520,0,Normal
2.94168,tcp,http,84,0,S1,0,14,0,560,0,1,Attack
0.0,udp,unknown,496,0,OTH,0,2,0,580,0,0,Normal
0.944723,tcp,unknown,91126,0,OTH,0,102,102,96634,6120,0,Normal
1.89651,udp,dns,0,0,OTH,0,10,0,280,0,1,Attack
1e-06,tcp,ssl,0,0,S1,0,2,0,120,0,1,Attack
0.982055,tcp,unknown,115738,0,OTH,0,128,124,122650,7440,0,Normal
2.937116,tcp,http,84,0,S1,0,14,0,560,0,1,Attack
1e-06,udp,unknown,496,0,OTH,0,2,0,580,0,0,Normal
0.0,tcp,ssl,0,0,S1,0,2,0,120,0,1,Attack
0.994419,tcp,unknown,77644,0,OTH,0,96,96,82828,5760,0,Normal
0.0,tcp,dns,0,0,S1,0,2,0,128,0,1,Attack
1.891375,udp,dns,0,0,OTH,0,10,0,280,0,1,Attack
0.93662,tcp,unknown,49028,0,OTH,0,74,72,53024,4320,0,Normal
2.918773,tcp,http,84,0,S1,0,14,0,560,0,1,Attack
0.039112,tcp,unknown,4,12,RSTR,0,2,2,88,80,1,Attack
0.0,other,unknown,0,0,OTH,0,1,0,60,0,0,Normal
1e-06,tcp,ssl,0,0,S1,0,2,0,120,0,1,Attack
0.939406,tcp,unknown,76432,0,OTH,0,98,98,81724,5880,0,Normal
1.920571,udp,dns,0,0,OTH,0,10,0,280,0,1,Attack
0.991677,tcp,unknown,84088,0,OTH,0,98,98,89380,5880,0,Normal
0.0,tcp,dns,0,0,S1,0,2,0,128,0,1,Attack
0.0,other,unknown,0,0,OTH,0,1,0,60,0,0,Normal
1.8951,udp,dns,0,0,OTH,0,10,0,280,0,1,Attack
0.0,tcp,dns,0,0,S1,0,2,0,128,0,1,Attack
2.944236,tcp,http,84,0,S1,0,14,0,560,0,1,Attack
0.958946,tcp,unknown,61218,0,OTH,0,80,80,65538,4800,0,Normal
0.981173,tcp,unknown,75662,0,OTH,0,98,98,80954,5880,0,Normal
1.915387,udp,dns,0,0,OTH,0,10,0,280,0,1,Attack
0.987284,tcp,unknown,74788,0,OTH,0,94,94,79864,5640,0,Normal
0.972525,tcp,unknown,75146,0,OTH,0,96,96,80330,5760,0,Normal
3.427165,tcp,http,96,0,S1,0,16,0,640,0,1,Attack
0.0,tcp,dns,0,0,S1,0,2,0,128,0,1,Attack
1e-06,udp,unknown,496,0,OTH,0,2,0,580,0,0,Normal
0.009863,tcp,unknown,4,12,RSTR,0,2,2,88,80,1,Attack
0.0,tcp,ssl,0,0,S1,0,2,0,120,0,1,Attack
1.914178,udp,dns,0,0,OTH,0,10,0,280,0,1,Attack
1e-06,tcp,ssl,0,0,S1,0,2,0,120,0,1,Attack
0.897839,udp,unknown,760,0,OTH,0,6,0,1012,0,0,Normal
0.964205,tcp,unknown,91690,0,OTH,0,100,100,97090,6000,0,Normal
0.0,tcp,dns,0,0,S1,0,2,0,128,0,1,Attack
1.90688,udp,dns,0,0,OTH,0,10,0,280,0,1,Attack
209.525791,tcp,dns,0,0,S1,0,6,0,384,0,1,Attack
0.984447,tcp,unknown,70158,0,OTH,0,96,96,75342,5760,0,Normal
0.0,tcp,ssl,0,0,S1,0,2,0,120,0,1,Attack
0.013765,tcp,http,0,12,RSTR,0,2,2,120,80,1,Attack
0.0,tcp,ssl,0,0,S1,0,2,0,120,0,1,Attack
0.964448,tcp,unknown,86744,0,OTH,0,94,94,91820,5640,0,Normal
0.0,other,unknown,0,0,OTH,0,1,0,60,0,0,Normal
0.968342,tcp,unknown,62878,0,OTH,0,82,82,67306,4920,0,Normal
10.917787,tcp,dns,0,0,S1,0,4,0,256,0,1,Attack
227.060465,tcp,dns,0,0,S1,0,4,0,256,0,1,Attack
1e-06,udp,unknown,496,0,OTH,0,2,0,580,0,0,Normal
1e-06,udp,unknown,496,0,OTH,0,2,0,580,0,0,Normal
0.972813,tcp,unknown,102290,0,OTH,0,124,124,108986,7440,0,Normal
1.903003,udp,dns,0,0,OTH,0,10,0,280,0,1,Attack
1e-06,udp,unknown,162,0,OTH,0,2,0,246,0,0,Normal
0.940675,tcp,unknown,87198,0,OTH,0,94,94,92274,5640,0,Normal
0.962696,tcp,unknown,77170,0,OTH,0,94,94,82246,5640,0,Normal
0.0,other,unknown,0,0,OTH,0,1,0,60,0,0,Normal
1.912359,udp,dns,0,0,OTH,0,10,0,280,0,1,Attack
1e-06,udp,unknown,496,0,OTH,0,2,0,580,0,0,Normal
240.941638,tcp,dns,0,0,S1,0,4,0,256,0,1,Attack
0.0,udp,dhcp,1480,0,OTH,0,2,0,1564,0,0,Normal
0.010252,tcp,unknown,4,12,RSTR,0,2,2,88,80,1,Attack
0.984029,tcp,unknown,78070,0,OTH,0,94,94,83146,5640,0,Normal
1.905412,udp,dns,0,0,OTH,0,10,0,280,0,1,Attack
0.748998,udp,unknown,982,0,OTH,0,8,0,1318,0,0,Normal
0.976895,tcp,unknown,51034,0,OTH,0,74,74,55030,4440,0,Normal
0.966874,tcp,unknown,103852,0,OTH,0,122,122,110440,7320,0,Normal
0.248494,udp,unknown,324,0,OTH,0,4,0,492,0,0,Normal
0.0,udp,unknown,86,0,OTH,0,2,0,170,0,0,Normal
0.0,tcp,dns,0,0,S1,0,2,0,128,0,1,Attack
0.96284,tcp,unknown,105440,0,OTH,0,120,120,111920,7200,0,Normal
1e-06,tcp,dns,0,0,S1,0,2,0,128,0,1,Attack
1e-06,udp,unknown,496,0,OTH,0,2,0,580,0,0,Normal
1.418479,udp,dns,0,0,OTH,0,8,0,224,0,1,Attack
0.0,tcp,dns,0,0,S1,0,2,0,128,0,1,Attack
1.913925,udp,dns,0,0,OTH,0,10,0,280,0,1,Attack
0.0,tcp,ssl,0,0,S1,0,2,0,120,0,1,Attack
1e-06,tcp,ssl,0,0,S1,0,2,0,120,0,1,Attack
198.023691,tcp,dns,0,0,S1,0,4,0,256,0,1,Attack
0.0,tcp,dns,0,0,S1,0,2,0,128,0,1,Attack
1e-06,tcp,ssl,0,0,S1,0,2,0,120,0,1,Attack
0.937377,tcp,unknown,60738,0,OTH,0,72,72,64626,4320,0,Normal
2.925573,tcp,http,84,0,S1,0,14,0,560,0,1,Attack
230.929145,tcp,dns,0,0,S1,0,6,0,384,0,1,Attack
0.966307,tcp,unknown,78136,0,OTH,0,102,102,83644,6120,0,Normal
0.0,tcp,dns,0,0,S1,0,2,0,128,0,1,Attack
0.950334,tcp,unknown,81842,0,OTH,0,88,86,86594,5160,0,Normal
1e-06,udp,dhcp,1480,0,OTH,0,2,0,1564,0,0,Normal
0.0,udp,unknown,496,0,OTH,0,2,0,580,0,0,Normal
0.50799,udp,unknown,820,0,OTH,0,6,0,1072,0,0,Normal
0.440962,other,unknown,0,0,OTH,0,2,0,120,0,0,Normal
1e-06,udp,unknown,496,0,OTH,0,2,0,580,0,0,Normal
0.49658,udp,unknown,820,0,OTH,0,6,0,1072,0,0,Normal
0.0,tcp,ssl,0,0,S1,0,2,0,120,0,1,Attack
1.907864,udp,dns,0,0,OTH,0,10,0,280,0,1,Attack
1.891597,udp,dns,0,0,OTH,0,10,0,280,0,1,Attack
0.976223,tcp,unknown,71318,0,OTH,0,94,94,76394,5640,0,Normal
0.0,tcp,dns,0,0,S1,0,2,0,128,0,1,Attack
3.424495,tcp,http,96,0,S1,0,16,0,640,0,1,Attack
0.499379,udp,unknown,820,0,OTH,0,6,0,1072,0,0,Normal
0.005409,tcp,unknown,1132,1062,SF,0,18,14,2084,1806,1,Attack
2.918251,tcp,http,84,0,S1,0,14,0,560,0,1,Attack
1e-06,udp,unknown,496,0,OTH,0,2,0,580,0,0,Normal
105.922634,tcp,dns,0,0,S1,0,4,0,256,0,1,Attack
1.914636,udp,dns,0,0,OTH,0,10,0,280,0,1,Attack
0.0,tcp,dns,0,0,S1,0,2,0,128,0,1,Attack
1.898478,udp,dns,0,0,OTH,0,10,0,280,0,1,Attack
0.0,udp,unknown,496,0,OTH,0,2,0,580,0,0,Normal
2.948465,tcp,http,84,0,S1,0,14,0,560,0,1,Attack
1e-06,udp,dhcp,1480,0,OTH,0,2,0,1564,0,0,Normal
2.912576,tcp,http,84,0,S1,0,14,0,560,0,1,Attack
1.917424,udp,dns,0,0,OTH,0,10,0,280,0,1,Attack
0.997789,tcp,unknown,105784,0,OTH,0,120,120,112264,7200,0,Normal
0.0,udp,unknown,496,0,OTH,0,2,0,580,0,0,Normal
0.0,tcp,dns,0,0,S1,0,2,0,128,0,1,Attack
0.0,tcp,dns,0,0,S1,0,2,0,128,0,1,Attack
1e-06,udp,unknown,496,0,OTH,0,2,0,580,0,0,Normal
0.989554,tcp,unknown,81970,0,OTH,0,108,108,87802,6480,0,Normal
1.921603,udp,dns,0,0,OTH,0,10,0,280,0,1,Attack
0.0,tcp,ssl,0,0,S1,0,2,0,120,0,1,Attack
0.018853,tcp,unknown,4,12,RSTR,0,2,2,88,80,1,Attack
0.035751,tcp,unknown,4,12,RSTR,0,2,2,88,80,1,Attack
0.973549,tcp,unknown,91308,0,OTH,0,84,84,95844,5040,0,Normal
0.0,tcp,dns,0,0,S1,0,2,0,128,0,1,Attack
1.915422,udp,dns,0,0,OTH,0,10,0,280,0,1,Attack
0.359827,other,unknown,0,0,OTH,0,2,0,120,0,0,Normal
1e-06,udp,unknown,496,0,OTH,0,2,0,580,0,0,Normal
0.981166,tcp,unknown,109562,0,OTH,0,122,118,116150,7080,0,Normal
0.752684,udp,unknown,1032,0,OTH,0,10,0,1452,0,0,Normal
0.963088,tcp,unknown,104350,0,OTH,0,116,116,110614,6960,0,Normal
55.071809,tcp,dns,0,0,S1,0,4,0,256,0,1,Attack
1.896002,udp,dns,0,0,OTH,0,10,0,280,0,1,Attack
1e-06,tcp,dns,0,0,S1,0,2,0,128,0,1,Attack
0.888633,udp,unknown,708,0,OTH,0,6,0,960,0,0,Normal
1.908933,udp,dns,0,0,OTH,0,10,0,280,0,1,Attack
0.902029,udp,unknown,674,0,OTH,0,4,0,842,0,0,Normal
1e-06,udp,unknown,496,0,OTH,0,2,0,580,0,0,Normal
0.105745,udp,unknown,1096,0,OTH,0,8,0,1432,0,0,Normal
0.954739,tcp,unknown,61728,0,OTH,0,78,78,65940,4680,0,Normal
1.92216,udp,dns,0,0,OTH,0,10,0,280,0,1,Attack
2.948024,tcp,http,84,0,S1,0,14,0,560,0,1,Attack
2.938974,tcp,http,84,0,S1,0,14,0,560,0,1,Attack
0.0,tcp,dns,0,0,S1,0,2,0,128,0,1,Attack
0.980303,tcp,unknown,95696,0,OTH,0,114,116,101852,6960,0,Normal
2.93354,tcp,http,84,0,S1,0,14,0,560,0,1,Attack
0.0,tcp,ssl,0,0,S1,0,2,0,120,0,1,Attack
0.045582,tcp,unknown,4,12,RSTR,0,2,2,88,80,1,Attack
0.252434,other,unknown,0,0,OTH,0,2,0,120,0,0,Normal
1.896933,udp,dns,0,0,OTH,0,10,0,280,0,1,Attack
1.891586,udp,dns,0,0,OTH,0,10,0,280,0,1,Attack
0.933642,tcp,unknown,94888,0,OTH,0,102,102,100396,6120,0,Normal
1e-06,udp,unknown,496,0,OTH,0,2,0,580,0,0,Normal
0.0,tcp,dns,0,0,S1,0,2,0,128,0,1,Attack
2.906039,tcp,http,84,0,S1,0,14,0,560,0,1,Attack
1e-06,tcp,dns,0,0,S1,0,2,0,128,0,1,Attack
0.0,udp,unknown,162,0,OTH,0,2,0,246,0,0,Normal
0.003091,tcp,http,0,12,RSTR,0,2,2,120,80,1,Attack
2.926319,tcp,http,84,0,S1,0,14,0,560,0,1,Attack
0.965904,tcp,unknown,91454,0,OTH,0,102,98,96962,5880,0,Normal
0.990079,tcp,unknown,162300,0,OTH,0,154,116,170616,6960,0,Normal
0.824064,tcp,unknown,57432,0,RSTO,0,74,72,61428,4320,0,Normal
1.890378,udp,dns,0,0,OTH,0,10,0,280,0,1,Attack
0.966827,tcp,unknown,75952,0,OTH,0,96,96,81136,5760,0,Normal
0.0,tcp,dns,0,0,S1,0,2,0,128,0,1,Attack
0.964641,tcp,unknown,80618,0,OTH,0,96,96,85802,5760,0,Normal
1e-06,udp,unknown,496,0,OTH,0,2,0,580,0,0,Normal
2.944691,tcp,http,84,0,S1,0,14,0,560,0,1,Attack
0.0,tcp,dns,0,0,S1,0,2,0,128,0,1,Attack
0.919776,tcp,unknown,40998,0,OTH,0,68,68,44670,4080,0,Normal
1e-06,udp,unknown,496,0,OTH,0,2,0,580,0,0,Normal
0.80321,other,unknown,0,0,OTH,0,2,0,120,0,0,Normal
1e-06,udp,unknown,496,0,OTH,0,2,0,580,0,0,Normal
1e-06,udp,unknown,496,0,OTH,0,2,0,580,0,0,Normal
0.216379,other,unknown,0,0,OTH,0,2,0,120,0,0,Normal
1e-06,udp,unknown,496,0,OTH,0,2,0,580,0,0,Normal
0.96449,tcp,unknown,100100,0,OTH,0,118,116,106472,6960,0,Normal
3.4263,tcp,http,96,0,S1,0,16,0,640,0,1,Attack
1e-06,tcp,dns,0,0,S1,0,2,0,128,0,1,Attack
0.0,tcp,dns,0,0,S1,0,2,0,128,0,1,Attack
2.90669,tcp,http,84,0,S1,0,14,0,560,0,1,Attack
0.0,other,unknown,0,0,OTH,0,1,0,60,0,0,Normal
2.938415,tcp,http,84,0,S1,0,14,0,560,0,1,Attack
0.0,other,unknown,0,0,OTH,0,1,0,60,0,0,Normal
0.972268,tcp,unknown,69886,0,OTH,0,92,92,74854,5520,0,Normal
3.428296,tcp,http,90,0,S1,0,15,0,600,0,1,Attack
0.0,tcp,dns,0,0,S1,0,2,0,128,0,1,Attack
1e-06,udp,unknown,496,0,OTH,0,2,0,580,0,0,Normal
2.944731,tcp,http,84,0,S1,0,14,0,560,0,1,Attack
0.972095,tcp,unknown,65296,0,OTH,0,90,90,70156,5400,0,Normal
0.0,udp,unknown,496,0,OTH,0,2,0,580,0,0,Normal
2.944737,tcp,http,84,0,S1,0,14,0,560,0,1,Attack
0.0,tcp,ssl,0,0,S1,0,2,0,120,0,1,Attack
1.912402,udp,dns,0,0,OTH,0,10,0,280,0,1,Attack
0.0,tcp,ssl,0,0,S1,0,2,0,120,0,1,Attack
0.96942,tcp,unknown,87196,0,OTH,0,104,104,92812,6240,0,Normal
0.0,tcp,dns,0,0,S1,0,2,0,128,0,1,Attack
0.969712,tcp,unknown,114900,0,OTH,0,130,130,121920,7800,0,Normal
0.0,tcp,dns,0,0,S1,0,2,0,128,0,1,Attack
0.0,other,unknown,0,0,OTH,0,1,0,60,0,0,Normal
0.0,tcp,dns,0,0,S1,0,2,0,128,0,1,Attack
0.0,tcp,ssl,0,0,S1,0,2,0,120,0,1,Attack
1.912357,udp,dns,0,0,OTH,0,10,0,280,0,1,Attack
2.946998,tcp,http,84,0,S1,0,14,0,560,0,1,Attack
0.0,tcp,dns,0,0,S1,0,2,0,128,0,1,Attack
1e-06,tcp,unknown,0,0,S1,0,0,2,0,148,0,Normal
1e-06,tcp,ssl,0,0,S1,0,2,0,120,0,1,Attack
1.914846,udp,dns,0,0,OTH,0,10,0,280,0,1,Attack
0.752546,udp,unknown,982,0,OTH,0,8,0,1318,0,0,Normal
0.0,tcp,dns,0,0,S1,0,2,0,128,0,1,Attack
0.0,tcp,ssl,0,0,S1,0,2,0,120,0,1,Attack
3.426932,tcp,http,96,0,S1,0,16,0,640,0,1,Attack
0.502261,udp,unknown,486,0,OTH,0,6,0,738,0,0,Normal
0.0,tcp,dns,0,0,S1,0,2,0,128,0,1,Attack
1.913083,udp,dns,0,0,OTH,0,10,0,280,0,1,Attack
0.0,udp,unknown,274,0,OTH,0,2,0,358,0,0,Normal
3.42441,tcp,http,96,0,S1,0,16,0,640,0,1,Attack
0.0,tcp,dns,0,0,S1,0,2,0,128,0,1,Attack
0.072845,tcp,unknown,7336,0,RSTO,0,8,8,7768,480,0,Normal
0.0,other,unknown,0,0,OTH,0,1,0,60,0,0,Normal
1e-06,tcp,ssl,0,0,S1,0,2,0,120,0,1,Attack
11.960248,tcp,http,0,24,RSTR,0,4,4,240,160,1,Attack
0.994779,tcp,unknown,76166,0,OTH,0,94,94,81242,5640,0,Normal
0.930308,tcp,unknown,82630,0,OTH,0,94,94,87706,5640,0,Normal
0.0,udp,unknown,16,0,OTH,0,2,0,72,0,1,Attack
0.944814,tcp,unknown,80860,0,OTH,0,100,100,86260,6000,0,Normal
0.0,other,unknown,0,0,OTH,0,1,0,60,0,0,Normal
1e-06,udp,unknown,496,0,OTH,0,2,0,580,0,0,Normal
0.955561,tcp,unknown,44942,0,OTH,0,62,62,48290,3720,0,Normal
0.981091,tcp,unknown,74942,0,OTH,0,96,96,80126,5760,0,Normal
2.946817,tcp,http,84,0,S1,0,14,0,560,0,1,Attack
0.984638,tcp,unknown,112544,0,OTH,0,132,132,119672,7920,0,Normal
0.0,udp,unknown,496,0,OTH,0,2,0,580,0,0,Normal
0.962329,tcp,unknown,76908,0,OTH,0,100,100,82308,6000,0,Normal
114.968468,tcp,dns,0,0,S1,0,4,0,256,0,1,Attack
0.0,tcp,unknown,0,0,S1,0,0,2,0,148,0,Normal
1.911312,udp,dns,0,0,OTH,0,10,0,280,0,1,Attack
0.0,tcp,dns,0,0,S1,0,2,0,128,0,1,Attack
1.924012,udp,dns,0,0,OTH,0,9,0,252,0,1,Attack
2.941462,tcp,http,84,0,S1,0,14,0,560,0,1,Attack
0.0,other,unknown,0,0,OTH,0,1,0,60,0,0,Normal
1.914642,udp,dns,0,0,OTH,0,10,0,280,0,1,Attack
1.889496,udp,dns,0,0,OTH,0,10,0,280,0,1,Attack
1e-06,udp,unknown,496,0,OTH,0,2,0,580,0,0,Normal
1e-06,tcp,dns,0,0,S1,0,2,0,128,0,1,Attack
0.957476,tcp,unknown,45348,0,OTH,0,70,70,49128,4200,0,Normal
0.963795,tcp,unknown,112998,0,OTH,0,132,132,120126,7920,0,Normal
0.0,tcp,ssl,0,0,S1,0,2,0,120,0,1,Attack
0.77349,tcp,unknown,62260,0,RSTO,0,78,76,66484,4560,0,Normal
1e-06,udp,unknown,496,0,OTH,0,2,0,580,0,0,Normal
2.906021,tcp,http,84,0,S1,0,14,0,560,0,1,Attack
0.278603,udp,unknown,658,0,OTH,0,4,0,826,0,0,Normal
0.0,tcp,ssl,0,0,S1,0,2,0,120,0,1,Attack
0.0,tcp,ssl,0,0,S1,0,2,0,120,0,1,Attack
0.957615,tcp,unknown,112254,0,OTH,0,122,120,118842,7200,0,Normal
0.486234,udp,unknown,820,0,OTH,0,6,0,1072,0,0,Normal
0.95631,tcp,unknown,101876,0,OTH,0,120,118,108356,7080,0,Normal
0.0,udp,unknown,496,0,OTH,0,2,0,580,0,0,Normal
0.98474,tcp,unknown,75792,0,OTH,0,100,100,81192,6000,0,Normal
0.262381,other,unknown,0,0,OTH,0,2,0,120,0,0,Normal
1.890461,udp,dns,0,0,OTH,0,10,0,280,0,1,Attack
0.0,tcp,ssl,0,0,S1,0,2,0,120,0,1,Attack
0.122876,other,unknown,0,0,OTH,0,2,0,120,0,0,Normal
1.905794,udp,dns,0,0,OTH,0,10,0,280,0,1,Attack
0.0,udp,unknown,86,0,OTH,0,2,0,170,0,0,Normal
1.900003,udp,dns,0,0,OTH,0,10,0,280,0,1,Attack
2.933744,tcp,http,84,0,S1,0,14,0,560,0,1,Attack
1e-06,udp,unknown,496,0,OTH,0,2,0,580,0,0,Normal
337.0418,tcp,dns,0,0,S1,0,4,0,256,0,1,Attack
0.014789,other,unknown,0,0,OTH,0,2,0,120,0,0,Normal
1e-06,udp,unknown,496,0,OTH,0,2,0,580,0,0,Normal
0.055949,tcp,unknown,4,12,RSTR,0,2,2,88,80,1,Attack
0.0,other,unknown,0,0,OTH,0,1,0,60,0,0,Normal
3.428983,tcp,http,96,0,S1,0,16,0,640,0,1,Attack
1.889222,udp,dns,0,0,OTH,0,10,0,280,0,1,Attack
2.91612,tcp,http,84,0,S1,0,14,0,560,0,1,Attack
0.0,udp,unknown,496,0,OTH,0,2,0,580,0,0,Normal
61.974331,tcp,dns,0,0,S1,0,4,0,256,0,1,Attack
0.272246,udp,unknown,708,0,OTH,0,6,0,960,0,0,Normal
0.0,tcp,dns,0,0,S1,0,2,0,128,0,1,Attack
0.561083,other,unknown,0,0,OTH,0,3,0,182,0,0,Normal
0.0,tcp,dns,0,0,S1,0,2,0,128,0,1,Attack
0.0,tcp,dns,0,0,S1,0,2,0,128,0,1,Attack
1.898773,udp,dns,0,0,OTH,0,10,0,280,0,1,Attack
0.953739,tcp,unknown,97538,0,OTH,0,112,112,103586,6720,0,Normal
0.965263,tcp,unknown,71642,0,OTH,0,98,98,76934,5880,0,Normal
0.0,tcp,dns,0,0,S1,0,2,0,128,0,1,Attack
0.944691,tcp,unknown,78598,0,OTH,0,102,102,84106,6120,0,Normal
1.91209,udp,dns,0,0,OTH,0,10,0,280,0,1,Attack
0.0,tcp,dns,0,0,S1,0,2,0,128,0,1,Attack
1.934056,udp,dns,0,0,OTH,0,10,0,280,0,1,Attack
0.010342,tcp,unknown,4,12,RSTR,0,2,2,88,80,1,Attack
3.42511,tcp,http,96,0,S1,0,16,0,640,0,1,Attack
3.426943,tcp,http,96,0,S1,0,16,0,640,0,1,Attack
0.006652,tcp,http,0,12,RSTR,0,2,2,120,80,1,Attack
1.913226,udp,dns,0,0,OTH,0,10,0,280,0,1,Attack
0.0,tcp,ssl,0,0,S1,0,2,0,120,0,1,Attack
0.0,tcp,ssl,0,0,S1,0,2,0,120,0,1,Attack
0.0,tcp,ssl,0,0,S1,0,2,0,120,0,1,Attack
2.941984,tcp,http,84,0,S1,0,14,0,560,0,1,Attack
0.977316,tcp,unknown,61938,0,OTH,0,80,80,66258,4800,0,Normal
0.0,tcp,dns,0,0,S1,0,2,0,128,0,1,Attack
1.919835,udp,dns,0,0,OTH,0,10,0,280,0,1,Attack
0.2501,udp,unknown,324,0,OTH,0,4,0,492,0,0,Normal
2.94168,tcp,http,84,0,S1,0,14,0,560,0,1,Attack
0.935153,tcp,unknown,73858,0,OTH,0,92,92,78826,5520,0,Normal
0.0,tcp,dns,0,0,S1,0,2,0,128,0,1,Attack
0.015089,tcp,unknown,4,12,RSTR,0,2,2,88,80,1,Attack
0.964217,tcp,unknown,96414,0,OTH,0,104,104,102030,6240,0,Normal
2.919506,tcp,http,84,0,S1,0,14,0,560,0,1,Attack
0.0,tcp,dns,0,0,S1,0,2,0,128,0,1,Attack
0.973928,tcp,unknown,93996,0,OTH,0,110,108,99936,6480,0,Normal
1.902787,udp,dns,0,0,OTH,0,10,0,280,0,1,Attack
0.76332,tcp,unknown,86148,0,RSTO,0,96,92,91344,5520,0,Normal
0.671255,other,unknown,0,0,OTH,0,4,0,242,0,0,Normal
0.0,udp,unknown,496,0,OTH,0,2,0,580,0,0,Normal
1e-06,tcp,ssl,0,0,S1,0,2,0,120,0,1,Attack
1e-06,tcp,dns,0,0,S1,0,2,0,128,0,1,Attack
1.891509,udp,dns,0,0,OTH,0,10,0,280,0,1,Attack
1.908006,udp,dns,0,0,OTH,0,10,0,280,0,1,Attack
0.939141,tcp,unknown,54328,0,OTH,0,70,70,58108,4200,0,Normal
0.915113,tcp,unknown,62016,0,OTH,0,82,82,66444,4920,0,Normal
0.0,tcp,dns,0,0,S1,0,2,0,128,0,1,Attack
2.906593,tcp,http,84,0,S1,0,14,0,560,0,1,Attack
0.0,tcp,dns,0,0,S1,0,2,0,128,0,1,Attack
0.0,other,unknown,0,0,OTH,0,1,0,60,0,0,Normal
71.857208,tcp,dns,0,0,S1,0,4,0,256,0,1,Attack
0.0,udp,dhcp,1480,0,OTH,0,2,0,1564,0,0,Normal
1.890791,udp,dns,0,0,OTH,0,10,0,280,0,1,Attack
0.0,other,unknown,0,0,OTH,0,1,0,60,0,0,Normal
2.908377,tcp,http,84,0,S1,0,14,0,560,0,1,Attack
0.975534,tcp,unknown,47338,0,OTH,0,64,64,50794,3840,0,Normal
0.0,tcp,ssl,0,0,S1,0,2,0,120,0,1,Attack
0.98309,tcp,unknown,106908,0,OTH,0,122,122,113496,7320,0,Normal
1e-06,udp,unknown,496,0,OTH,0,2,0,580,0,0,Normal
0.989787,tcp,unknown,72858,0,OTH,0,92,92,77826,5520,0,Normal
0.275635,udp,unknown,708,0,OTH,0,6,0,960,0,0,Normal
1.915872,udp,dns,0,0,OTH,0,10,0,280,0,1,Attack
2.930012,tcp,http,84,0,S1,0,14,0,560,0,1,Attack
0.999366,tcp,unknown,114800,0,OTH,0,128,128,121712,7680,0,Normal
0.974168,tcp,unknown,121212,0,OTH,0,130,130,128232,7800,0,Normal
0.0,other,unknown,0,0,OTH,0,1,0,60,0,0,Normal
1e-06,udp,dhcp,1480,0,OTH,0,2,0,1564,0,0,Normal
0.500305,udp,unknown,820,0,OTH,0,6,0,1072,0,0,Normal
1e-06,tcp,ssl,0,0,S1,0,2,0,120,0,1,Attack
2.93114,tcp,http,84,0,S1,0,14,0,560,0,1,Attack
0.0,tcp,dns,0,0,S1,0,2,0,128,0,1,Attack
3.427909,tcp,http,96,0,S1,0,16,0,640,0,1,Attack
0.008683,tcp,unknown,4,12,RSTR,0,2,2,88,80,1,Attack
0.0,tcp,ssl,0,0,S1,0,2,0,120,0,1,Attack
0.811173,other,unknown,0,0,OTH,0,2,0,120,0,0,Normal
1e-06,udp,unknown,496,0,OTH,0,2,0,580,0,0,Normal
0.127569,other,unknown,0,0,OTH,0,2,0,120,0,0,Normal
0.00836,tcp,unknown,4,12,RSTR,0,2,2,88,80,1,Attack
1e-06,tcp,dns,0,0,S1,0,2,0,128,0,1,Attack
0.0,udp,unknown,274,0,OTH,0,2,0,358,0,0,Normal
1e-06,udp,unknown,496,0,OTH,0,2,0,580,0,0,Normal
0.474813,udp,unknown,486,0,OTH,0,6,0,738,0,0,Normal
0.96996,tcp,unknown,63188,0,OTH,0,80,80,67508,4800,0,Normal
0.0,other,unknown,0,0,OTH,0,1,0,60,0,0,Normal
0.0,udp,unknown,274,0,OTH,0,2,0,358,0,0,Normal
1e-06,udp,unknown,496,0,OTH,0,2,0,580,0,0,Normal
1e-06,udp,dhcp,1480,0,OTH,0,2,0,1564,0,0,Normal
0.943149,tcp,unknown,74224,0,OTH,0,98,98,79516,5880,0,Normal
0.0,udp,unknown,274,0,OTH,0,2,0,358,0,0,Normal
0.050049,other,unknown,0,0,OTH,0,2,0,120,0,0,Normal
1.907134,udp,dns,0,0,OTH,0,10,0,280,0,1,Attack
1e-06,tcp,dns,0,0,S1,0,2,0,128,0,1,Attack
0.0,udp,unknown,496,0,OTH,0,2,0,580,0,0,Normal
1e-06,udp,unknown,496,0,OTH,0,2,0,580,0,0,Normal
1e-06,udp,unknown,496,0,OTH,0,2,0,580,0,0,Normal
0.00569,tcp,http,0,12,RSTR,0,2,2,120,80,1,Attack
0.0,other,unknown,0,0,OTH,0,1,0,60,0,0,Normal
201.987162,tcp,dns,0,0,S1,0,6,0,384,0,1,Attack
0.940515,tcp,unknown,97730,0,OTH,0,106,106,103454,6360,0,Normal
2.939114,tcp,http,84,0,S1,0,14,0,560,0,1,Attack
0.0,tcp,dns,0,0,S1,0,2,0,128,0,1,Attack
1.89695,udp,dns,0,0,OTH,0,10,0,280,0,1,Attack
2.936365,tcp,http,84,0,S1,0,14,0,560,0,1,Attack
0.994468,tcp,unknown,116188,0,OTH,0,120,116,122668,6960,0,Normal
0.0,tcp,ssl,0,0,S1,0,2,0,120,0,1,Attack
31.35007,tcp,ssl,0,0,S1,0,4,0,240,0,1,Attack
0.985896,tcp,unknown,36162,0,OTH,0,78,78,40374,4680,0,Normal
0.0,udp,unknown,496,0,OTH,0,2,0,580,0,0,Normal
2.934254,tcp,http,84,0,S1,0,14,0,560,0,1,Attack
1.908564,udp,dns,0,0,OTH,0,10,0,280,0,1,Attack
1e-06,udp,dhcp,1480,0,OTH,0,2,0,1564,0,0,Normal
1e-06,udp,unknown,496,0,OTH,0,2,0,580,0,0,Normal
1.905723,udp,dns,0,0,OTH,0,10,0,280,0,1,Attack
1.892579,udp,dns,0,0,OTH,0,10,0,280,0,1,Attack
0.966199,tcp,unknown,98014,0,OTH,0,114,114,104170,6840,0,Normal
3.426267,tcp,http,90,0,S1,0,15,0,600,0,1,Attack
2.92361,tcp,http,84,0,S1,0,14,0,560,0,1,Attack
0.05564,tcp,unknown,4,12,RSTR,0,2,2,88,80,1,Attack
1.914935,udp,dns,0,0,OTH,0,10,0,280,0,1,Attack
2.923168,tcp,http,84,0,S1,0,14,0,560,0,1,Attack
0.0,tcp,dns,0,0,S1,0,2,0,128,0,1,Attack
0.0,other,unknown,0,0,OTH,0,1,0,60,0,0,Normal
0.990592,tcp,unknown,75728,0,OTH,0,92,92,80696,5520,0,Normal
1e-06,udp,unknown,496,0,OTH,0,2,0,580,0,0,Normal
0.993728,tcp,unknown,63262,0,OTH,0,84,84,67798,5040,0,Normal
10.923764,tcp,http,0,24,RSTR,0,4,4,240,160,1,Attack
3.428107,tcp,http,90,0,S1,0,15,0,600,0,1,Attack
0.981176,tcp,unknown,52986,0,OTH,0,76,76,57090,4560,0,Normal
1.92873,udp,dns,0,0,OTH,0,10,0,280,0,1,Attack
0.0,tcp,dns,0,0,S1,0,2,0,128,0,1,Attack
0.0,other,unknown,0,0,OTH,0,1,0,60,0,0,Normal
0.0,tcp,dns,0,0,S1,0,2,0,128,0,1,Attack
1.914388,udp,dns,0,0,OTH,0,10,0,280,0,1,Attack
0.0,tcp,ssl,0,0,S1,0,2,0,120,0,1,Attack
0.0,tcp,dns,0,0,S1,0,2,0,128,0,1,Attack
0.965692,tcp,unknown,101474,0,OTH,0,114,110,107630,6600,0,Normal
0.964793,tcp,unknown,106590,0,OTH,0,120,120,113070,7200,0,Normal
0.96359,tcp,unknown,64192,0,OTH,0,84,84,68728,5040,0,Normal
0.0,tcp,dns,0,0,S1,0,2,0,128,0,1,Attack
1e-06,tcp,unknown,0,0,S1,0,0,2,0,148,0,Normal
1e-06,tcp,unknown,0,0,RSTO,0,0,2,0,120,0,Normal
1.923017,udp,dns,0,0,OTH,0,9,0,252,0,1,Attack
2.933232,tcp,http,84,0,S1,0,14,0,560,0,1,Attack
3.424511,tcp,http,96,0,S1,0,16,0,640,0,1,Attack
0.959691,tcp,unknown,109704,0,OTH,0,122,120,116292,7200,0,Normal
0.976427,tcp,unknown,103356,0,OTH,0,116,116,109620,6960,0,Normal
0.980245,tcp,unknown,115046,0,OTH,0,126,126,121850,7560,0,Normal
1.91989,udp,dns,0,0,OTH,0,10,0,280,0,1,Attack
1.905192,udp,dns,0,0,OTH,0,10,0,280,0,1,Attack
0.985398,tcp,unknown,238020,892,OTH,0,202,140,248940,9256,0,Normal
0.938895,tcp,unknown,65126,0,OTH,0,98,96,70418,5760,0,Normal
0.990568,udp,unknown,12296,0,OTH,0,46,0,13584,0,1,Attack
1e-06,tcp,dns,0,0,S1,0,2,0,128,0,1,Attack
0.144089,udp,unknown,1096,0,OTH,0,8,0,1432,0,0,Normal
2.916765,tcp,http,84,0,S1,0,14,0,560,0,1,Attack
0.980705,tcp,unknown,84200,0,OTH,0,108,108,90032,6480,0,Normal
1e-06,udp,unknown,86,0,OTH,0,2,0,170,0,0,Normal
0.0,other,unknown,0,0,OTH,0,1,0,60,0,0,Normal
1e-06,udp,unknown,496,0,OTH,0,2,0,580,0,0,Normal
0.904798,other,unknown,0,0,OTH,0,2,0,120,0,0,Normal
0.388492,tcp,unknown,31318,0,RSTO,0,42,40,33598,2400,0,Normal
1.922001,udp,dns,0,0,OTH,0,10,0,280,0,1,Attack
0.0,udp,unknown,162,0,OTH,0,2,0,246,0,0,Normal
0.0,other,unknown,0,0,OTH,0,1,0,60,0,0,Normal
8e-05,other,unknown,0,0,OTH,0,2,0,120,0,0,Normal
2.939061,tcp,http,84,0,S1,0,14,0,560,0,1,Attack
0.99338,tcp,unknown,65630,0,OTH,0,90,92,70490,5520,0,Normal
0.457217,udp,unknown,658,0,OTH,0,4,0,826,0,0,Normal
1e-06,udp,unknown,496,0,OTH,0,2,0,580,0,0,Normal
0.236182,tcp,unknown,37104,1320,S1,0,40,46,39280,4048,0,Normal
0.0,udp,unknown,16,0,OTH,0,2,0,72,0,1,Attack
1e-06,udp,unknown,496,0,OTH,0,2,0,580,0,0,Normal
2.94594,tcp,http,84,0,S1,0,14,0,560,0,1,Attack
1.909392,udp,dns,0,0,OTH,0,10,0,280,0,1,Attack
0.0,udp,unknown,162,0,OTH,0,2,0,246,0,0,Normal
0.924777,tcp,unknown,78160,0,OTH,0,92,92,83128,5520,0,Normal
3.42886,tcp,http,96,0,S1,0,16,0,640,0,1,Attack
1.889528,udp,dns,0,0,OTH,0,10,0,280,0,1,Attack
1.904818,udp,dns,0,0,OTH,0,10,0,280,0,1,Attack
0.0,tcp,ssl,0,0,S1,0,2,0,120,0,1,Attack
1.928705,udp,dns,0,0,OTH,0,10,0,280,0,1,Attack
0.0,tcp,ssl,0,0,S1,0,2,0,120,0,1,Attack
1e-06,udp,unknown,496,0,OTH,0,2,0,580,0,0,Normal
0.252285,udp,unknown,324,0,OTH,0,4,0,492,0,0,Normal
1e-06,udp,unknown,496,0,OTH,0,2,0,580,0,0,Normal
1.414781,udp,dns,0,0,OTH,0,8,0,224,0,1,Attack
0.989895,tcp,unknown,94062,0,OTH,0,108,108,99894,6480,0,Normal
2.944249,tcp,http,84,0,S1,0,14,0,560,0,1,Attack
0.959363,tcp,unknown,136872,0,OTH,0,142,112,144540,6720,0,Normal
0.0,tcp,ssl,0,0,S1,0,2,0,120,0,1,Attack
1.901075,udp,dns,0,0,OTH,0,10,0,280,0,1,Attack
0.982833,tcp,unknown,87846,0,OTH,0,110,108,93786,6480,0,Normal
1e-06,udp,unknown,496,0,OTH,0,2,0,580,0,0,Normal
0.970343,tcp,unknown,75420,0,OTH,0,96,96,80604,5760,0,Normal
0.994829,tcp,unknown,168546,0,OTH,0,160,122,177186,7320,0,Normal
1.9e-05,tcp,ssl,0,0,S1,0,2,0,120,0,1,Attack
0.988808,tcp,unknown,68080,0,OTH,0,92,92,73048,5520,0,Normal
1.903789,udp,dns,0,0,OTH,0,10,0,280,0,1,Attack
0.0,tcp,dns,0,0,S1,0,2,0,128,0,1,Attack
2.928395,tcp,http,84,0,S1,0,14,0,560,0,1,Attack
1.921676,udp,dns,0,0,OTH,0,10,0,280,0,1,Attack
0.0,tcp,dns,0,0,S1,0,2,0,128,0,1,Attack
0.0,udp,unknown,496,0,OTH,0,2,0,580,0,0,Normal
1e-06,udp,unknown,496,0,OTH,0,2,0,580,0,0,Normal
0.272129,tcp,unknown,44502,0,RSTO,0,40,28,46662,1680,0,Normal
1.913939,udp,dns,0,0,OTH,0,10,0,280,0,1,Attack
355.179036,udp,unknown,5600,0,OTH,0,140,0,9520,0,1,Attack
0.537847,tcp,unknown,120582,1320,S1,0,104,84,126226,6328,0,Normal
0.819964,tcp,unknown,75090,0,RSTO,0,98,96,80394,5760,0,Normal
1.913703,udp,dns,0,0,OTH,0,10,0,280,0,1,Attack
0.0,udp,unknown,162,0,OTH,0,2,0,246,0,0,Normal
0.959948,tcp,unknown,107704,0,OTH,0,120,120,114184,7200,0,Normal
0.976057,tcp,unknown,110898,0,OTH,0,126,126,117702,7560,0,Normal
0.009122,tcp,http,356,1112,SF,0,10,10,892,1648,1,Attack
0.968592,tcp,unknown,80768,0,OTH,0,94,94,85844,5640,0,Normal
1e-06,udp,unknown,496,0,OTH,0,2,0,580,0,0,Normal
0.002414,tcp,unknown,4,12,RSTR,0,2,2,88,80,1,Attack
0.0,tcp,dns,0,0,S1,0,2,0,128,0,1,Attack
0.0,tcp,dns,0,0,S1,0,2,0,128,0,1,Attack
0.966187,tcp,unknown,69662,0,OTH,0,100,100,75062,6000,0,Normal
0.969069,tcp,unknown,103880,0,OTH,0,114,114,110036,6840,0,Normal
1.913939,udp,dns,0,0,OTH,0,10,0,280,0,1,Attack
0.893029,udp,unknown,486,0,OTH,0,6,0,738,0,0,Normal
0.0,tcp,dns,0,0,S1,0,2,0,128,0,1,Attack
0.936369,tcp,unknown,69110,0,OTH,0,84,84,73646,5040,0,Normal
0.019963,tcp,unknown,4,12,RSTR,0,2,2,88,80,1,Attack
0.984486,tcp,unknown,74930,0,OTH,0,102,102,80438,6120,0,Normal
0.986835,tcp,unknown,104476,0,OTH,0,118,116,110848,6960,0,Normal
0.0,tcp,dns,0,0,S1,0,2,0,128,0,1,Attack
0.935235,tcp,unknown,90894,0,OTH,0,104,104,96510,6240,0,Normal
0.0,udp,unknown,496,0,OTH,0,2,0,580,0,0,Normal
0.0,tcp,ssl,0,0,S1,0,2,0,120,0,1,Attack
2.947785,tcp,http,84,0,S1,0,14,0,560,0,1,Attack
0.252637,udp,unknown,658,0,OTH,0,4,0,826,0,0,Normal
0.953456,tcp,unknown,103772,0,OTH,0,120,120,110252,7200,0,Normal
0.0,tcp,dns,0,0,S1,0,2,0,128,0,1,Attack
1.891731,udp,dns,0,0,OTH,0,10,0,280,0,1,Attack
1e-06,tcp,dns,0,0,S1,0,2,0,128,0,1,Attack
0.981137,tcp,unknown,51604,0,OTH,0,72,72,55492,4320,0,Normal
2.936702,tcp,http,84,0,S1,0,14,0,560,0,1,Attack
2.948112,tcp,http,84,0,S1,0,14,0,560,0,1,Attack
0.987807,tcp,unknown,42190,0,OTH,0,72,72,46078,4320,0,Normal
0.010946,tcp,http,0,12,RSTR,0,2,2,120,80,1,Attack
0.004323,tcp,unknown,1132,1062,SF,0,14,12,1876,1702,1,Attack
1.92184,udp,dns,0,0,OTH,0,10,0,280,0,1,Attack
3.424655,tcp,http,96,0,S1,0,16,0,640,0,1,Attack
0.754618,udp,unknown,982,0,OTH,0,8,0,1318,0,0,Normal
0.990769,tcp,unknown,77350,0,OTH,0,92,92,82318,5520,0,Normal
0.221138,udp,unknown,324,0,OTH,0,4,0,492,0,0,Normal
0.0,other,unknown,0,0,OTH,0,1,0,60,0,0,Normal
198.021108,tcp,dns,0,0,S1,0,4,0,256,0,1,Attack
2.939021,tcp,http,84,0,S1,0,14,0,560,0,1,Attack
0.96141,tcp,unknown,83310,0,OTH,0,112,112,89358,6720,0,Normal
0.00455,tcp,unknown,1132,1062,SF,0,14,12,1876,1702,1,Attack
1e-06,tcp,ssl,0,0,S1,0,2,0,120,0,1,Attack
0.0,tcp,ssl,0,0,S1,0,2,0,120,0,1,Attack
1.928828,udp,dns,0,0,OTH,0,9,0,252,0,1,Attack
1e-06,tcp,ssl,0,0,S1,0,2,0,120,0,1,Attack
0.0,tcp,ssl,0,0,S1,0,2,0,120,0,1,Attack
1e-06,udp,unknown,496,0,OTH,0,2,0,580,0,0,Normal
1e-06,tcp,ssl,0,0,S1,0,2,0,120,0,1,Attack
0.97479,tcp,unknown,104348,0,OTH,0,118,116,110720,6960,0,Normal
0.992039,tcp,unknown,80598,0,OTH,0,104,104,86214,6240,0,Normal
0.0,tcp,dns,0,0,S1,0,2,0,128,0,1,Attack
0.0,tcp,dns,0,0,S1,0,2,0,128,0,1,Attack
0.0,tcp,dns,0,0,S1,0,2,0,128,0,1,Attack
0.0,tcp,dns,0,0,S1,0,2,0,128,0,1,Attack
2.913777,tcp,http,84,0,S1,0,14,0,560,0,1,Attack
1.91497,udp,dns,0,0,OTH,0,10,0,280,0,1,Attack
1e-06,udp,unknown,274,0,OTH,0,2,0,358,0,0,Normal
0.664907,udp,unknown,940,0,OTH,0,10,0,1360,0,0,Normal
3.424078,tcp,http,96,0,S1,0,16,0,640,0,1,Attack
1e-06,udp,unknown,496,0,OTH,0,2,0,580,0,0,Normal
1.889841,udp,dns,0,0,OTH,0,10,0,280,0,1,Attack
0.961766,tcp,unknown,39910,0,OTH,0,70,70,43690,4200,0,Normal
0.995513,tcp,unknown,72864,0,OTH,0,92,92,77832,5520,0,Normal
0.971356,tcp,unknown,45556,0,OTH,0,74,74,49552,4440,0,Normal
2.944616,tcp,http,84,0,S1,0,14,0,560,0,1,Attack
0.989893,tcp,unknown,89916,0,OTH,0,100,98,95316,5880,0,Normal
1e-06,udp,unknown,496,0,OTH,0,2,0,580,0,0,Normal
0.969051,tcp,unknown,87128,0,OTH,0,100,98,92528,5880,0,Normal
0.974677,tcp,unknown,76386,0,OTH,0,92,90,81354,5400,0,Normal
0.955742,tcp,unknown,89496,0,OTH,0,112,110,95544,6600,0,Normal
0.0,other,unknown,0,0,OTH,0,1,0,60,0,0,Normal
0.480332,tcp,unknown,149374,1320,S1,0,123,118,156056,8368,0,Normal
0.518866,udp,unknown,648,0,OTH,0,8,0,984,0,0,Normal
0.0,udp,unknown,496,0,OTH,0,2,0,580,0,0,Normal
0.982247,tcp,unknown,60952,0,OTH,0,86,86,65596,5160,0,Normal
0.964062,tcp,unknown,81866,0,OTH,0,104,104,87482,6240,0,Normal
1e-06,udp,unknown,274,0,OTH,0,2,0,358,0,0,Normal
0.0,tcp,ssl,0,0,S1,0,2,0,120,0,1,Attack
0.0,tcp,ssl,0,0,S1,0,2,0,120,0,1,Attack
0.0,tcp,dns,0,0,S1,0,2,0,128,0,1,Attack
0.965696,tcp,unknown,70252,0,OTH,0,90,90,75112,5400,0,Normal
2.93897,tcp,http,84,0,S1,0,14,0,560,0,1,Attack
1.414761,udp,dns,0,0,OTH,0,8,0,224,0,1,Attack
0.50042,udp,unknown,820,0,OTH,0,6,0,1072,0,0,Normal
0.967332,tcp,unknown,87358,0,OTH,0,94,90,92434,5400,0,Normal
3.426318,tcp,http,96,0,S1,0,16,0,640,0,1,Attack
0.0,other,unknown,0,0,OTH,0,1,0,60,0,0,Normal
0.344242,udp,unknown,658,0,OTH,0,4,0,826,0,0,Normal
0.965729,tcp,unknown,59636,0,OTH,0,78,78,63848,4680,0,Normal
0.503077,udp,unknown,486,0,OTH,0,6,0,738,0,0,Normal
0.0,tcp,ssl,0,0,S1,0,2,0,120,0,1,Attack
0.0,udp,unknown,162,0,OTH,0,2,0,246,0,0,Normal
0.0,tcp,dns,0,0,S1,0,2,0,128,0,1,Attack
0.95996,tcp,unknown,51032,0,OTH,0,74,74,55028,4440,0,Normal
0.0,other,unknown,0,0,OTH,0,1,0,60,0,0,Normal
0.959814,tcp,unknown,76170,0,OTH,0,96,96,81354,5760,0,Normal
0.0,tcp,ssl,0,0,S1,0,2,0,120,0,1,Attack
0.965151,tcp,unknown,110420,0,OTH,0,122,122,117008,7320,0,Normal
1e-06,tcp,ssl,0,0,S1,0,2,0,120,0,1,Attack
1.915298,udp,dns,0,0,OTH,0,10,0,280,0,1,Attack
1e-06,udp,unknown,496,0,OTH,0,2,0,580,0,0,Normal
0.539848,tcp,unknown,149466,1320,S1,0,132,128,156622,8968,0,Normal
1e-06,tcp,ssl,0,0,S1,0,2,0,120,0,1,Attack
1e-06,tcp,ssl,0,0,S1,0,2,0,120,0,1,Attack
2.945112,tcp,http,84,0,S1,0,14,0,560,0,1,Attack
0.0042,tcp,unknown,1762,930,SF,0,12,10,2402,1466,1,Attack
1e-06,tcp,ssl,0,0,S1,0,2,0,120,0,1,Attack
2.944454,tcp,http,84,0,S1,0,14,0,560,0,1,Attack
1.904675,udp,dns,0,0,OTH,0,10,0,280,0,1,Attack
1e-06,udp,unknown,86,0,OTH,0,2,0,170,0,0,Normal
0.94993,tcp,unknown,76460,0,OTH,0,96,96,81644,5760,0,Normal
0.966205,tcp,unknown,89170,0,OTH,0,110,110,95110,6600,0,Normal
1.912717,udp,dns,0,0,OTH,0,10,0,280,0,1,Attack
2.929373,tcp,http,84,0,S1,0,14,0,560,0,1,Attack
0.965417,tcp,unknown,26480,0,OTH,0,70,70,30260,4200,0,Normal
0.96729,tcp,unknown,111936,0,OTH,0,118,116,118308,6960,0,Normal
1e-06,udp,unknown,274,0,OTH,0,2,0,358,0,0,Normal
0.0,tcp,ssl,0,0,S1,0,2,0,120,0,1,Attack
4.6e-05,udp,unknown,52,0,OTH,0,4,0,164,0,1,Attack
1e-06,udp,unknown,496,0,OTH,0,2,0,580,0,0,Normal
0.988551,tcp,unknown,94606,0,OTH,0,108,108,100438,6480,0,Normal
0.0,udp,unknown,496,0,OTH,0,2,0,580,0,0,Normal
0.0,tcp,ssl,0,0,S1,0,2,0,120,0,1,Attack
0.0,tcp,dns,0,0,S1,0,2,0,128,0,1,Attack
0.0,tcp,ssl,0,0,S1,0,2,0,120,0,1,Attack
1.936806,udp,dns,0,0,OTH,0,10,0,280,0,1,Attack
0.944966,tcp,unknown,97786,0,OTH,0,108,108,103618,6480,0,Normal
0.0,tcp,dns,0,0,S1,0,2,0,128,0,1,Attack
1.913612,udp,dns,0,0,OTH,0,10,0,280,0,1,Attack
0.0,other,unknown,0,0,OTH,0,1,0,60,0,0,Normal
0.979252,tcp,unknown,63538,0,OTH,0,86,86,68182,5160,0,Normal
0.968878,tcp,unknown,107410,0,OTH,0,120,120,113890,7200,0,Normal
0.0,udp,unknown,86,0,OTH,0,2,0,170,0,0,Normal
0.940409,tcp,unknown,70252,0,OTH,0,90,90,75112,5400,0,Normal
0.0,tcp,dns,0,0,S1,0,2,0,128,0,1,Attack
0.0,other,unknown,0,0,OTH,0,1,0,60,0,0,Normal
1e-06,udp,dhcp,1480,0,OTH,0,2,0,1564,0,0,Normal
0.0,tcp,ssl,0,0,S1,0,2,0,120,0,1,Attack
2.944676,tcp,http,84,0,S1,0,14,0,560,0,1,Attack
1e-06,tcp,dns,0,0,S1,0,2,0,128,0,1,Attack
0.513188,other,unknown,0,0,OTH,0,2,0,122,0,0,Normal
0.925341,tcp,unknown,87782,0,OTH,0,92,92,92754,5520,0,Normal
0.253501,udp,unknown,324,0,OTH,0,4,0,492,0,0,Normal
0.757104,udp,unknown,982,0,OTH,0,8,0,1318,0,0,Normal
2.928172,tcp,http,84,0,S1,0,14,0,560,0,1,Attack
0.071613,udp,unknown,582,0,OTH,0,4,0,750,0,0,Normal
0.979131,tcp,unknown,68804,0,OTH,0,92,92,73772,5520,0,Normal
3.427357,tcp,http,96,0,S1,0,16,0,640,0,1,Attack
0.979548,tcp,unknown,78308,0,OTH,0,96,96,83492,5760,0,Normal
0.983982,tcp,unknown,70160,0,OTH,0,94,94,75236,5640,0,Normal
0.0,tcp,dns,0,0,S1,0,2,0,128,0,1,Attack
0.498747,udp,unknown,906,0,OTH,0,8,0,1242,0,0,Normal
0.0,tcp,ssl,0,0,S1,0,2,0,120,0,1,Attack
0.98224,tcp,unknown,109014,0,OTH,0,124,120,115710,7200,0,Normal
0.939076,tcp,unknown,60808,0,OTH,0,76,76,64912,4560,0,Normal
0.0,tcp,dns,0,0,S1,0,2,0,128,0,1,Attack
0.0,tcp,dns,0,0,S1,0,2,0,128,0,1,Attack
65.996624,tcp,dns,0,0,S1,0,4,0,256,0,1,Attack
0.0,udp,unknown,86,0,OTH,0,2,0,170,0,0,Normal
0.0,tcp,dns,0,0,S1,0,2,0,128,0,1,Attack
0.965322,tcp,unknown,61882,0,OTH,0,82,82,66310,4920,0,Normal
104.38435,tcp,dns,0,0,S1,0,4,0,256,0,1,Attack
1e-06,tcp,ssl,0,0,S1,0,2,0,120,0,1,Attack
0.0,tcp,dns,0,0,S1,0,2,0,128,0,1,Attack
0.339508,tcp,unknown,26060,0,RSTO,0,40,38,28232,2280,0,Normal
0.917379,tcp,unknown,103898,0,OTH,0,114,114,110054,6840,0,Normal
0.58371,tcp,unknown,87198,1316,S1,0,86,58,91870,4764,0,Normal
0.0,tcp,dns,0,0,S1,0,2,0,128,0,1,Attack
0.0,tcp,ssl,0,0,S1,0,2,0,120,0,1,Attack
3.425003,tcp,http,96,0,S1,0,16,0,640,0,1,Attack
0.990071,tcp,unknown,77076,0,OTH,0,96,96,82260,5760,0,Normal
0.0,tcp,ssl,0,0,S1,0,2,0,120,0,1,Attack
1e-06,udp,unknown,274,0,OTH,0,2,0,358,0,0,Normal
0.074758,udp,unknown,582,0,OTH,0,4,0,750,0,0,Normal
1.417296,udp,dns,0,0,OTH,0,8,0,224,0,1,Attack
1e-06,udp,unknown,496,0,OTH,0,2,0,580,0,0,Normal
0.96071,tcp,unknown,80070,0,OTH,0,98,98,85362,5880,0,Normal
0.184805,other,unknown,0,0,OTH,0,2,0,120,0,0,Normal
0.944862,tcp,unknown,38382,0,OTH,0,62,62,41730,3720,0,Normal
1.923665,udp,dns,0,0,OTH,0,10,0,280,0,1,Attack
1e-06,tcp,dns,0,0,S1,0,2,0,128,0,1,Attack
1e-06,udp,dhcp,1480,0,OTH,0,2,0,1564,0,0,Normal
0.971594,tcp,unknown,21284,0,OTH,0,70,70,25064,4200,0,Normal
1e-06,udp,unknown,496,0,OTH,0,2,0,580,0,0,Normal
0.0,tcp,ssl,0,0,S1,0,2,0,120,0,1,Attack
2.944445,tcp,http,84,0,S1,0,14,0,560,0,1,Attack
0.0,tcp,ssl,0,0,S1,0,2,0,120,0,1,Attack
2.945584,tcp,http,84,0,S1,0,14,0,560,0,1,Attack
0.0,tcp,dns,0,0,S1,0,2,0,128,0,1,Attack
1.909447,udp,dns,0,0,OTH,0,10,0,280,0,1,Attack
0.946178,tcp,unknown,72768,0,OTH,0,92,92,77736,5520,0,Normal
1e-06,udp,unknown,496,0,OTH,0,2,0,580,0,0,Normal
0.0,tcp,ssl,0,0,S1,0,2,0,120,0,1,Attack
0.610212,other,unknown,0,0,OTH,0,2,0,120,0,0,Normal
1e-06,tcp,dns,0,0,S1,0,2,0,128,0,1,Attack
3.427146,tcp,http,96,0,S1,0,16,0,640,0,1,Attack
0.0,tcp,dns,0,0,S1,0,2,0,128,0,1,Attack
1.91214,udp,dns,0,0,OTH,0,10,0,280,0,1,Attack
0.970364,tcp,unknown,108302,0,OTH,0,118,116,114674,6960,0,Normal
0.956118,tcp,unknown,70844,0,OTH,0,78,78,75056,4680,0,Normal
0.612199,other,unknown,0,0,OTH,0,3,0,180,0,0,Normal
1e-06,tcp,dns,0,0,S1,0,2,0,128,0,1,Attack
4.3e-05,tcp,ssl,0,0,S1,0,2,0,120,0,1,Attack
0.172691,other,unknown,0,0,OTH,0,2,0,120,0,0,Normal
1.906864,udp,dns,0,0,OTH,0,10,0,280,0,1,Attack
0.960808,tcp,unknown,62510,0,OTH,0,78,78,66722,4680,0,Normal
0.951641,tcp,unknown,77762,0,OTH,0,94,94,82838,5640,0,Normal
1e-06,tcp,ssl,0,0,S1,0,2,0,120,0,1,Attack
0.0,tcp,ssl,0,0,S1,0,2,0,120,0,1,Attack
1.920669,udp,dns,0,0,OTH,0,10,0,280,0,1,Attack
1e-06,udp,unknown,496,0,OTH,0,2,0,580,0,0,Normal
1e-06,udp,unknown,496,0,OTH,0,2,0,580,0,0,Normal
0.0,tcp,dns,0,0,S1,0,2,0,128,0,1,Attack
0.273646,other,unknown,0,0,OTH,0,2,0,120,0,0,Normal
1e-06,udp,unknown,496,0,OTH,0,2,0,580,0,0,Normal
0.985657,tcp,unknown,58686,0,OTH,0,74,72,62682,4320,0,Normal
1.893944,udp,dns,0,0,OTH,0,10,0,280,0,1,Attack
0.0,tcp,ssl,0,0,S1,0,2,0,120,0,1,Attack
0.992243,tcp,unknown,79478,0,OTH,0,102,102,84986,6120,0,Normal
1.919184,udp,dns,0,0,OTH,0,10,0,280,0,1,Attack
3.426274,tcp,http,96,0,S1,0,16,0,640,0,1,Attack
2.944228,tcp,http,84,0,S1,0,14,0,560,0,1,Attack
1e-06,udp,unknown,496,0,OTH,0,2,0,580,0,0,Normal
0.985802,tcp,unknown,84810,0,OTH,0,100,96,90210,5760,0,Normal
1.915193,udp,dns,0,0,OTH,0,10,0,280,0,1,Attack
0.0,tcp,dns,0,0,S1,0,2,0,128,0,1,Attack
0.0,tcp,dns,0,0,S1,0,2,0,128,0,1,Attack
1e-06,udp,dhcp,1480,0,OTH,0,2,0,1564,0,0,Normal
1.906606,udp,dns,0,0,OTH,0,10,0,280,0,1,Attack
0.948928,tcp,unknown,68142,0,OTH,0,88,88,72894,5280,0,Normal
35.006257,tcp,dns,0,0,S1,0,4,0,256,0,1,Attack
1.416139,udp,dns,0,0,OTH,0,8,0,224,0,1,Attack
1.90467,udp,dns,0,0,OTH,0,10,0,280,0,1,Attack
0.0,tcp,ssl,0,0,S1,0,2,0,120,0,1,Attack
333.967278,tcp,dns,0,0,S1,0,4,0,256,0,1,Attack
0.989472,tcp,unknown,75366,0,OTH,0,96,96,80550,5760,0,Normal
0.27781,udp,unknown,486,0,OTH,0,6,0,738,0,0,Normal
1e-06,udp,unknown,496,0,OTH,0,2,0,580,0,0,Normal
0.0,udp,dhcp,1480,0,OTH,0,2,0,1564,0,0,Normal
0.97813,tcp,unknown,119140,0,OTH,0,136,134,126484,8040,0,Normal
0.0,tcp,dns,0,0,S1,0,2,0,128,0,1,Attack
0.0,tcp,ssl,0,0,S1,0,2,0,120,0,1,Attack
0.053397,tcp,unknown,4,12,RSTR,0,2,2,88,80,1,Attack
1.925692,udp,dns,0,0,OTH,0,10,0,280,0,1,Attack
66.882447,tcp,dns,0,0,S1,0,4,0,256,0,1,Attack
0.038639,tcp,unknown,170,188,S1,0,4,8,402,684,0,Normal
3.428139,tcp,http,96,0,S1,0,16,0,640,0,1,Attack
0.0,other,unknown,0,0,OTH,0,1,0,60,0,0,Normal
11.065966,tcp,dns,0,0,S1,0,4,0,256,0,1,Attack
0.965881,tcp,unknown,70910,0,OTH,0,92,92,75878,5520,0,Normal
0.0,tcp,ssl,0,0,S1,0,2,0,120,0,1,Attack
2.940284,tcp,http,84,0,S1,0,14,0,560,0,1,Attack
0.983229,tcp,unknown,111110,0,OTH,0,122,122,117698,7320,0,Normal
3.429022,tcp,http,96,0,S1,0,16,0,640,0,1,Attack
1e-06,tcp,dns,0,0,S1,0,2,0,128,0,1,Attack
2.920845,tcp,http,84,0,S1,0,14,0,560,0,1,Attack
0.98688,tcp,unknown,116300,0,OTH,0,120,120,122780,7200,0,Normal
0.259114,udp,unknown,658,0,OTH,0,4,0,826,0,0,Normal
0.978765,tcp,unknown,108420,0,OTH,0,124,120,115116,7200,0,Normal
1e-06,tcp,ssl,0,0,S1,0,2,0,120,0,1,Attack
0.980673,tcp,unknown,76448,0,OTH,0,90,88,81308,5280,0,Normal
0.985467,tcp,unknown,95918,0,OTH,0,114,114,102074,6840,0,Normal
0.207867,udp,unknown,658,0,OTH,0,4,0,826,0,0,Normal
0.975853,tcp,unknown,60058,0,OTH,0,84,84,64594,5040,0,Normal
0.934601,tcp,unknown,66064,0,OTH,0,86,86,70708,5160,0,Normal
0.98036,tcp,unknown,112548,0,OTH,0,126,124,119352,7440,0,Normal
0.93808,tcp,unknown,100194,0,OTH,0,110,110,106134,6600,0,Normal
1.922545,udp,dns,0,0,OTH,0,10,0,280,0,1,Attack
0.97501,tcp,unknown,117446,0,OTH,0,134,134,124682,8040,0,Normal
1.904683,udp,dns,0,0,OTH,0,10,0,280,0,1,Attack
161.045664,tcp,dns,0,0,S1,0,4,0,256,0,1,Attack
0.0,tcp,dns,0,0,S1,0,2,0,128,0,1,Attack
1e-06,tcp,ssl,0,0,S1,0,2,0,120,0,1,Attack
0.977011,tcp,unknown,74682,0,OTH,0,104,104,80298,6240,0,Normal
0.980595,tcp,unknown,46910,0,OTH,0,72,72,50798,4320,0,Normal
0.945638,tcp,unknown,77518,0,OTH,0,96,96,82702,5760,0,Normal
2.922268,tcp,http,84,0,S1,0,14,0,560,0,1,Attack
1e-06,tcp,ssl,0,0,S1,0,2,0,120,0,1,Attack
0.962485,tcp,unknown,96594,0,OTH,0,114,114,102750,6840,0,Normal
0.268044,other,unknown,0,0,OTH,0,2,0,122,0,0,Normal
0.004781,tcp,http,0,12,RSTR,0,2,2,120,80,1,Attack
0.952997,tcp,unknown,60318,0,OTH,0,76,76,64422,4560,0,Normal
1e-06,udp,unknown,496,0,OTH,0,2,0,580,0,0,Normal
0.992611,tcp,unknown,109030,0,OTH,0,116,116,115294,6960,0,Normal
0.0,tcp,ssl,0,0,S1,0,2,0,120,0,1,Attack
0.082062,other,unknown,0,0,OTH,0,2,0,120,0,0,Normal
3.425956,tcp,http,96,0,S1,0,16,0,640,0,1,Attack
2.936851,tcp,http,84,0,S1,0,14,0,560,0,1,Attack
0.926459,tcp,unknown,48972,0,OTH,0,72,72,52860,4320,0,Normal
0.97259,tcp,unknown,96334,0,OTH,0,112,112,102382,6720,0,Normal
0.0,tcp,ssl,0,0,S1,0,2,0,120,0,1,Attack
1.92223,udp,dns,0,0,OTH,0,10,0,280,0,1,Attack
152.083943,tcp,dns,0,0,S1,0,4,0,256,0,1,Attack
2.936701,tcp,http,84,0,S1,0,14,0,560,0,1,Attack
0.323789,udp,unknown,582,0,OTH,0,4,0,750,0,0,Normal
0.0,other,unknown,0,0,OTH,0,1,0,60,0,0,Normal
3.429477,tcp,http,96,0,S1,0,16,0,640,0,1,Attack
0.960047,tcp,unknown,88868,0,OTH,0,98,98,94160,5880,0,Normal
0.984202,tcp,unknown,124892,0,OTH,0,138,138,132344,8280,0,Normal
1e-06,udp,unknown,274,0,OTH,0,2,0,358,0,0,Normal
1e-06,tcp,ssl,0,0,S1,0,2,0,120,0,1,Attack
0.992423,tcp,unknown,69356,0,OTH,0,94,94,74432,5640,0,Normal
54.97803,tcp,dns,0,0,S1,0,6,0,384,0,1,Attack
0.987109,tcp,unknown,105546,0,OTH,0,120,118,112026,7080,0,Normal
1.907089,udp,dns,0,0,OTH,0,10,0,280,0,1,Attack
0.96198,tcp,unknown,76550,0,OTH,0,94,94,81626,5640,0,Normal
2.932885,tcp,http,84,0,S1,0,14,0,560,0,1,Attack
4e-05,tcp,ssl,0,0,S1,0,2,0,120,0,1,Attack
0.995105,tcp,unknown,106270,0,OTH,0,118,110,112642,6600,0,Normal
0.973084,tcp,unknown,96266,0,OTH,0,108,108,102098,6480,0,Normal
1.904998,udp,dns,0,0,OTH,0,10,0,280,0,1,Attack
2.944715,tcp,http,84,0,S1,0,14,0,560,0,1,Attack
2.930738,tcp,http,84,0,S1,0,14,0,560,0,1,Attack
1.900071,udp,dns,0,0,OTH,0,10,0,280,0,1,Attack
0.0,udp,unknown,496,0,OTH,0,2,0,580,0,0,Normal
2.927138,tcp,http,84,0,S1,0,14,0,560,0,1,Attack
1e-06,udp,unknown,496,0,OTH,0,2,0,580,0,0,Normal
1e-06,udp,unknown,496,0,OTH,0,2,0,580,0,0,Normal
0.980896,tcp,unknown,80928,0,OTH,0,102,102,86436,6120,0,Normal
0.0,other,unknown,0,0,OTH,0,1,0,60,0,0,Normal
1.910067,udp,dns,0,0,OTH,0,10,0,280,0,1,Attack
0.936982,tcp,unknown,108502,0,OTH,0,116,116,114766,6960,0,Normal
1.89003,udp,dns,0,0,OTH,0,10,0,280,0,1,Attack
1e-06,udp,unknown,496,0,OTH,0,2,0,580,0,0,Normal
0.96395,tcp,unknown,72402,0,OTH,0,92,90,77370,5400,0,Normal
1.889823,udp,dns,0,0,OTH,0,10,0,280,0,1,Attack
0.0,other,unknown,0,0,OTH,0,1,0,60,0,0,Normal
1e-06,udp,unknown,496,0,OTH,0,2,0,580,0,0,Normal
0.995335,tcp,unknown,76116,0,OTH,0,94,94,81192,5640,0,Normal
0.0,tcp,ssl,0,0,S1,0,2,0,120,0,1,Attack
0.950846,tcp,unknown,72184,0,OTH,0,92,92,77152,5520,0,Normal
1e-06,udp,unknown,496,0,OTH,0,2,0,580,0,0,Normal
1.894424,udp,dns,0,0,OTH,0,10,0,280,0,1,Attack
0.0,tcp,ssl,0,0,S1,0,2,0,120,0,1,Attack
351.176009,other,unknown,3588,0,OTH,0,138,0,4140,0,1,Attack
0.966691,tcp,unknown,78632,0,OTH,0,94,94,83708,5640,0,Normal
2.939817,tcp,http,84,0,S1,0,14,0,560,0,1,Attack
0.0,other,unknown,0,0,OTH,0,1,0,60,0,0,Normal
0.041956,udp,unknown,582,0,OTH,0,4,0,750,0,0,Normal
0.0,tcp,dns,0,0,S1,0,2,0,128,0,1,Attack
0.0,tcp,dns,0,0,S1,0,2,0,128,0,1,Attack
1e-06,udp,unknown,162,0,OTH,0,2,0,246,0,0,Normal
2.905597,tcp,http,84,0,S1,0,14,0,560,0,1,Attack
0.991419,tcp,unknown,97018,0,OTH,0,112,112,103066,6720,0,Normal
0.970436,tcp,unknown,60590,0,OTH,0,72,72,64478,4320,0,Normal
0.971641,tcp,unknown,102476,0,OTH,0,114,110,108632,6600,0,Normal
3.426277,tcp,http,90,0,S1,0,15,0,600,0,1,Attack
0.0,tcp,ssl,0,0,S1,0,2,0,120,0,1,Attack
0.01293,tcp,unknown,4532,0,RSTO,0,6,4,4868,240,0,Normal
0.251449,udp,unknown,658,0,OTH,0,4,0,826,0,0,Normal
95.038848,tcp,dns,0,0,S1,0,4,0,256,0,1,Attack
1e-06,udp,unknown,496,0,OTH,0,2,0,580,0,0,Normal
2.912409,tcp,http,84,0,S1,0,14,0,560,0,1,Attack
0.048247,tcp,unknown,4,12,RSTR,0,2,2,88,80,1,Attack
1e-06,udp,unknown,496,0,OTH,0,2,0,580,0,0,Normal
1e-06,udp,unknown,496,0,OTH,0,2,0,580,0,0,Normal
3.432925,tcp,http,96,0,S1,0,16,0,640,0,1,Attack
2.936585,tcp,http,84,0,S1,0,14,0,560,0,1,Attack
0.0,other,unknown,0,0,OTH,0,1,0,60,0,0,Normal
0.197593,tcp,unknown,18650,0,RSTO,0,26,24,20054,1440,0,Normal
1.889789,udp,dns,0,0,OTH,0,10,0,280,0,1,Attack
3.425912,tcp,http,90,0,S1,0,15,0,600,0,1,Attack
2.930574,tcp,http,84,0,S1,0,14,0,560,0,1,Attack
0.139575,other,unknown,0,0,OTH,0,2,0,122,0,0,Normal
1e-06,udp,unknown,496,0,OTH,0,2,0,580,0,0,Normal
1.892523,udp,dns,0,0,OTH,0,10,0,280,0,1,Attack
0.0,tcp,ssl,0,0,S1,0,2,0,120,0,1,Attack
1e-06,udp,dhcp,1480,0,OTH,0,2,0,1564,0,0,Normal
0.0,other,unknown,0,0,OTH,0,1,0,60,0,0,Normal
1.905764,udp,dns,0,0,OTH,0,10,0,280,0,1,Attack
0.96246,tcp,unknown,78096,0,OTH,0,102,102,83604,6120,0,Normal
0.962591,tcp,unknown,77894,0,OTH,0,92,92,82862,5520,0,Normal
0.0,tcp,ssl,0,0,S1,0,2,0,120,0,1,Attack
0.985534,tcp,unknown,73740,0,OTH,0,98,98,79032,5880,0,Normal
0.0,tcp,dns,0,0,S1,0,2,0,128,0,1,Attack
0.0,tcp,dns,0,0,S1,0,2,0,128,0,1,Attack
0.961719,tcp,unknown,91786,0,OTH,0,104,104,97402,6240,0,Normal
0.943127,tcp,unknown,71562,0,OTH,0,90,90,76422,5400,0,Normal
0.970495,tcp,unknown,75624,0,OTH,0,94,94,80700,5640,0,Normal
0.0,tcp,dns,0,0,S1,0,2,0,128,0,1,Attack
0.200481,other,unknown,0,0,OTH,0,2,0,120,0,0,Normal
0.0,tcp,ssl,0,0,S1,0,2,0,120,0,1,Attack
2.921842,tcp,http,84,0,S1,0,14,0,560,0,1,Attack
0.985078,tcp,unknown,71224,0,OTH,0,88,88,75976,5280,0,Normal
0.0,tcp,dns,0,0,S1,0,2,0,128,0,1,Attack
2.917413,tcp,http,84,0,S1,0,14,0,560,0,1,Attack
0.0,tcp,ssl,0,0,S1,0,2,0,120,0,1,Attack
0.98114,tcp,unknown,112218,0,OTH,0,124,124,118914,7440,0,Normal
0.0,tcp,ssl,0,0,S1,0,2,0,120,0,1,Attack
3.423441,tcp,http,90,0,S1,0,15,0,600,0,1,Attack
1e-06,tcp,dns,0,0,S1,0,2,0,128,0,1,Attack
0.978987,tcp,unknown,103522,0,OTH,0,120,118,110002,7080,0,Normal
2.936704,tcp,http,84,0,S1,0,14,0,560,0,1,Attack
1.418209,udp,dns,0,0,OTH,0,8,0,224,0,1,Attack
0.742956,tcp,unknown,54670,0,RSTO,0,74,72,58678,4320,0,Normal
0.978454,tcp,unknown,101110,0,OTH,0,118,118,107482,7080,0,Normal
0.985437,tcp,unknown,98746,0,OTH,0,116,116,105010,6960,0,Normal
0.969765,tcp,unknown,61002,0,OTH,0,78,80,65214,4800,0,Normal
0.96595,tcp,unknown,90970,0,OTH,0,112,112,97018,6720,0,Normal
0.0,tcp,ssl,0,0,S1,0,2,0,120,0,1,Attack
0.935007,tcp,unknown,60298,0,OTH,0,88,88,65050,5280,0,Normal
2.935856,tcp,http,84,0,S1,0,14,0,560,0,1,Attack
1e-06,udp,dhcp,1480,0,OTH,0,2,0,1564,0,0,Normal
0.0,tcp,dns,0,0,S1,0,2,0,128,0,1,Attack
0.962946,tcp,unknown,112512,0,OTH,0,120,120,118998,7200,0,Normal
0.230535,tcp,unknown,12178,0,RSTO,0,14,16,12934,960,0,Normal
0.603483,tcp,unknown,142564,1316,S1,0,122,90,149180,6684,0,Normal
0.436648,udp,unknown,870,0,OTH,0,8,0,1206,0,0,Normal
0.0,tcp,dns,0,0,S1,0,2,0,128,0,1,Attack
0.977424,tcp,unknown,94502,0,OTH,0,110,106,100442,6360,0,Normal
0.0,udp,unknown,496,0,OTH,0,2,0,580,0,0,Normal
1e-06,udp,unknown,496,0,OTH,0,2,0,580,0,0,Normal
0.979758,tcp,unknown,74832,0,OTH,0,92,92,79800,5520,0,Normal
0.250229,udp,unknown,324,0,OTH,0,4,0,492,0,0,Normal
0.971666,tcp,unknown,47812,0,OTH,0,70,70,51592,4200,0,Normal
0.0,tcp,dns,0,0,S1,0,2,0,128,0,1,Attack
1e-06,udp,unknown,496,0,OTH,0,2,0,580,0,0,Normal
0.752811,udp,unknown,982,0,OTH,0,8,0,1318,0,0,Normal
1e-06,tcp,ssl,0,0,S1,0,2,0,120,0,1,Attack
0.0,tcp,dns,0,0,S1,0,2,0,128,0,1,Attack
0.966819,tcp,unknown,98668,0,OTH,0,114,112,104824,6720,0,Normal
0.554763,tcp,unknown,97330,1320,S1,0,94,70,102434,5488,0,Normal
0.0,tcp,dns,0,0,S1,0,2,0,128,0,1,Attack
1.4e-05,tcp,ssl,0,0,S1,0,2,0,120,0,1,Attack
2.948473,tcp,http,84,0,S1,0,14,0,560,0,1,Attack
0.0,tcp,ssl,0,0,S1,0,2,0,120,0,1,Attack
1.418215,udp,dns,0,0,OTH,0,8,0,224,0,1,Attack
0.975222,tcp,unknown,92958,0,OTH,0,102,102,98466,6120,0,Normal
320.865701,tcp,dns,0,0,S1,0,8,0,512,0,1,Attack
1e-06,udp,unknown,86,0,OTH,0,2,0,170,0,0,Normal
1e-06,udp,unknown,496,0,OTH,0,2,0,580,0,0,Normal
1.901763,udp,dns,0,0,OTH,0,10,0,280,0,1,Attack
0.960714,tcp,unknown,105904,0,OTH,0,114,112,112060,6720,0,Normal
2.906698,tcp,http,84,0,S1,0,14,0,560,0,1,Attack
0.960648,tcp,unknown,90400,0,OTH,0,100,100,95800,6000,0,Normal
0.0,tcp,dns,0,0,S1,0,2,0,128,0,1,Attack
1.910052,udp,dns,0,0,OTH,0,10,0,280,0,1,Attack
0.0,tcp,dns,0,0,S1,0,2,0,128,0,1,Attack
0.959482,tcp,unknown,77488,0,OTH,0,94,94,82564,5640,0,Normal
1.906614,udp,dns,0,0,OTH,0,10,0,280,0,1,Attack
1.92271,udp,dns,0,0,OTH,0,10,0,280,0,1,Attack
1e-06,udp,unknown,496,0,OTH,0,2,0,580,0,0,Normal
1e-06,udp,unknown,496,0,OTH,0,2,0,580,0,0,Normal
0.708299,other,unknown,0,0,OTH,0,2,0,120,0,0,Normal
1e-06,tcp,dns,0,0,S1,0,2,0,128,0,1,Attack
1e-06,udp,unknown,496,0,OTH,0,2,0,580,0,0,Normal
1e-06,udp,unknown,496,0,OTH,0,2,0,580,0,0,Normal
0.944749,tcp,unknown,78190,0,OTH,0,96,96,83374,5760,0,Normal
0.957485,tcp,unknown,76956,0,OTH,0,96,96,82140,5760,0,Normal
123.663698,tcp,dns,0,0,S1,0,4,0,256,0,1,Attack
0.977244,tcp,unknown,90183,0,OTH,0,97,90,95421,5400,0,Normal
1e-06,tcp,ssl,0,0,S1,0,2,0,120,0,1,Attack
0.984104,tcp,unknown,88432,0,OTH,0,98,96,93724,5760,0,Normal
0.0,udp,unknown,274,0,OTH,0,2,0,358,0,0,Normal
0.984293,tcp,unknown,74600,0,OTH,0,94,94,79676,5640,0,Normal
0.0,tcp,ssl,0,0,S1,0,2,0,120,0,1,Attack
1.906114,udp,dns,0,0,OTH,0,10,0,280,0,1,Attack
0.0,tcp,dns,0,0,S1,0,2,0,128,0,1,Attack
0.972867,tcp,unknown,93702,0,OTH,0,114,114,99858,6840,0,Normal
176.150616,tcp,dns,0,0,S1,0,4,0,256,0,1,Attack
1.915386,udp,dns,0,0,OTH,0,10,0,280,0,1,Attack
0.05909,udp,unknown,582,0,OTH,0,4,0,750,0,0,Normal
1.91355,udp,dns,0,0,OTH,0,10,0,280,0,1,Attack
0.940529,tcp,unknown,97254,0,OTH,0,114,112,103410,6720,0,Normal
0.979404,tcp,unknown,108982,0,OTH,0,116,116,115246,6960,0,Normal
1e-06,udp,unknown,496,0,OTH,0,2,0,580,0,0,Normal
1.928556,udp,dns,0,0,OTH,0,10,0,280,0,1,Attack
1.935861,udp,dns,0,0,OTH,0,10,0,280,0,1,Attack
0.124515,tcp,unknown,1886,1320,S1,0,12,16,2562,2248,0,Normal
0.0,tcp,dns,0,0,S1,0,2,0,128,0,1,Attack
0.0,tcp,dns,0,0,S1,0,2,0,128,0,1,Attack
1e-06,tcp,ssl,0,0,S1,0,2,0,120,0,1,Attack
1e-06,udp,unknown,496,0,OTH,0,2,0,580,0,0,Normal
3.427781,tcp,http,96,0,S1,0,16,0,640,0,1,Attack
1e-06,udp,unknown,496,0,OTH,0,2,0,580,0,0,Normal
1e-06,udp,unknown,496,0,OTH,0,2,0,580,0,0,Normal
0.0,tcp,dns,0,0,S1,0,2,0,128,0,1,Attack
0.0,tcp,ssl,0,0,S1,0,2,0,120,0,1,Attack
3.424227,tcp,http,96,0,S1,0,16,0,640,0,1,Attack
1e-06,udp,unknown,496,0,OTH,0,2,0,580,0,0,Normal
0.966081,tcp,unknown,70078,0,OTH,0,90,90,74938,5400,0,Normal
2.91532,tcp,http,84,0,S1,0,14,0,560,0,1,Attack
0.529047,tcp,unknown,81684,0,RSTO,0,84,82,86232,4920,0,Normal
2.926409,tcp,http,84,0,S1,0,14,0,560,0,1,Attack
0.964386,tcp,unknown,78248,0,OTH,0,94,94,83324,5640,0,Normal
1e-06,udp,unknown,496,0,OTH,0,2,0,580,0,0,Normal
1.922678,udp,dns,0,0,OTH,0,10,0,280,0,1,Attack
1.910982,udp,dns,0,0,OTH,0,10,0,280,0,1,Attack
1e-06,tcp,ssl,0,0,S1,0,2,0,120,0,1,Attack
1e-06,tcp,dns,0,0,S1,0,2,0,128,0,1,Attack
0.0,udp,unknown,496,0,OTH,0,2,0,580,0,0,Normal
0.0,tcp,ssl,0,0,S1,0,2,0,120,0,1,Attack
1.890949,udp,dns,0,0,OTH,0,10,0,280,0,1,Attack
0.974653,tcp,unknown,79906,0,OTH,0,100,100,85306,6000,0,Normal
0.423617,tcp,unknown,35332,0,RSTO,0,40,36,37492,2160,0,Normal
0.0,udp,unknown,496,0,OTH,0,2,0,580,0,0,Normal
0.0,other,unknown,0,0,OTH,0,1,0,60,0,0,Normal
297.192362,tcp,dns,0,0,S1,0,4,0,256,0,1,Attack
1e-06,udp,unknown,496,0,OTH,0,2,0,580,0,0,Normal
0.880205,other,unknown,0,0,OTH,0,2,0,120,0,0,Normal
3.427122,tcp,http,96,0,S1,0,16,0,640,0,1,Attack
0.974021,tcp,unknown,77490,0,OTH,0,100,100,82890,6000,0,Normal
1e-06,udp,unknown,496,0,OTH,0,2,0,580,0,0,Normal
0.962396,tcp,unknown,63916,0,OTH,0,80,80,68236,4800,0,Normal
0.030764,other,unknown,0,0,OTH,0,2,0,120,0,0,Normal
0.960361,tcp,unknown,71702,0,OTH,0,88,88,76454,5280,0,Normal
0.971176,tcp,unknown,74752,0,OTH,0,96,96,79936,5760,0,Normal
1.418351,udp,dns,0,0,OTH,0,8,0,224,0,1,Attack
0.990789,tcp,unknown,78470,0,OTH,0,98,98,83762,5880,0,Normal
0.967136,tcp,unknown,61472,0,OTH,0,78,78,65684,4680,0,Normal
0.972681,tcp,unknown,99420,0,OTH,0,118,118,105792,7080,0,Normal
258.910582,tcp,dns,0,0,S1,0,6,0,384,0,1,Attack
0.984994,tcp,unknown,71846,0,OTH,0,94,94,76922,5640,0,Normal
0.008586,tcp,ssh,4,12,RSTR,0,2,2,88,80,1,Attack
1e-06,udp,dhcp,1480,0,OTH,0,2,0,1564,0,0,Normal
0.0,tcp,dns,0,0,S1,0,2,0,128,0,1,Attack
3.428107,tcp,http,90,0,S1,0,15,0,600,0,1,Attack
0.0,tcp,dns,0,0,S1,0,2,0,128,0,1,Attack
9.888315,tcp,dns,0,0,S1,0,4,0,256,0,1,Attack
51.276113,tcp,dns,0,0,S1,0,4,0,256,0,1,Attack
0.960933,tcp,unknown,105832,0,OTH,0,106,106,111556,6360,0,Normal
0.967352,tcp,unknown,62678,0,OTH,0,82,82,67106,4920,0,Normal
3.424661,tcp,http,96,0,S1,0,16,0,640,0,1,Attack
2.927342,tcp,http,84,0,S1,0,14,0,560,0,1,Attack
0.820698,other,unknown,0,0,OTH,0,2,0,120,0,0,Normal
0.0,udp,dhcp,1480,0,OTH,0,2,0,1564,0,0,Normal
1.9228,udp,dns,0,0,OTH,0,10,0,280,0,1,Attack
0.988588,tcp,unknown,108586,0,OTH,0,118,110,114958,6600,0,Normal
0.0,tcp,dns,0,0,S1,0,2,0,128,0,1,Attack
0.751953,udp,unknown,982,0,OTH,0,8,0,1318,0,0,Normal
0.97487,tcp,unknown,114190,0,OTH,0,126,126,120994,7560,0,Normal
0.006454,tcp,unknown,4,12,RSTR,0,2,2,88,80,1,Attack
0.0,tcp,dns,0,0,S1,0,2,0,128,0,1,Attack
0.934451,tcp,unknown,56900,0,OTH,0,74,74,60896,4440,0,Normal
0.962797,tcp,unknown,76248,0,OTH,0,96,96,81432,5760,0,Normal
0.0,tcp,ssl,0,0,S1,0,2,0,120,0,1,Attack
0.984633,tcp,unknown,61852,0,OTH,0,84,86,66388,5160,0,Normal
0.0,tcp,dns,0,0,S1,0,2,0,128,0,1,Attack
0.751662,udp,unknown,982,0,OTH,0,8,0,1318,0,0,Normal
1.912068,udp,dns,0,0,OTH,0,10,0,280,0,1,Attack
1.889527,udp,dns,0,0,OTH,0,10,0,280,0,1,Attack
0.98679,tcp,unknown,80292,0,OTH,0,100,100,85692,6000,0,Normal
0.0,tcp,dns,0,0,S1,0,2,0,128,0,1,Attack
0.968704,tcp,unknown,113276,0,OTH,0,128,128,120188,7680,0,Normal
2.933227,tcp,http,84,0,S1,0,14,0,560,0,1,Attack
2.937833,tcp,http,84,0,S1,0,14,0,560,0,1,Attack
0.501791,udp,unknown,486,0,OTH,0,6,0,738,0,0,Normal
0.0,tcp,ssl,0,0,S1,0,2,0,120,0,1,Attack
0.0,other,unknown,0,0,OTH,0,1,0,60,0,0,Normal
1e-06,tcp,dns,0,0,S1,0,2,0,128,0,1,Attack
1e-06,udp,unknown,496,0,OTH,0,2,0,580,0,0,Normal
0.969467,tcp,unknown,64832,0,OTH,0,90,90,69692,5400,0,Normal
1.891678,udp,dns,0,0,OTH,0,10,0,280,0,1,Attack
0.0,tcp,dns,0,0,S1,0,2,0,128,0,1,Attack
0.915844,tcp,unknown,67038,0,OTH,0,90,90,71898,5400,0,Normal
0.0,tcp,ssl,0,0,S1,0,2,0,120,0,1,Attack
1e-06,udp,unknown,496,0,OTH,0,2,0,580,0,0,Normal
1e-06,udp,unknown,496,0,OTH,0,2,0,580,0,0,Normal
3.427229,tcp,http,96,0,S1,0,16,0,640,0,1,Attack
0.982608,tcp,unknown,84124,0,OTH,0,96,96,89308,5760,0,Normal
0.946029,tcp,unknown,99302,0,OTH,0,114,114,105458,6840,0,Normal
0.016281,tcp,unknown,4,12,RSTR,0,2,2,88,80,1,Attack
0.027516,tcp,unknown,4,12,RSTR,0,2,2,88,80,1,Attack
0.0,tcp,dns,0,0,S1,0,2,0,128,0,1,Attack
0.98606,tcp,unknown,112038,0,OTH,0,126,126,118842,7560,0,Normal
0.676366,other,unknown,0,0,OTH,0,2,0,120,0,0,Normal
0.49506,tcp,unknown,134660,1320,S1,0,114,68,140844,5368,0,Normal
1.922308,udp,dns,0,0,OTH,0,10,0,280,0,1,Attack
0.976426,tcp,unknown,74406,0,OTH,0,96,96,79590,5760,0,Normal
0.961704,tcp,unknown,116354,0,OTH,0,130,128,123374,7680,0,Normal
0.156476,other,unknown,0,0,OTH,0,2,0,120,0,0,Normal
0.0,tcp,ssl,0,0,S1,0,2,0,120,0,1,Attack
0.0,tcp,dns,0,0,S1,0,2,0,128,0,1,Attack
0.0,tcp,ssl,0,0,S1,0,2,0,120,0,1,Attack
0.0,tcp,dns,0,0,S1,0,2,0,128,0,1,Attack
0.0,udp,dhcp,1480,0,OTH,0,2,0,1564,0,0,Normal
0.980284,tcp,unknown,74702,0,OTH,0,96,96,79886,5760,0,Normal
0.965752,tcp,unknown,74054,0,OTH,0,96,96,79238,5760,0,Normal
0.0,tcp,dns,0,0,S1,0,2,0,128,0,1,Attack
0.0,tcp,dns,0,0,S1,0,2,0,128,0,1,Attack
0.51205,other,unknown,0,0,OTH,0,3,0,180,0,0,Normal
0.0,other,unknown,0,0,OTH,0,1,0,60,0,0,Normal
1.890395,udp,dns,0,0,OTH,0,10,0,280,0,1,Attack
0.963248,tcp,unknown,111686,0,OTH,0,122,120,118274,7200,0,Normal
0.998048,tcp,unknown,61976,0,OTH,0,80,80,66296,4800,0,Normal
0.548324,udp,unknown,486,0,OTH,0,6,0,738,0,0,Normal
2.909389,tcp,http,84,0,S1,0,14,0,560,0,1,Attack
137.920612,tcp,dns,0,0,S1,0,4,0,256,0,1,Attack
2.933126,tcp,http,84,0,S1,0,14,0,560,0,1,Attack
0.0,udp,unknown,274,0,OTH,0,2,0,358,0,0,Normal
2.906793,tcp,http,84,0,S1,0,14,0,560,0,1,Attack
0.249683,udp,unknown,324,0,OTH,0,4,0,492,0,0,Normal
0.978045,tcp,unknown,76944,0,OTH,0,92,92,81912,5520,0,Normal
1e-06,udp,unknown,496,0,OTH,0,2,0,580,0,0,Normal
0.0,tcp,ssl,0,0,S1,0,2,0,120,0,1,Attack
1.418454,udp,dns,0,0,OTH,0,8,0,224,0,1,Attack
1e-06,udp,dhcp,1480,0,OTH,0,2,0,1564,0,0,Normal
0.0,tcp,dns,0,0,S1,0,2,0,128,0,1,Attack
2.939191,tcp,http,84,0,S1,0,14,0,560,0,1,Attack
0.999024,tcp,unknown,84664,0,OTH,0,98,98,89956,5880,0,Normal
1e-06,tcp,ssl,0,0,S1,0,2,0,120,0,1,Attack
3.424428,tcp,http,96,0,S1,0,16,0,640,0,1,Attack
0.0,other,unknown,0,0,OTH,0,1,0,60,0,0,Normal
1.892534,udp,dns,0,0,OTH,0,10,0,280,0,1,Attack
0.957717,tcp,unknown,52236,0,OTH,0,72,72,56124,4320,0,Normal
0.962203,tcp,unknown,105892,0,OTH,0,120,118,112372,7080,0,Normal
1e-06,tcp,ssl,0,0,S1,0,2,0,120,0,1,Attack
1e-06,udp,dhcp,1480,0,OTH,0,2,0,1564,0,0,Normal
0.970218,tcp,unknown,77728,0,OTH,0,92,90,82696,5400,0,Normal
2.914114,tcp,http,84,0,S1,0,14,0,560,0,1,Attack
1e-06,tcp,ssl,0,0,S1,0,2,0,120,0,1,Attack
0.943805,tcp,unknown,64412,0,OTH,0,80,80,68732,4800,0,Normal
1e-06,udp,unknown,496,0,OTH,0,2,0,580,0,0,Normal
1.905466,udp,dns,0,0,OTH,0,10,0,280,0,1,Attack
0.0,other,unknown,0,0,OTH,0,1,0,60,0,0,Normal
0.618905,other,unknown,0,0,OTH,0,2,0,120,0,0,Normal
0.995003,tcp,unknown,69162,0,OTH,0,88,88,73914,5280,0,Normal
2.916703,tcp,http,84,0,S1,0,14,0,560,0,1,Attack
2.924131,tcp,http,84,0,S1,0,14,0,560,0,1,Attack
0.652164,other,unknown,0,0,OTH,0,2,0,120,0,0,Normal
0.0,tcp,dns,0,0,S1,0,2,0,128,0,1,Attack
2.906858,tcp,http,84,0,S1,0,14,0,560,0,1,Attack
293.05038,tcp,dns,0,0,S1,0,4,0,256,0,1,Attack
2.948212,tcp,http,84,0,S1,0,14,0,560,0,1,Attack
0.947146,tcp,unknown,75724,0,OTH,0,82,82,80152,4920,0,Normal
1e-06,udp,dhcp,1480,0,OTH,0,2,0,1564,0,0,Normal
0.0,tcp,ssl,0,0,S1,0,2,0,120,0,1,Attack
1.903559,udp,dns,0,0,OTH,0,10,0,280,0,1,Attack
1e-06,tcp,dns,0,0,S1,0,2,0,128,0,1,Attack
0.0,tcp,ssl,0,0,S1,0,2,0,120,0,1,Attack
0.0,tcp,dns,0,0,S1,0,2,0,128,0,1,Attack
0.0,udp,unknown,496,0,OTH,0,2,0,580,0,0,Normal
0.64554,other,unknown,0,0,OTH,0,2,0,120,0,0,Normal
1e-06,tcp,dns,0,0,S1,0,2,0,128,0,1,Attack
1e-06,tcp,ssl,0,0,S1,0,2,0,120,0,1,Attack
0.0,udp,dhcp,1480,0,OTH,0,2,0,1564,0,0,Normal
1e-06,tcp,dns,0,0,S1,0,2,0,128,0,1,Attack
0.628742,other,unknown,0,0,OTH,0,3,0,180,0,0,Normal
1.893975,udp,dns,0,0,OTH,0,10,0,280,0,1,Attack
3.427574,tcp,http,96,0,S1,0,16,0,640,0,1,Attack
1e-06,tcp,ssl,0,0,S1,0,2,0,120,0,1,Attack
0.0,tcp,dns,0,0,S1,0,2,0,128,0,1,Attack
0.723337,tcp,unknown,67122,0,RSTO,0,84,78,71670,4680,0,Normal
3.432882,tcp,http,96,0,S1,0,16,0,640,0,1,Attack
1.905534,udp,dns,0,0,OTH,0,10,0,280,0,1,Attack
0.981764,tcp,unknown,94266,0,OTH,0,110,106,100206,6360,0,Normal
0.0,udp,unknown,496,0,OTH,0,2,0,580,0,0,Normal
0.983375,tcp,unknown,75980,0,OTH,0,96,96,81164,5760,0,Normal
1.914324,udp,dns,0,0,OTH,0,10,0,280,0,1,Attack
0.98459,tcp,unknown,91152,0,OTH,0,108,108,96984,6480,0,Normal
0.967208,tcp,unknown,73054,0,OTH,0,86,86,77698,5160,0,Normal
60.968005,tcp,dns,0,0,S1,0,4,0,256,0,1,Attack
0.964998,tcp,unknown,69820,0,OTH,0,88,88,74572,5280,0,Normal
0.984025,tcp,unknown,80118,0,OTH,0,96,96,85302,5760,0,Normal
0.0,udp,unknown,496,0,OTH,0,2,0,580,0,0,Normal
0.959517,tcp,unknown,77972,0,OTH,0,92,92,82940,5520,0,Normal
1.895137,udp,dns,0,0,OTH,0,10,0,280,0,1,Attack
2.931326,tcp,http,84,0,S1,0,14,0,560,0,1,Attack
2.93531,tcp,http,84,0,S1,0,14,0,560,0,1,Attack
0.963244,tcp,unknown,97976,0,OTH,0,108,94,103808,5640,0,Normal
1.903614,udp,dns,0,0,OTH,0,10,0,280,0,1,Attack
2.933751,tcp,http,84,0,S1,0,14,0,560,0,1,Attack
2.918206,tcp,http,84,0,S1,0,14,0,560,0,1,Attack
2.941714,tcp,http,84,0,S1,0,14,0,560,0,1,Attack
2.944587,tcp,http,84,0,S1,0,14,0,560,0,1,Attack
0.963006,tcp,unknown,82678,0,OTH,0,100,100,88078,6000,0,Normal
0.980266,tcp,unknown,67626,0,OTH,0,90,90,72486,5400,0,Normal
0.105248,tcp,unknown,1672,1056,S1,0,10,14,2240,1876,0,Normal
2.943906,tcp,http,84,0,S1,0,14,0,560,0,1,Attack
0.0,udp,unknown,274,0,OTH,0,2,0,358,0,0,Normal
0.012539,tcp,http,0,12,RSTR,0,2,2,120,80,1,Attack
1e-06,udp,unknown,496,0,OTH,0,2,0,580,0,0,Normal
0.038372,tcp,unknown,4,12,RSTR,0,2,2,88,80,1,Attack
0.0,tcp,ssl,0,0,S1,0,2,0,120,0,1,Attack
0.438288,tcp,unknown,199774,1320,S1,0,158,76,208322,5848,0,Normal
2.934702,tcp,http,84,0,S1,0,14,0,560,0,1,Attack
1.923016,udp,dns,0,0,OTH,0,10,0,280,0,1,Attack
0.959582,tcp,unknown,76172,0,OTH,0,90,90,81032,5400,0,Normal
201.988169,tcp,dns,0,0,S1,0,4,0,256,0,1,Attack
1e-06,udp,dhcp,1480,0,OTH,0,2,0,1564,0,0,Normal
0.952367,tcp,unknown,109780,0,OTH,0,116,116,116044,6960,0,Normal
1.91585,udp,dns,0,0,OTH,0,10,0,280,0,1,Attack
0.942736,tcp,unknown,102004,0,OTH,0,108,108,107836,6480,0,Normal
0.0,tcp,ssl,0,0,S1,0,2,0,120,0,1,Attack
0.004868,tcp,http,0,12,RSTR,0,2,2,120,80,1,Attack
0.0,other,unknown,0,0,OTH,0,1,0,60,0,0,Normal
0.516644,tcp,unknown,37504,0,RSTO,0,46,40,39988,2400,0,Normal
2.945136,tcp,http,84,0,S1,0,14,0,560,0,1,Attack
1e-06,udp,unknown,496,0,OTH,0,2,0,580,0,0,Normal
0.0,udp,unknown,496,0,OTH,0,2,0,580,0,0,Normal
0.0,tcp,dns,0,0,S1,0,2,0,128,0,1,Attack
0.0,tcp,ssl,0,0,S1,0,2,0,120,0,1,Attack
1.915267,udp,dns,0,0,OTH,0,10,0,280,0,1,Attack
0.97796,tcp,unknown,77756,0,OTH,0,92,92,82724,5520,0,Normal
3.426284,tcp,http,90,0,S1,0,15,0,600,0,1,Attack
2.919986,tcp,http,84,0,S1,0,14,0,560,0,1,Attack
0.989126,tcp,unknown,66212,0,OTH,0,90,90,71072,5400,0,Normal
0.0,tcp,ssl,0,0,S1,0,2,0,120,0,1,Attack
0.0,tcp,ssl,0,0,S1,0,2,0,120,0,1,Attack
0.752528,udp,unknown,982,0,OTH,0,8,0,1318,0,0,Normal
1e-06,udp,unknown,496,0,OTH,0,2,0,580,0,0,Normal
0.949796,tcp,unknown,102284,0,OTH,0,112,112,108332,6720,0,Normal
0.271648,other,unknown,0,0,OTH,0,3,0,180,0,0,Normal
1.913819,udp,dns,0,0,OTH,0,10,0,280,0,1,Attack
0.971729,tcp,unknown,58394,0,OTH,0,84,84,62930,5040,0,Normal
0.0,udp,unknown,496,0,OTH,0,2,0,580,0,0,Normal
0.0,tcp,ssl,0,0,S1,0,2,0,120,0,1,Attack
0.962962,tcp,unknown,110500,0,OTH,0,120,120,116980,7200,0,Normal
0.964869,tcp,unknown,115674,0,OTH,0,124,124,122370,7440,0,Normal
0.961765,tcp,unknown,114602,0,OTH,0,122,122,121190,7320,0,Normal
0.378513,tcp,unknown,10222,0,RSTO,0,30,28,11854,1680,0,Normal
1e-06,tcp,ssl,0,0,S1,0,2,0,120,0,1,Attack
0.991134,tcp,unknown,65404,0,OTH,0,86,86,70048,5160,0,Normal
1e-06,udp,unknown,496,0,OTH,0,2,0,580,0,0,Normal
0.0,udp,unknown,496,0,OTH,0,2,0,580,0,0,Normal
0.085055,tcp,unknown,8818,0,RSTO,0,8,6,9250,360,0,Normal
1e-06,udp,unknown,52,0,OTH,0,4,0,164,0,1,Attack
165.013273,tcp,dns,0,0,S1,0,8,0,512,0,1,Attack
1.9e-05,tcp,ssl,0,0,S1,0,2,0,120,0,1,Attack
0.966934,tcp,unknown,73540,0,OTH,0,94,94,78616,5640,0,Normal
1e-06,udp,unknown,496,0,OTH,0,2,0,580,0,0,Normal
0.968579,tcp,unknown,108902,0,OTH,0,124,116,115598,6960,0,Normal
0.0,tcp,dns,0,0,S1,0,2,0,128,0,1,Attack
0.649702,tcp,unknown,176380,1316,S1,0,156,102,184832,7404,0,Normal
0.0,tcp,dns,0,0,S1,0,2,0,128,0,1,Attack
0.961434,tcp,unknown,55394,0,OTH,0,74,74,59390,4440,0,Normal
0.972073,tcp,unknown,77764,0,OTH,0,100,100,83164,6000,0,Normal
1e-06,udp,unknown,496,0,OTH,0,2,0,580,0,0,Normal
0.0,udp,unknown,496,0,OTH,0,2,0,580,0,0,Normal
2.933108,tcp,http,84,0,S1,0,14,0,560,0,1,Attack
3.426048,tcp,http,96,0,S1,0,16,0,640,0,1,Attack
0.986434,tcp,unknown,40550,0,OTH,0,72,70,44438,4200,0,Normal
2.924108,tcp,http,84,0,S1,0,14,0,560,0,1,Attack
0.962495,tcp,unknown,107572,0,OTH,0,116,114,113836,6840,0,Normal
1e-06,udp,unknown,496,0,OTH,0,2,0,580,0,0,Normal
0.0,tcp,ssl,0,0,S1,0,2,0,120,0,1,Attack
2.937372,tcp,http,84,0,S1,0,14,0,560,0,1,Attack
3.432359,tcp,http,96,0,S1,0,16,0,640,0,1,Attack
2.914379,tcp,http,84,0,S1,0,14,0,560,0,1,Attack
0.003527,tcp,http,0,12,RSTR,0,2,2,120,80,1,Attack
0.0,tcp,dns,0,0,S1,0,2,0,128,0,1,Attack
30.031347,tcp,dns,0,0,S1,0,4,0,256,0,1,Attack
0.0,udp,unknown,496,0,OTH,0,2,0,580,0,0,Normal
0.0,tcp,dns,0,0,S1,0,2,0,128,0,1,Attack
0.0,tcp,dns,0,0,S1,0,2,0,128,0,1,Attack
0.0,tcp,dns,0,0,S1,0,2,0,128,0,1,Attack
0.0,tcp,ssl,0,0,S1,0,2,0,120,0,1,Attack
0.993917,tcp,unknown,77698,0,OTH,0,96,96,82882,5760,0,Normal
2.941679,tcp,http,84,0,S1,0,14,0,560,0,1,Attack
0.974259,tcp,unknown,45206,0,OTH,0,70,70,48986,4200,0,Normal
0.0,tcp,ssl,0,0,S1,0,2,0,120,0,1,Attack
0.0,tcp,dns,0,0,S1,0,2,0,128,0,1,Attack
0.0,tcp,ssl,0,0,S1,0,2,0,120,0,1,Attack
0.318017,udp,unknown,648,0,OTH,0,8,0,984,0,0,Normal
1.896643,udp,dns,0,0,OTH,0,10,0,280,0,1,Attack
0.0,other,unknown,0,0,OTH,0,1,0,60,0,0,Normal
1e-06,tcp,dns,0,0,S1,0,2,0,128,0,1,Attack
0.977262,tcp,unknown,50148,0,OTH,0,74,74,54144,4440,0,Normal
0.0,tcp,ssl,0,0,S1,0,2,0,120,0,1,Attack
2.914845,tcp,http,84,0,S1,0,14,0,560,0,1,Attack
0.0,tcp,dns,0,0,S1,0,2,0,128,0,1,Attack
1e-06,udp,unknown,496,0,OTH,0,2,0,580,0,0,Normal
0.964449,tcp,unknown,108662,0,OTH,0,124,124,115358,7440,0,Normal
1.912488,udp,dns,0,0,OTH,0,10,0,280,0,1,Attack
0.98857,tcp,unknown,108630,0,OTH,0,118,116,115002,6960,0,Normal
0.959584,tcp,unknown,72706,0,OTH,0,88,88,77458,5280,0,Normal
0.0,tcp,ssl,0,0,S1,0,2,0,120,0,1,Attack
0.0,tcp,dns,0,0,S1,0,2,0,128,0,1,Attack
0.986002,tcp,unknown,125112,0,OTH,0,132,130,132240,7800,0,Normal
2.906718,tcp,http,84,0,S1,0,14,0,560,0,1,Attack
1e-06,udp,unknown,496,0,OTH,0,2,0,580,0,0,Normal
1.922265,udp,dns,0,0,OTH,0,9,0,252,0,1,Attack
2.905927,tcp,http,84,0,S1,0,14,0,560,0,1,Attack
1.905347,udp,dns,0,0,OTH,0,10,0,280,0,1,Attack
38.983749,tcp,dns,0,0,S1,0,6,0,384,0,1,Attack
2.904368,tcp,http,84,0,S1,0,14,0,560,0,1,Attack
0.470294,other,unknown,0,0,OTH,0,2,0,120,0,0,Normal
1e-06,udp,unknown,496,0,OTH,0,2,0,580,0,0,Normal
0.982215,tcp,unknown,51178,0,OTH,0,72,72,55066,4320,0,Normal
165.00279,tcp,dns,0,0,S1,0,4,0,256,0,1,Attack
1e-06,tcp,ssl,0,0,S1,0,2,0,120,0,1,Attack
0.983909,tcp,unknown,79296,0,OTH,0,106,106,85020,6360,0,Normal
2.944715,tcp,http,84,0,S1,0,14,0,560,0,1,Attack
3.428337,tcp,http,96,0,S1,0,16,0,640,0,1,Attack
0.0,tcp,dns,0,0,S1,0,2,0,128,0,1,Attack
0.0,tcp,dns,0,0,S1,0,2,0,128,0,1,Attack
0.984558,tcp,unknown,109258,0,OTH,0,124,124,115954,7440,0,Normal
0.932146,tcp,unknown,103174,0,OTH,0,110,110,109114,6600,0,Normal
0.0,tcp,ssl,0,0,S1,0,2,0,120,0,1,Attack
1.9047,udp,dns,0,0,OTH,0,10,0,280,0,1,Attack
0.966361,tcp,unknown,68614,0,OTH,0,88,88,73366,5280,0,Normal
4.9e-05,tcp,ssl,0,0,S1,0,2,0,120,0,1,Attack
1e-06,udp,dhcp,1480,0,OTH,0,2,0,1564,0,0,Normal
0.981137,tcp,unknown,97736,0,OTH,0,110,104,103676,6240,0,Normal
0.0,udp,unknown,496,0,OTH,0,2,0,580,0,0,Normal
0.952246,tcp,unknown,109304,0,OTH,0,120,118,115784,7080,0,Normal
0.502608,udp,unknown,486,0,OTH,0,6,0,738,0,0,Normal
0.0,tcp,ssl,0,0,S1,0,2,0,120,0,1,Attack
1.906747,udp,dns,0,0,OTH,0,10,0,280,0,1,Attack
0.961378,tcp,unknown,79358,0,OTH,0,98,98,84650,5880,0,Normal
0.0,tcp,ssl,0,0,S1,0,2,0,120,0,1,Attack
0.996308,tcp,unknown,118378,0,OTH,0,122,124,124966,7440,0,Normal
2.947351,tcp,http,84,0,S1,0,14,0,560,0,1,Attack
0.210818,tcp,unknown,13824,0,RSTO,0,12,10,14472,600,0,Normal
1.912061,udp,dns,0,0,OTH,0,10,0,280,0,1,Attack
0.432637,other,unknown,0,0,OTH,0,2,0,120,0,0,Normal
0.852679,other,unknown,0,0,OTH,0,2,0,120,0,0,Normal
2.915471,tcp,http,84,0,S1,0,14,0,560,0,1,Attack
0.0,tcp,dns,0,0,S1,0,2,0,128,0,1,Attack
0.993592,tcp,unknown,110360,0,OTH,0,119,112,116786,6720,0,Normal
1.905185,udp,dns,0,0,OTH,0,10,0,280,0,1,Attack
0.0,tcp,dns,0,0,S1,0,2,0,128,0,1,Attack
1e-06,tcp,ssl,0,0,S1,0,2,0,120,0,1,Attack
0.981651,tcp,unknown,101856,0,OTH,0,122,122,108444,7320,0,Normal
0.985512,tcp,unknown,113134,0,OTH,0,128,122,120046,7320,0,Normal
0.977604,tcp,unknown,107320,0,OTH,0,116,112,113584,6720,0,Normal
3.425997,tcp,http,96,0,S1,0,16,0,640,0,1,Attack
0.265431,udp,unknown,324,0,OTH,0,4,0,492,0,0,Normal
0.99657,tcp,unknown,80346,0,OTH,0,102,102,85854,6120,0,Normal
0.990704,tcp,unknown,116020,0,OTH,0,136,136,123364,8160,0,Normal
0.956032,tcp,unknown,106386,0,OTH,0,118,114,112758,6840,0,Normal
1.919678,udp,dns,0,0,OTH,0,10,0,280,0,1,Attack
0.0,udp,unknown,496,0,OTH,0,2,0,580,0,0,Normal
1e-06,udp,dhcp,1480,0,OTH,0,2,0,1564,0,0,Normal
0.960609,tcp,unknown,77470,0,OTH,0,92,92,82438,5520,0,Normal
0.0,other,unknown,0,0,OTH,0,1,0,60,0,0,Normal
0.985088,tcp,unknown,60760,0,OTH,0,78,78,64972,4680,0,Normal
0.950481,tcp,unknown,105840,0,OTH,0,116,116,112104,6960,0,Normal
355.179504,udp,unknown,5600,0,OTH,0,140,0,9520,0,1,Attack
0.0,tcp,dns,0,0,S1,0,2,0,128,0,1,Attack
0.0,tcp,dns,0,0,S1,0,2,0,128,0,1,Attack
3.424456,tcp,http,90,0,S1,0,15,0,600,0,1,Attack
0.0,udp,unknown,274,0,OTH,0,2,0,358,0,0,Normal
1.902927,udp,dns,0,0,OTH,0,10,0,280,0,1,Attack
1e-06,udp,unknown,496,0,OTH,0,2,0,580,0,0,Normal
0.975166,tcp,unknown,73920,0,OTH,0,96,96,79104,5760,0,Normal
1e-06,tcp,dns,0,0,S1,0,2,0,128,0,1,Attack
3.428286,tcp,http,90,0,S1,0,15,0,600,0,1,Attack
0.151104,udp,unknown,1096,0,OTH,0,8,0,1432,0,0,Normal
1e-06,tcp,dns,0,0,S1,0,2,0,128,0,1,Attack
0.0,tcp,dns,0,0,S1,0,2,0,128,0,1,Attack
2.930347,tcp,http,84,0,S1,0,14,0,560,0,1,Attack
0.0,tcp,dns,0,0,S1,0,2,0,128,0,1,Attack
80.073914,tcp,dns,0,0,S1,0,4,0,256,0,1,Attack
2.944732,tcp,http,84,0,S1,0,14,0,560,0,1,Attack
0.954163,tcp,unknown,86118,0,OTH,0,100,100,91518,6000,0,Normal
1.889428,udp,dns,0,0,OTH,0,10,0,280,0,1,Attack
1.906829,udp,dns,0,0,OTH,0,10,0,280,0,1,Attack
0.96345,tcp,unknown,31398,0,OTH,0,70,70,35178,4200,0,Normal
0.043786,other,unknown,0,0,OTH,0,3,0,180,0,0,Normal
1.91411,udp,dns,0,0,OTH,0,10,0,280,0,1,Attack
1.92231,udp,dns,0,0,OTH,0,10,0,280,0,1,Attack
0.979131,tcp,unknown,68606,0,OTH,0,88,88,73358,5280,0,Normal
3.425879,tcp,http,96,0,S1,0,16,0,640,0,1,Attack
2.94686,tcp,http,84,0,S1,0,14,0,560,0,1,Attack
0.008114,tcp,unknown,4,12,RSTR,0,2,2,88,80,1,Attack
0.965221,tcp,unknown,77492,0,OTH,0,98,94,82784,5640,0,Normal
1.914213,udp,dns,0,0,OTH,0,10,0,280,0,1,Attack
1e-06,udp,dhcp,1480,0,OTH,0,2,0,1564,0,0,Normal
0.0,tcp,ssl,0,0,S1,0,2,0,120,0,1,Attack
2.94509,tcp,http,84,0,S1,0,14,0,560,0,1,Attack
0.501311,udp,unknown,486,0,OTH,0,6,0,738,0,0,Normal
0.034354,udp,unknown,582,0,OTH,0,4,0,750,0,0,Normal
0.0,udp,unknown,274,0,OTH,0,2,0,358,0,0,Normal
0.962277,tcp,unknown,76184,0,OTH,0,92,92,81152,5520,0,Normal
0.0,tcp,dns,0,0,S1,0,2,0,128,0,1,Attack
0.963315,tcp,unknown,59282,0,OTH,0,88,88,64034,5280,0,Normal
1.914014,udp,dns,0,0,OTH,0,10,0,280,0,1,Attack
0.0,tcp,ssl,0,0,S1,0,2,0,120,0,1,Attack
0.967511,tcp,unknown,73202,0,OTH,0,94,94,78278,5640,0,Normal
1.889288,udp,dns,0,0,OTH,0,10,0,280,0,1,Attack
0.349548,tcp,unknown,197490,1316,S1,0,152,74,205726,5724,0,Normal
0.0,tcp,dns,0,0,S1,0,2,0,128,0,1,Attack
0.0,tcp,dns,0,0,S1,0,2,0,128,0,1,Attack
0.966439,tcp,unknown,86386,0,OTH,0,100,100,91786,6000,0,Normal
0.960258,tcp,unknown,109426,0,OTH,0,118,118,115798,7080,0,Normal
0.977265,tcp,unknown,114196,0,OTH,0,128,126,121108,7560,0,Normal
0.951217,tcp,unknown,102586,0,OTH,0,120,118,109066,7080,0,Normal
1.910889,udp,dns,0,0,OTH,0,10,0,280,0,1,Attack
1.915381,udp,dns,0,0,OTH,0,10,0,280,0,1,Attack
0.364705,other,unknown,0,0,OTH,0,2,0,120,0,0,Normal
0.988863,tcp,unknown,82174,0,OTH,0,100,100,87574,6000,0,Normal
0.0,udp,unknown,496,0,OTH,0,2,0,580,0,0,Normal
1.921673,udp,dns,0,0,OTH,0,10,0,280,0,1,Attack
0.934977,tcp,unknown,44848,0,OTH,0,70,70,48628,4200,0,Normal
2.939782,tcp,http,84,0,S1,0,14,0,560,0,1,Attack
2.923407,tcp,http,84,0,S1,0,14,0,560,0,1,Attack
0.055244,udp,unknown,582,0,OTH,0,4,0,750,0,0,Normal
0.938808,tcp,unknown,91854,0,OTH,0,102,102,97362,6120,0,Normal
0.980449,tcp,unknown,78518,0,OTH,0,110,110,84458,6600,0,Normal
2.943979,tcp,http,84,0,S1,0,14,0,560,0,1,Attack
0.965135,tcp,unknown,77378,0,OTH,0,102,102,82886,6120,0,Normal
0.988374,tcp,unknown,68962,0,OTH,0,88,86,73714,5160,0,Normal
0.010208,udp,unknown,822,0,OTH,0,6,0,1074,0,0,Normal
1.905139,udp,dns,0,0,OTH,0,10,0,280,0,1,Attack
0.965707,tcp,unknown,75828,0,OTH,0,98,98,81120,5880,0,Normal
3.428505,tcp,http,96,0,S1,0,16,0,640,0,1,Attack
0.975799,tcp,unknown,104388,0,OTH,0,118,114,110760,6840,0,Normal
0.0,tcp,ssl,0,0,S1,0,2,0,120,0,1,Attack
2.934109,tcp,http,84,0,S1,0,14,0,560,0,1,Attack
0.983524,tcp,unknown,25592,0,OTH,0,72,72,29480,4320,0,Normal
0.0,udp,unknown,496,0,OTH,0,2,0,580,0,0,Normal
0.973482,tcp,unknown,82090,0,OTH,0,104,104,87706,6240,0,Normal
0.0,tcp,dns,0,0,S1,0,2,0,128,0,1,Attack
2.939799,tcp,http,84,0,S1,0,14,0,560,0,1,Attack
355.178759,udp,unknown,5600,0,OTH,0,140,0,9520,0,1,Attack
1.924425,udp,dns,0,0,OTH,0,10,0,280,0,1,Attack
0.0,tcp,ssl,0,0,S1,0,2,0,120,0,1,Attack
1.912059,udp,dns,0,0,OTH,0,10,0,280,0,1,Attack
0.964992,tcp,unknown,83680,0,OTH,0,94,94,88756,5640,0,Normal
1.928015,udp,dns,0,0,OTH,0,10,0,280,0,1,Attack
2.946997,tcp,http,84,0,S1,0,14,0,560,0,1,Attack
1e-06,udp,unknown,496,0,OTH,0,2,0,580,0,0,Normal
3.428279,tcp,http,96,0,S1,0,16,0,640,0,1,Attack
0.985733,tcp,unknown,71706,0,OTH,0,94,94,76782,5640,0,Normal
2.924044,tcp,http,84,0,S1,0,14,0,560,0,1,Attack
0.674641,tcp,unknown,81948,1320,S1,0,94,98,87052,7168,0,Normal
230.928023,tcp,dns,0,0,S1,0,4,0,256,0,1,Attack
1.912613,udp,dns,0,0,OTH,0,10,0,280,0,1,Attack
1e-06,udp,unknown,496,0,OTH,0,2,0,580,0,0,Normal
1e-06,udp,unknown,274,0,OTH,0,2,0,358,0,0,Normal
2.933545,tcp,http,84,0,S1,0,14,0,560,0,1,Attack
1.934828,udp,dns,0,0,OTH,0,10,0,280,0,1,Attack
3.429569,tcp,http,96,0,S1,0,16,0,640,0,1,Attack
2.923801,tcp,http,84,0,S1,0,14,0,560,0,1,Attack
0.0,tcp,dns,0,0,S1,0,2,0,128,0,1,Attack
0.249613,udp,unknown,324,0,OTH,0,4,0,492,0,0,Normal
0.045133,tcp,unknown,4,12,RSTR,0,2,2,88,80,1,Attack
0.0,udp,unknown,496,0,OTH,0,2,0,580,0,0,Normal
3.427258,tcp,http,96,0,S1,0,16,0,640,0,1,Attack
2.930281,tcp,http,84,0,S1,0,14,0,560,0,1,Attack
1e-06,tcp,ssl,0,0,S1,0,2,0,120,0,1,Attack
2.929563,tcp,http,84,0,S1,0,14,0,560,0,1,Attack
0.0,tcp,ssl,0,0,S1,0,2,0,120,0,1,Attack
0.97295,tcp,unknown,79436,0,OTH,0,94,94,84512,5640,0,Normal
0.960366,other,unknown,0,0,OTH,0,2,0,120,0,0,Normal
0.402703,tcp,unknown,26694,0,RSTO,0,32,28,28422,1680,0,Normal
1e-06,tcp,ssl,0,0,S1,0,2,0,120,0,1,Attack
1e-06,udp,unknown,274,0,OTH,0,2,0,358,0,0,Normal
165.00312,tcp,dns,0,0,S1,0,4,0,256,0,1,Attack
0.0,other,unknown,0,0,OTH,0,1,0,60,0,0,Normal
0.965618,tcp,unknown,66512,0,OTH,0,84,84,71048,5040,0,Normal
0.964261,tcp,unknown,70702,0,OTH,0,90,90,75562,5400,0,Normal
0.967761,tcp,unknown,56174,0,OTH,0,74,74,60170,4440,0,Normal
0.955572,tcp,unknown,58524,0,OTH,0,86,86,63168,5160,0,Normal
2.938975,tcp,http,84,0,S1,0,14,0,560,0,1,Attack
1.913948,udp,dns,0,0,OTH,0,10,0,280,0,1,Attack
2.935765,tcp,http,84,0,S1,0,14,0,560,0,1,Attack
0.96577,tcp,unknown,82000,0,OTH,0,100,100,87400,6000,0,Normal
1e-06,udp,unknown,496,0,OTH,0,2,0,580,0,0,Normal
1e-06,udp,unknown,496,0,OTH,0,2,0,580,0,0,Normal
0.970566,tcp,unknown,115504,0,OTH,0,126,126,122308,7560,0,Normal
1.416132,udp,dns,0,0,OTH,0,8,0,224,0,1,Attack
0.980883,tcp,unknown,112270,0,OTH,0,128,124,119182,7440,0,Normal
0.988781,tcp,unknown,103242,0,OTH,0,122,122,109830,7320,0,Normal
1.914035,udp,dns,0,0,OTH,0,10,0,280,0,1,Attack
1e-06,udp,unknown,496,0,OTH,0,2,0,580,0,0,Normal
1e-06,tcp,dns,0,0,S1,0,2,0,128,0,1,Attack
0.51366,udp,unknown,486,0,OTH,0,6,0,738,0,0,Normal
0.0,tcp,ssl,0,0,S1,0,2,0,120,0,1,Attack
0.007529,tcp,http,0,0,SF,0,8,4,432,224,1,Attack
1e-06,udp,unknown,496,0,OTH,0,2,0,580,0,0,Normal
0.965646,tcp,unknown,112076,0,OTH,0,118,116,118448,6960,0,Normal
1e-06,udp,unknown,496,0,OTH,0,2,0,580,0,0,Normal
0.968849,tcp,unknown,62070,0,OTH,0,86,86,66714,5160,0,Normal
0.988059,tcp,unknown,52249,0,OTH,0,71,72,56083,4320,0,Normal
1e-06,udp,unknown,274,0,OTH,0,2,0,358,0,0,Normal
0.0,tcp,ssl,0,0,S1,0,2,0,120,0,1,Attack
0.0,tcp,ssl,0,0,S1,0,2,0,120,0,1,Attack
0.447269,other,unknown,0,0,OTH,0,2,0,120,0,0,Normal
1e-06,udp,unknown,496,0,OTH,0,2,0,580,0,0,Normal
0.0,tcp,dns,0,0,S1,0,2,0,128,0,1,Attack
0.0,tcp,dns,0,0,S1,0,2,0,128,0,1,Attack
0.01837,tcp,unknown,4,12,RSTR,0,2,2,88,80,1,Attack
3.426196,tcp,http,96,0,S1,0,16,0,640,0,1,Attack
2.935037,tcp,http,84,0,S1,0,14,0,560,0,1,Attack
1.900642,udp,dns,0,0,OTH,0,10,0,280,0,1,Attack
3.425784,tcp,http,96,0,S1,0,16,0,640,0,1,Attack
0.179997,other,unknown,0,0,OTH,0,3,0,180,0,0,Normal
2.938994,tcp,http,84,0,S1,0,14,0,560,0,1,Attack
1e-06,tcp,ssl,0,0,S1,0,2,0,120,0,1,Attack
0.0,other,unknown,0,0,OTH,0,1,0,60,0,0,Normal
0.959453,tcp,unknown,37036,0,OTH,0,64,64,40492,3840,0,Normal
0.992593,tcp,unknown,72214,0,OTH,0,84,84,76750,5040,0,Normal
0.291604,other,unknown,0,0,OTH,0,2,0,120,0,0,Normal
0.0,udp,unknown,162,0,OTH,0,2,0,246,0,0,Normal
1e-06,udp,dhcp,1480,0,OTH,0,2,0,1564,0,0,Normal
206.507714,tcp,dns,0,0,S1,0,4,0,256,0,1,Attack
0.042962,other,unknown,0,0,OTH,0,2,0,120,0,0,Normal
1.889436,udp,dns,0,0,OTH,0,10,0,280,0,1,Attack
1e-06,udp,unknown,496,0,OTH,0,2,0,580,0,0,Normal
3.424187,tcp,http,96,0,S1,0,16,0,640,0,1,Attack
0.0,tcp,ssl,0,0,S1,0,2,0,120,0,1,Attack
2.933235,tcp,http,84,0,S1,0,14,0,560,0,1,Attack
0.973396,tcp,unknown,103416,0,OTH,0,112,112,109464,6720,0,Normal
1e-06,udp,dhcp,1480,0,OTH,0,2,0,1564,0,0,Normal
0.986224,tcp,unknown,78016,0,OTH,0,96,96,83200,5760,0,Normal
0.0,tcp,dns,0,0,S1,0,2,0,128,0,1,Attack
0.963863,tcp,unknown,79546,0,OTH,0,102,100,85054,6000,0,Normal
3.424057,tcp,http,96,0,S1,0,16,0,640,0,1,Attack
0.0,other,unknown,0,0,OTH,0,1,0,60,0,0,Normal
0.964793,tcp,unknown,78876,0,OTH,0,96,96,84060,5760,0,Normal
1e-06,tcp,ssl,0,0,S1,0,2,0,120,0,1,Attack
3.423683,tcp,http,96,0,S1,0,16,0,640,0,1,Attack
0.981774,tcp,unknown,75638,0,OTH,0,94,94,80714,5640,0,Normal
0.971522,tcp,unknown,105042,0,OTH,0,124,124,111738,7440,0,Normal
0.0,tcp,dns,0,0,S1,0,2,0,128,0,1,Attack
0.901101,tcp,unknown,57804,0,OTH,0,72,72,61692,4320,0,Normal
0.0,tcp,ssl,0,0,S1,0,2,0,120,0,1,Attack
0.0,udp,unknown,496,0,OTH,0,2,0,580,0,0,Normal
2.92817,tcp,http,84,0,S1,0,14,0,560,0,1,Attack
2.938933,tcp,http,84,0,S1,0,14,0,560,0,1,Attack
1e-06,tcp,ssl,0,0,S1,0,2,0,120,0,1,Attack
0.959568,tcp,unknown,88708,0,OTH,0,102,102,94216,6120,0,Normal
3.42349,tcp,http,96,0,S1,0,16,0,640,0,1,Attack
2.928475,tcp,http,84,0,S1,0,14,0,560,0,1,Attack
1.909562,udp,dns,0,0,OTH,0,10,0,280,0,1,Attack
275.002422,tcp,dns,0,0,S1,0,4,0,256,0,1,Attack
0.97007,tcp,unknown,77014,0,OTH,0,102,102,82522,6120,0,Normal
2.921168,tcp,http,84,0,S1,0,14,0,560,0,1,Attack
0.0,other,unknown,0,0,OTH,0,1,0,60,0,0,Normal
0.935882,tcp,unknown,61660,0,OTH,0,70,70,65440,4200,0,Normal
0.0,tcp,dns,0,0,S1,0,2,0,128,0,1,Attack
0.941686,tcp,unknown,90882,0,OTH,0,100,98,96282,5880,0,Normal
0.942424,tcp,unknown,74992,228,OTH,0,100,100,80392,6216,0,Normal
1.896614,udp,dns,0,0,OTH,0,10,0,280,0,1,Attack
1.906459,udp,dns,0,0,OTH,0,10,0,280,0,1,Attack
0.0,udp,dhcp,1480,0,OTH,0,2,0,1564,0,0,Normal
0.936488,tcp,unknown,81254,0,OTH,0,96,96,86438,5760,0,Normal
1.898982,udp,dns,0,0,OTH,0,10,0,280,0,1,Attack
1e-06,udp,dhcp,1480,0,OTH,0,2,0,1564,0,0,Normal
1e-06,udp,dhcp,1480,0,OTH,0,2,0,1564,0,0,Normal
0.012115,tcp,http,0,12,RSTR,0,2,2,120,80,1,Attack
0.98513,tcp,unknown,98710,0,OTH,0,112,112,104758,6720,0,Normal
0.973921,tcp,unknown,81324,0,OTH,0,102,102,86832,6120,0,Normal
0.961008,tcp,unknown,106814,0,OTH,0,114,114,112970,6840,0,Normal
0.0,tcp,ssl,0,0,S1,0,2,0,120,0,1,Attack
3.426119,tcp,http,96,0,S1,0,16,0,640,0,1,Attack
1.902976,udp,dns,0,0,OTH,0,10,0,280,0,1,Attack
1e-06,tcp,dns,0,0,S1,0,2,0,128,0,1,Attack
0.0456,tcp,unknown,4,12,RSTR,0,2,2,88,80,1,Attack
0.377173,other,unknown,0,0,OTH,0,2,0,120,0,0,Normal
0.969577,tcp,unknown,60110,0,OTH,0,82,82,64538,4920,0,Normal
0.964785,tcp,unknown,78162,0,OTH,0,98,98,83454,5880,0,Normal
0.0,tcp,dns,0,0,S1,0,2,0,128,0,1,Attack
3.431955,tcp,http,96,0,S1,0,16,0,640,0,1,Attack
0.828408,tcp,unknown,64666,230,RSTO,0,84,82,69202,5138,0,Normal
0.964374,tcp,unknown,69458,0,OTH,0,92,92,74426,5520,0,Normal
0.0,tcp,ssl,0,0,S1,0,2,0,120,0,1,Attack
0.532868,udp,unknown,486,0,OTH,0,6,0,738,0,0,Normal
0.96509,tcp,unknown,110656,0,OTH,0,118,118,117028,7080,0,Normal
0.0,other,unknown,0,0,OTH,0,1,0,60,0,0,Normal
0.904794,tcp,unknown,68168,0,OTH,0,90,90,73028,5400,0,Normal
1.90118,udp,dns,0,0,OTH,0,10,0,280,0,1,Attack
1.915361,udp,dns,0,0,OTH,0,10,0,280,0,1,Attack
0.0,udp,unknown,496,0,OTH,0,2,0,580,0,0,Normal
0.942668,tcp,unknown,90944,0,OTH,0,116,116,97208,6960,0,Normal
0.0,tcp,ssl,0,0,S1,0,2,0,120,0,1,Attack
0.981196,tcp,unknown,92880,0,OTH,0,106,106,98604,6360,0,Normal
0.3722,other,unknown,0,0,OTH,0,2,0,120,0,0,Normal
0.0,udp,unknown,496,0,OTH,0,2,0,580,0,0,Normal
2.944628,tcp,http,84,0,S1,0,14,0,560,0,1,Attack
2e-06,udp,unknown,496,0,OTH,0,2,0,580,0,0,Normal
0.941743,tcp,unknown,72842,0,OTH,0,92,92,77810,5520,0,Normal
1.908044,udp,dns,0,0,OTH,0,10,0,280,0,1,Attack
0.0,other,unknown,0,0,OTH,0,1,0,60,0,0,Normal
2.940042,tcp,http,84,0,S1,0,14,0,560,0,1,Attack
1.904983,udp,dns,0,0,OTH,0,10,0,280,0,1,Attack
3.423869,tcp,http,96,0,S1,0,16,0,640,0,1,Attack
1e-06,udp,unknown,496,0,OTH,0,2,0,580,0,0,Normal
0.0,tcp,ssl,0,0,S1,0,2,0,120,0,1,Attack
0.0,tcp,ssl,0,0,S1,0,2,0,120,0,1,Attack
0.0,other,unknown,0,0,OTH,0,1,0,60,0,0,Normal
1e-06,udp,unknown,496,0,OTH,0,2,0,580,0,0,Normal
0.0,tcp,ssl,0,0,S1,0,2,0,120,0,1,Attack
1.913937,udp,dns,0,0,OTH,0,10,0,280,0,1,Attack
0.0,tcp,ssl,0,0,S1,0,2,0,120,0,1,Attack
80.044476,tcp,dns,0,0,S1,0,6,0,384,0,1,Attack
0.251171,udp,unknown,708,0,OTH,0,6,0,960,0,0,Normal
0.0,tcp,dns,0,0,S1,0,2,0,128,0,1,Attack
0.976508,tcp,unknown,57890,0,OTH,0,72,72,61778,4320,0,Normal
0.960222,tcp,unknown,88918,0,OTH,0,98,98,94210,5880,0,Normal
0.0,tcp,dns,0,0,S1,0,2,0,128,0,1,Attack
0.0,tcp,dns,0,0,S1,0,2,0,128,0,1,Attack
0.0,tcp,dns,0,0,S1,0,2,0,128,0,1,Attack
0.251915,udp,unknown,324,0,OTH,0,4,0,492,0,0,Normal
0.0,tcp,dns,0,0,S1,0,2,0,128,0,1,Attack
0.962259,tcp,unknown,76224,0,OTH,0,92,92,81192,5520,0,Normal
0.026994,tcp,unknown,4,12,RSTR,0,2,2,88,80,1,Attack
1.921051,udp,dns,0,0,OTH,0,10,0,280,0,1,Attack
1.889328,udp,dns,0,0,OTH,0,10,0,280,0,1,Attack
26.039307,tcp,dns,0,0,S1,0,4,0,256,0,1,Attack
0.967426,tcp,unknown,49166,0,OTH,0,74,74,53162,4440,0,Normal
0.018719,tcp,http,0,12,RSTR,0,2,2,120,80,1,Attack
1e-06,tcp,dns,0,0,S1,0,2,0,128,0,1,Attack
0.96747,tcp,unknown,49720,0,OTH,0,72,72,53608,4320,0,Normal
0.986945,tcp,unknown,112598,0,OTH,0,120,118,119078,7080,0,Normal
0.964989,tcp,unknown,81050,0,OTH,0,94,92,86126,5520,0,Normal
1e-06,udp,unknown,496,0,OTH,0,2,0,580,0,0,Normal
1.925475,udp,dns,0,0,OTH,0,10,0,280,0,1,Attack
1e-06,tcp,dns,0,0,S1,0,2,0,128,0,1,Attack
0.090352,tcp,unknown,4588,0,OTH,0,10,10,5128,600,0,Normal
0.943939,tcp,unknown,83306,0,OTH,0,96,96,88490,5760,0,Normal
1.923358,udp,dns,0,0,OTH,0,10,0,280,0,1,Attack
0.75613,tcp,unknown,52082,0,RSTO,0,62,62,55430,3720,0,Normal
0.966911,tcp,unknown,45114,0,OTH,0,74,74,49110,4440,0,Normal
320.865263,tcp,dns,0,0,S1,0,4,0,256,0,1,Attack
0.011499,other,unknown,0,0,OTH,0,2,0,120,0,0,Normal
1e-06,tcp,ssl,0,0,S1,0,2,0,120,0,1,Attack
1e-06,udp,unknown,496,0,OTH,0,2,0,580,0,0,Normal
0.990594,tcp,unknown,76276,0,OTH,0,102,102,81784,6120,0,Normal
1e-06,udp,unknown,162,0,OTH,0,2,0,246,0,0,Normal
1.928903,udp,dns,0,0,OTH,0,10,0,280,0,1,Attack
0.0,tcp,dns,0,0,S1,0,2,0,128,0,1,Attack
1.900539,udp,dns,0,0,OTH,0,10,0,280,0,1,Attack
2.938436,tcp,http,84,0,S1,0,14,0,560,0,1,Attack
3.428324,tcp,http,96,0,S1,0,16,0,640,0,1,Attack
1.914395,udp,dns,0,0,OTH,0,10,0,280,0,1,Attack
0.984202,tcp,unknown,108878,0,OTH,0,122,122,115466,7320,0,Normal
1e-06,udp,unknown,496,0,OTH,0,2,0,580,0,0,Normal
2.922303,tcp,http,84,0,S1,0,14,0,560,0,1,Attack
0.988062,tcp,unknown,98858,0,OTH,0,110,110,104798,6600,0,Normal
1e-06,udp,unknown,496,0,OTH,0,2,0,580,0,0,Normal
1e-06,udp,unknown,496,0,OTH,0,2,0,580,0,0,Normal
0.971961,tcp,unknown,117568,0,OTH,0,126,126,124372,7560,0,Normal
0.01109,other,unknown,0,0,OTH,0,2,0,120,0,0,Normal
1e-06,udp,unknown,496,0,OTH,0,2,0,580,0,0,Normal
1e-06,udp,unknown,496,0,OTH,0,2,0,580,0,0,Normal
2.907123,tcp,http,84,0,S1,0,14,0,560,0,1,Attack
0.991232,tcp,unknown,76278,0,OTH,0,94,94,81354,5640,0,Normal
1e-06,udp,dhcp,1480,0,OTH,0,2,0,1564,0,0,Normal
0.507196,other,unknown,0,0,OTH,0,2,0,120,0,0,Normal
0.0,tcp,dns,0,0,S1,0,2,0,128,0,1,Attack
0.0,udp,unknown,274,0,OTH,0,2,0,358,0,0,Normal
0.0,udp,unknown,162,0,OTH,0,2,0,246,0,0,Normal
1e-06,tcp,dns,0,0,S1,0,2,0,128,0,1,Attack
0.0,tcp,dns,0,0,S1,0,2,0,128,0,1,Attack
33.068899,tcp,dns,0,0,S1,0,4,0,256,0,1,Attack
0.975786,tcp,unknown,110570,0,OTH,0,122,122,117158,7320,0,Normal
3.427885,tcp,http,96,0,S1,0,16,0,640,0,1,Attack
0.249759,udp,unknown,324,0,OTH,0,4,0,492,0,0,Normal
0.976256,tcp,unknown,78244,0,OTH,0,98,98,83536,5880,0,Normal
0.96518,tcp,unknown,78870,0,OTH,0,100,100,84270,6000,0,Normal
0.96229,tcp,unknown,111292,0,OTH,0,124,122,117988,7320,0,Normal
0.0,tcp,dns,0,0,S1,0,2,0,128,0,1,Attack
1e-06,udp,unknown,496,0,OTH,0,2,0,580,0,0,Normal
0.250237,udp,unknown,324,0,OTH,0,4,0,492,0,0,Normal
2.947017,tcp,http,84,0,S1,0,14,0,560,0,1,Attack
0.0,tcp,ssl,0,0,S1,0,2,0,120,0,1,Attack
0.983485,tcp,unknown,97326,0,OTH,0,110,110,103266,6600,0,Normal
0.005553,tcp,unknown,1132,1062,SF,0,18,16,2084,1910,1,Attack
0.923656,tcp,unknown,110830,1316,S1,0,116,90,117122,6684,0,Normal
0.287017,tcp,unknown,16220,0,RSTO,0,24,22,17528,1320,0,Normal
0.032344,tcp,unknown,4,12,RSTR,0,2,2,88,80,1,Attack
0.962909,tcp,unknown,72446,0,OTH,0,94,94,77522,5640,0,Normal
0.0,tcp,ssl,0,0,S1,0,2,0,120,0,1,Attack
0.910558,tcp,unknown,74124,0,OTH,0,84,84,78660,5040,0,Normal
0.958791,tcp,unknown,70166,0,OTH,0,88,88,74918,5280,0,Normal
0.0,tcp,ssl,0,0,S1,0,2,0,120,0,1,Attack
0.650689,udp,unknown,854,0,OTH,0,8,0,1190,0,0,Normal
0.987451,tcp,unknown,112562,0,OTH,0,112,110,118610,6600,0,Normal
1.88959,udp,dns,0,0,OTH,0,10,0,280,0,1,Attack
0.960227,tcp,unknown,76540,0,OTH,0,98,98,81832,5880,0,Normal
1e-06,udp,unknown,496,0,OTH,0,2,0,580,0,0,Normal
1.921465,udp,dns,0,0,OTH,0,10,0,280,0,1,Attack
1.889283,udp,dns,0,0,OTH,0,10,0,280,0,1,Attack
1e-06,udp,unknown,274,0,OTH,0,2,0,358,0,0,Normal
1e-06,udp,dhcp,1480,0,OTH,0,2,0,1564,0,0,Normal
1.891781,udp,dns,0,0,OTH,0,10,0,280,0,1,Attack
0.0,tcp,dns,0,0,S1,0,2,0,128,0,1,Attack
1e-06,udp,unknown,496,0,OTH,0,2,0,580,0,0,Normal
0.0,tcp,dns,0,0,S1,0,2,0,128,0,1,Attack
0.734296,tcp,unknown,61738,0,RSTO,0,68,68,65410,4080,0,Normal
0.956732,tcp,unknown,75948,0,RSTO,0,88,82,80700,4920,0,Normal
0.0,tcp,dns,0,0,S1,0,2,0,128,0,1,Attack
0.0,other,unknown,0,0,OTH,0,1,0,60,0,0,Normal
0.964364,tcp,unknown,112194,0,OTH,0,118,110,118566,6600,0,Normal
0.0,other,unknown,0,0,OTH,0,1,0,60,0,0,Normal
0.98973,tcp,unknown,80032,0,OTH,0,92,92,85000,5520,0,Normal
0.966467,tcp,unknown,90192,0,OTH,0,99,100,95538,6000,0,Normal
1.913607,udp,dns,0,0,OTH,0,10,0,280,0,1,Attack
1e-06,udp,unknown,496,0,OTH,0,2,0,580,0,0,Normal
1.906579,udp,dns,0,0,OTH,0,10,0,280,0,1,Attack
0.012551,tcp,http,0,12,RSTR,0,2,2,120,80,1,Attack
0.982068,tcp,unknown,113696,0,OTH,0,119,118,120122,7080,0,Normal
2.920984,tcp,http,84,0,S1,0,14,0,560,0,1,Attack
0.0,tcp,ssl,0,0,S1,0,2,0,120,0,1,Attack
0.0,other,unknown,0,0,OTH,0,1,0,60,0,0,Normal
0.978868,tcp,unknown,109458,0,OTH,0,118,118,115830,7080,0,Normal
1e-06,udp,unknown,496,0,OTH,0,2,0,580,0,0,Normal
1e-06,udp,unknown,496,0,OTH,0,2,0,580,0,0,Normal
1e-06,udp,dhcp,1480,0,OTH,0,2,0,1564,0,0,Normal
90.0473,tcp,dns,0,0,S1,0,4,0,256,0,1,Attack
1.913473,udp,dns,0,0,OTH,0,10,0,280,0,1,Attack
0.00571,tcp,unknown,0,188,S1,0,2,6,124,564,0,Normal
0.0,tcp,dns,0,0,S1,0,2,0,128,0,1,Attack
0.961015,tcp,unknown,108126,0,OTH,0,102,102,113634,6120,0,Normal
65.976225,tcp,dns,0,0,S1,0,4,0,256,0,1,Attack
1e-06,udp,unknown,496,0,OTH,0,2,0,580,0,0,Normal
0.959995,tcp,unknown,53366,0,OTH,0,74,74,57362,4440,0,Normal
1e-06,udp,unknown,496,0,OTH,0,2,0,580,0,0,Normal
0.0,other,unknown,0,0,OTH,0,1,0,60,0,0,Normal
0.0,udp,unknown,162,0,OTH,0,2,0,246,0,0,Normal
0.0,tcp,dns,0,0,S1,0,2,0,128,0,1,Attack
0.023698,tcp,unknown,4,12,RSTR,0,2,2,88,80,1,Attack
0.0,tcp,dns,0,0,S1,0,2,0,128,0,1,Attack
166.981574,tcp,dns,0,0,S1,0,4,0,256,0,1,Attack
0.551069,other,unknown,0,0,OTH,0,2,0,120,0,0,Normal
0.965207,tcp,unknown,55526,0,OTH,0,76,76,59630,4560,0,Normal
1.892377,udp,dns,0,0,OTH,0,10,0,280,0,1,Attack
0.959014,tcp,unknown,91168,0,OTH,0,112,112,97216,6720,0,Normal
3.424086,tcp,http,90,0,S1,0,15,0,600,0,1,Attack
1.913703,udp,dns,0,0,OTH,0,10,0,280,0,1,Attack
0.985585,tcp,unknown,105898,0,OTH,0,118,118,112270,7080,0,Normal
2.945461,tcp,http,84,0,S1,0,14,0,560,0,1,Attack
0.0,tcp,ssl,0,0,S1,0,2,0,120,0,1,Attack
0.965585,tcp,unknown,78618,0,OTH,0,98,98,83910,5880,0,Normal
0.0,other,unknown,0,0,OTH,0,1,0,60,0,0,Normal
0.117657,udp,unknown,582,0,OTH,0,4,0,750,0,0,Normal
0.656257,other,unknown,0,0,OTH,0,2,0,120,0,0,Normal
0.969446,tcp,unknown,103926,0,OTH,0,120,118,110406,7080,0,Normal
1.92153,udp,dns,0,0,OTH,0,10,0,280,0,1,Attack
0.018794,tcp,unknown,4,12,RSTR,0,2,2,88,80,1,Attack
0.967878,tcp,unknown,49398,0,OTH,0,72,72,53286,4320,0,Normal
0.986358,tcp,unknown,25296,0,OTH,0,72,72,29184,4320,0,Normal
0.943333,tcp,unknown,60858,0,OTH,0,80,80,65178,4800,0,Normal
0.266556,udp,unknown,658,0,OTH,0,4,0,826,0,0,Normal
0.962787,tcp,unknown,111790,0,OTH,0,124,124,118486,7440,0,Normal
0.99014,tcp,unknown,69850,0,OTH,0,86,84,74494,5040,0,Normal
0.0,tcp,dns,0,0,S1,0,2,0,128,0,1,Attack
1e-06,udp,unknown,496,0,OTH,0,2,0,580,0,0,Normal
72.042361,tcp,dns,0,0,S1,0,6,0,384,0,1,Attack
0.945382,tcp,unknown,64378,0,OTH,0,98,96,69670,5760,0,Normal
1.919837,udp,dns,0,0,OTH,0,10,0,280,0,1,Attack
0.111903,udp,unknown,582,0,OTH,0,4,0,750,0,0,Normal
0.990295,tcp,unknown,70974,0,OTH,0,88,88,75726,5280,0,Normal
0.968916,tcp,unknown,112956,0,OTH,0,118,118,119328,7080,0,Normal
1.889176,udp,dns,0,0,OTH,0,10,0,280,0,1,Attack
0.0,tcp,dns,0,0,S1,0,2,0,128,0,1,Attack
1e-06,tcp,dns,0,0,S1,0,2,0,128,0,1,Attack
0.940428,tcp,unknown,65214,0,OTH,0,86,86,69858,5160,0,Normal
2.944704,tcp,http,84,0,S1,0,14,0,560,0,1,Attack
1.889383,udp,dns,0,0,OTH,0,10,0,280,0,1,Attack
0.951333,tcp,unknown,68586,0,OTH,0,88,88,73338,5280,0,Normal
0.977865,tcp,unknown,115078,0,OTH,0,128,126,121990,7560,0,Normal
0.0,tcp,dns,0,0,S1,0,2,0,128,0,1,Attack
0.0,udp,unknown,496,0,OTH,0,2,0,580,0,0,Normal
0.975861,tcp,unknown,61592,0,OTH,0,84,84,66128,5040,0,Normal
1.3e-05,tcp,ssl,0,0,S1,0,2,0,120,0,1,Attack
2.931713,tcp,http,84,0,S1,0,14,0,560,0,1,Attack
0.0,tcp,ssl,0,0,S1,0,2,0,120,0,1,Attack
1e-06,udp,unknown,496,0,OTH,0,2,0,580,0,0,Normal
1.926318,udp,dns,0,0,OTH,0,10,0,280,0,1,Attack
0.983502,tcp,unknown,76838,0,OTH,0,102,102,82346,6120,0,Normal
0.0,tcp,ssl,0,0,S1,0,2,0,120,0,1,Attack
1.418718,udp,dns,0,0,OTH,0,8,0,224,0,1,Attack
2.944678,tcp,http,84,0,S1,0,14,0,560,0,1,Attack
0.212804,tcp,unknown,13624,1320,S1,0,20,26,14720,2848,0,Normal
9.727508,tcp,dns,0,0,S1,0,4,0,256,0,1,Attack
0.98447,tcp,unknown,85600,0,OTH,0,100,100,91000,6000,0,Normal
1.417448,udp,dns,0,0,OTH,0,8,0,224,0,1,Attack
0.0,tcp,dns,0,0,S1,0,2,0,128,0,1,Attack
1e-06,tcp,ssl,0,0,S1,0,2,0,120,0,1,Attack
0.251441,udp,unknown,658,0,OTH,0,4,0,826,0,0,Normal
0.974907,tcp,unknown,96330,0,OTH,0,108,108,102162,6480,0,Normal
0.971079,tcp,unknown,81006,0,OTH,0,92,92,85974,5520,0,Normal
0.0,tcp,ssl,0,0,S1,0,2,0,120,0,1,Attack
0.0,other,unknown,0,0,OTH,0,1,0,60,0,0,Normal
1.913598,udp,dns,0,0,OTH,0,10,0,280,0,1,Attack
0.025233,udp,unknown,992,0,OTH,0,4,0,1160,0,0,Normal
0.0,tcp,dns,0,0,S1,0,2,0,128,0,1,Attack
94.71084,tcp,dns,0,0,S1,0,4,0,256,0,1,Attack
0.0,udp,unknown,496,0,OTH,0,2,0,580,0,0,Normal
0.961581,tcp,unknown,65318,0,OTH,0,84,84,69854,5040,0,Normal
1.910726,udp,dns,0,0,OTH,0,10,0,280,0,1,Attack
0.626508,tcp,unknown,49418,0,RSTO,0,56,52,52442,3120,0,Normal
0.0,tcp,ssl,0,0,S1,0,2,0,120,0,1,Attack
2.925402,tcp,http,84,0,S1,0,14,0,560,0,1,Attack
2.931872,tcp,http,84,0,S1,0,14,0,560,0,1,Attack
0.951912,tcp,unknown,78930,0,OTH,0,98,98,84222,5880,0,Normal
1.915917,udp,dns,0,0,OTH,0,10,0,280,0,1,Attack
0.0,other,unknown,0,0,OTH,0,1,0,60,0,0,Normal
0.94495,tcp,unknown,97082,0,OTH,0,110,108,103022,6480,0,Normal
2.919719,tcp,http,84,0,S1,0,14,0,560,0,1,Attack
6.5e-05,other,unknown,0,0,OTH,0,2,0,120,0,0,Normal
3.423964,tcp,http,96,0,S1,0,16,0,640,0,1,Attack
2.944222,tcp,http,84,0,S1,0,14,0,560,0,1,Attack
0.982415,tcp,unknown,98578,0,OTH,0,112,112,104626,6720,0,Normal
0.0,other,unknown,0,0,OTH,0,1,0,60,0,0,Normal
0.98394,tcp,unknown,111682,0,OTH,0,120,120,118162,7200,0,Normal
1e-06,udp,unknown,496,0,OTH,0,2,0,580,0,0,Normal
0.0,tcp,dns,0,0,S1,0,2,0,128,0,1,Attack
1e-06,udp,unknown,496,0,OTH,0,2,0,580,0,0,Normal
0.0,tcp,dns,0,0,S1,0,2,0,128,0,1,Attack
0.0,other,unknown,0,0,OTH,0,1,0,60,0,0,Normal
0.0,tcp,dns,0,0,S1,0,2,0,128,0,1,Attack
0.864303,tcp,unknown,81944,1320,S1,0,100,90,87372,6688,0,Normal
1.901678,udp,dns,0,0,OTH,0,10,0,280,0,1,Attack
0.969527,tcp,unknown,80304,0,OTH,0,98,96,85596,5760,0,Normal
1.418481,udp,dns,0,0,OTH,0,8,0,224,0,1,Attack
0.0,other,unknown,0,0,OTH,0,1,0,60,0,0,Normal
0.972301,tcp,unknown,83208,0,OTH,0,106,106,88932,6360,0,Normal
0.935047,tcp,unknown,119686,0,OTH,0,128,128,126598,7680,0,Normal
0.968669,tcp,unknown,91062,0,OTH,0,104,104,96678,6240,0,Normal
1e-06,udp,unknown,496,0,OTH,0,2,0,580,0,0,Normal
0.0,other,unknown,0,0,OTH,0,1,0,60,0,0,Normal
0.963563,tcp,unknown,68862,0,OTH,0,90,88,73722,5280,0,Normal
3.42819,tcp,http,96,0,S1,0,16,0,640,0,1,Attack
0.967834,tcp,unknown,112686,0,OTH,0,124,120,119382,7200,0,Normal
0.964224,tcp,unknown,76596,0,OTH,0,100,100,81996,6000,0,Normal
0.948546,tcp,unknown,55586,0,OTH,0,74,74,59582,4440,0,Normal
0.947524,tcp,unknown,90876,0,OTH,0,104,102,96492,6120,0,Normal
0.96525,tcp,unknown,111058,0,OTH,0,118,118,117430,7080,0,Normal
0.981907,tcp,unknown,110924,0,OTH,0,118,116,117296,6960,0,Normal
1e-06,udp,unknown,86,0,OTH,0,2,0,170,0,0,Normal
0.0,tcp,ssl,0,0,S1,0,2,0,120,0,1,Attack
3.423512,tcp,http,96,0,S1,0,16,0,640,0,1,Attack
0.0,other,unknown,0,0,OTH,0,1,0,60,0,0,Normal
104.302371,tcp,dns,0,0,S1,0,4,0,256,0,1,Attack
0.035767,tcp,unknown,4,12,RSTR,0,2,2,88,80,1,Attack
0.0,tcp,dns,0,0,S1,0,2,0,128,0,1,Attack
1e-06,udp,unknown,274,0,OTH,0,2,0,358,0,0,Normal
0.247555,udp,unknown,708,0,OTH,0,6,0,960,0,0,Normal
0.944591,tcp,unknown,78820,0,OTH,0,104,104,84436,6240,0,Normal
0.168792,other,unknown,0,0,OTH,0,3,0,180,0,0,Normal
2.944739,tcp,http,84,0,S1,0,14,0,560,0,1,Attack
0.956172,tcp,unknown,93324,0,OTH,0,104,104,98940,6240,0,Normal
0.0,tcp,dns,0,0,S1,0,2,0,128,0,1,Attack
3.423664,tcp,http,96,0,S1,0,16,0,640,0,1,Attack
1.911003,udp,dns,0,0,OTH,0,10,0,280,0,1,Attack
2.944467,tcp,http,84,0,S1,0,14,0,560,0,1,Attack
110.043734,tcp,dns,0,0,S1,0,4,0,256,0,1,Attack
0.979141,tcp,unknown,60794,0,OTH,0,84,84,65330,5040,0,Normal
2.916748,tcp,http,84,0,S1,0,14,0,560,0,1,Attack
3.423879,tcp,http,96,0,S1,0,16,0,640,0,1,Attack
0.968963,tcp,unknown,88206,0,OTH,0,102,100,93714,6000,0,Normal
0.99501,tcp,unknown,105466,0,OTH,0,130,130,112486,7800,0,Normal
1.896808,udp,dns,0,0,OTH,0,10,0,280,0,1,Attack
1e-06,tcp,dns,0,0,S1,0,2,0,128,0,1,Attack
2.91533,tcp,http,84,0,S1,0,14,0,560,0,1,Attack
0.937255,tcp,unknown,72770,0,OTH,0,96,96,77954,5760,0,Normal
0.0,tcp,ssl,0,0,S1,0,2,0,120,0,1,Attack
1e-06,udp,unknown,496,0,OTH,0,2,0,580,0,0,Normal
0.937603,tcp,unknown,90488,0,OTH,0,98,92,95780,5520,0,Normal
0.967358,tcp,unknown,60240,0,OTH,0,82,82,64668,4920,0,Normal
0.0,udp,dhcp,1480,0,OTH,0,2,0,1564,0,0,Normal
1.911597,udp,dns,0,0,OTH,0,10,0,280,0,1,Attack
2.947776,tcp,http,84,0,S1,0,14,0,560,0,1,Attack
0.0,tcp,dns,0,0,S1,0,2,0,128,0,1,Attack
0.472257,other,unknown,0,0,OTH,0,2,0,120,0,0,Normal
2.944578,tcp,http,84,0,S1,0,14,0,560,0,1,Attack
2.91535,tcp,http,84,0,S1,0,14,0,560,0,1,Attack
0.982065,tcp,unknown,109450,0,OTH,0,128,128,116362,7680,0,Normal
0.0,other,unknown,0,0,OTH,0,1,0,60,0,0,Normal
0.0,tcp,dns,0,0,S1,0,2,0,128,0,1,Attack
0.0,tcp,ssl,0,0,S1,0,2,0,120,0,1,Attack
0.981106,tcp,unknown,101944,0,OTH,0,112,108,107992,6480,0,Normal
1e-06,udp,unknown,496,0,OTH,0,2,0,580,0,0,Normal
0.983566,tcp,unknown,81158,0,OTH,0,96,96,86342,5760,0,Normal
0.959937,tcp,unknown,80288,0,OTH,0,108,108,86120,6480,0,Normal
337.040336,tcp,dns,0,0,S1,0,6,0,384,0,1,Attack
1e-06,udp,unknown,496,0,OTH,0,2,0,580,0,0,Normal
2.928228,tcp,http,84,0,S1,0,14,0,560,0,1,Attack
11.511757,tcp,http,0,24,RSTR,0,4,4,240,160,1,Attack
0.95729,tcp,unknown,58978,0,OTH,0,76,76,63082,4560,0,Normal
0.944127,tcp,unknown,72528,0,OTH,0,92,92,77496,5520,0,Normal
0.0,tcp,ssl,0,0,S1,0,2,0,120,0,1,Attack
0.0,other,unknown,0,0,OTH,0,1,0,60,0,0,Normal
0.995982,tcp,unknown,59136,0,OTH,0,76,76,63240,4560,0,Normal
0.047938,other,unknown,0,0,OTH,0,2,0,120,0,0,Normal
2.944677,tcp,http,84,0,S1,0,14,0,560,0,1,Attack
0.0,tcp,ssl,0,0,S1,0,2,0,120,0,1,Attack
0.0,tcp,dns,0,0,S1,0,2,0,128,0,1,Attack
1.889565,udp,dns,0,0,OTH,0,10,0,280,0,1,Attack
0.0,udp,unknown,496,0,OTH,0,2,0,580,0,0,Normal
112.029469,tcp,dns,0,0,S1,0,4,0,256,0,1,Attack
0.980676,tcp,unknown,104810,0,OTH,0,120,120,111290,7200,0,Normal
0.0,other,unknown,0,0,OTH,0,1,0,60,0,0,Normal
0.0,tcp,ssl,0,0,S1,0,2,0,120,0,1,Attack
1.896265,udp,dns,0,0,OTH,0,10,0,280,0,1,Attack
235.018723,tcp,dns,0,0,S1,0,4,0,256,0,1,Attack
0.970171,tcp,unknown,79578,0,OTH,0,96,96,84762,5760,0,Normal
1.1e-05,tcp,ssl,0,0,S1,0,2,0,120,0,1,Attack
0.0,tcp,dns,0,0,S1,0,2,0,128,0,1,Attack
0.0,tcp,ssl,0,0,S1,0,2,0,120,0,1,Attack
0.984526,tcp,unknown,104838,0,OTH,0,122,122,111426,7320,0,Normal
0.95975,tcp,unknown,96728,0,OTH,0,116,116,102992,6960,0,Normal
0.983485,tcp,unknown,77174,0,OTH,0,100,100,82574,6000,0,Normal
0.004445,tcp,unknown,246,6284,SF,0,18,14,1198,7028,1,Attack
0.0,other,unknown,0,0,OTH,0,1,0,60,0,0,Normal
0.0,other,unknown,0,0,OTH,0,1,0,60,0,0,Normal
0.02761,tcp,unknown,4,12,RSTR,0,2,2,88,80,1,Attack
1.908764,udp,dns,0,0,OTH,0,10,0,280,0,1,Attack
0.060389,udp,unknown,582,0,OTH,0,4,0,750,0,0,Normal
3.424224,tcp,http,96,0,S1,0,16,0,640,0,1,Attack
2.90504,tcp,http,84,0,S1,0,14,0,560,0,1,Attack
0.0,tcp,ssl,0,0,S1,0,2,0,120,0,1,Attack
0.960224,tcp,unknown,76432,0,OTH,0,100,100,81832,6000,0,Normal
0.0,tcp,dns,0,0,S1,0,2,0,128,0,1,Attack
0.0,tcp,dns,0,0,S1,0,2,0,128,0,1,Attack
54.988404,tcp,dns,0,0,S1,0,6,0,384,0,1,Attack
0.908007,udp,unknown,674,0,OTH,0,4,0,842,0,0,Normal
1e-06,udp,unknown,28,0,OTH,0,4,0,140,0,1,Attack
0.995378,tcp,unknown,110520,0,OTH,0,130,130,117540,7800,0,Normal
0.0,udp,unknown,496,0,OTH,0,2,0,580,0,0,Normal
0.954429,tcp,unknown,90144,0,OTH,0,94,94,95220,5640,0,Normal
1e-06,tcp,dns,0,0,S1,0,2,0,128,0,1,Attack
1e-06,udp,unknown,496,0,OTH,0,2,0,580,0,0,Normal
0.730627,udp,unknown,1068,0,OTH,0,10,0,1488,0,0,Normal
0.0,tcp,dns,0,0,S1,0,2,0,128,0,1,Attack
0.0,tcp,dns,0,0,S1,0,2,0,128,0,1,Attack
2.912448,tcp,http,84,0,S1,0,14,0,560,0,1,Attack
0.0,udp,dhcp,1480,0,OTH,0,2,0,1564,0,0,Normal
0.85897,tcp,unknown,110972,1320,S1,0,112,90,117036,6688,0,Normal
2.939952,tcp,http,84,0,S1,0,14,0,560,0,1,Attack
0.0,tcp,dns,0,0,S1,0,2,0,128,0,1,Attack
1e-06,udp,unknown,496,0,OTH,0,2,0,580,0,0,Normal
3.432183,tcp,http,96,0,S1,0,16,0,640,0,1,Attack
1.910307,udp,dns,0,0,OTH,0,10,0,280,0,1,Attack
0.980666,tcp,unknown,114004,0,OTH,0,128,128,120916,7680,0,Normal
0.0,tcp,ssl,0,0,S1,0,2,0,120,0,1,Attack
1e-06,udp,unknown,274,0,OTH,0,2,0,358,0,0,Normal
2.905925,tcp,http,84,0,S1,0,14,0,560,0,1,Attack
0.994065,tcp,unknown,83694,0,OTH,0,108,108,89526,6480,0,Normal
0.96947,tcp,unknown,105466,0,OTH,0,114,106,111622,6360,0,Normal
1e-06,udp,unknown,496,0,OTH,0,2,0,580,0,0,Normal
0.0,other,unknown,0,0,OTH,0,1,0,60,0,0,Normal
0.014394,tcp,unknown,246,6284,SF,0,20,16,1302,7132,1,Attack
1e-06,tcp,dns,0,0,S1,0,2,0,128,0,1,Attack
297.978106,tcp,dns,0,0,S1,0,4,0,256,0,1,Attack
0.0,tcp,dns,0,0,S1,0,2,0,128,0,1,Attack
0.968596,tcp,unknown,104984,0,OTH,0,118,118,111356,7080,0,Normal
1.898439,udp,dns,0,0,OTH,0,10,0,280,0,1,Attack
0.0,udp,unknown,496,0,OTH,0,2,0,580,0,0,Normal
0.963808,tcp,unknown,74864,0,OTH,0,96,96,80048,5760,0,Normal
0.0,other,unknown,0,0,OTH,0,1,0,60,0,0,Normal
0.935089,tcp,unknown,76496,0,OTH,0,98,98,81788,5880,0,Normal
0.500612,udp,unknown,486,0,OTH,0,6,0,738,0,0,Normal
1e-06,tcp,dns,0,0,S1,0,2,0,128,0,1,Attack
0.950007,tcp,unknown,109972,0,OTH,0,114,114,116128,6840,0,Normal
2.935387,tcp,http,84,0,S1,0,14,0,560,0,1,Attack
3.428199,tcp,http,96,0,S1,0,16,0,640,0,1,Attack
1e-06,udp,unknown,496,0,OTH,0,2,0,580,0,0,Normal
1.907137,udp,dns,0,0,OTH,0,10,0,280,0,1,Attack
3.424237,tcp,http,96,0,S1,0,16,0,640,0,1,Attack
0.0,tcp,dns,0,0,S1,0,2,0,128,0,1,Attack
0.0,tcp,dns,0,0,S1,0,2,0,128,0,1,Attack
286.003463,tcp,dns,0,0,S1,0,4,0,256,0,1,Attack
0.73881,udp,unknown,982,0,OTH,0,8,0,1318,0,0,Normal
0.0,tcp,ssl,0,0,S1,0,2,0,120,0,1,Attack
0.0,tcp,ssl,0,0,S1,0,2,0,120,0,1,Attack
0.0,tcp,dns,0,0,S1,0,2,0,128,0,1,Attack
0.962813,tcp,unknown,65482,0,OTH,0,84,84,70018,5040,0,Normal
0.004667,tcp,unknown,246,6284,SF,0,14,12,990,6924,1,Attack
0.978239,tcp,unknown,77662,0,OTH,0,102,102,83170,6120,0,Normal
2.920954,tcp,http,84,0,S1,0,14,0,560,0,1,Attack
1e-06,udp,unknown,496,0,OTH,0,2,0,580,0,0,Normal
1.925424,udp,dns,0,0,OTH,0,10,0,280,0,1,Attack
0.966146,tcp,unknown,71540,0,OTH,0,88,88,76292,5280,0,Normal
0.403161,other,unknown,0,0,OTH,0,2,0,120,0,0,Normal
0.0,tcp,ssl,0,0,S1,0,2,0,120,0,1,Attack
0.0,other,unknown,0,0,OTH,0,1,0,60,0,0,Normal
3.424007,tcp,http,96,0,S1,0,16,0,640,0,1,Attack
1e-06,udp,dhcp,1480,0,OTH,0,2,0,1564,0,0,Normal
0.0,udp,unknown,496,0,OTH,0,2,0,580,0,0,Normal
1.892319,udp,dns,0,0,OTH,0,10,0,280,0,1,Attack
1.904634,udp,dns,0,0,OTH,0,10,0,280,0,1,Attack
1e-06,tcp,ssl,0,0,S1,0,2,0,120,0,1,Attack
2.939949,tcp,http,84,0,S1,0,14,0,560,0,1,Attack
38.861616,tcp,dns,0,0,S1,0,4,0,256,0,1,Attack
4.3e-05,tcp,ssl,0,0,S1,0,2,0,120,0,1,Attack
0.964267,tcp,unknown,47556,0,OTH,0,72,72,51444,4320,0,Normal
0.0,other,unknown,0,0,OTH,0,1,0,60,0,0,Normal
303.903453,tcp,dns,0,0,S1,0,6,0,384,0,1,Attack
1e-06,udp,unknown,496,0,OTH,0,2,0,580,0,0,Normal
1.915185,udp,dns,0,0,OTH,0,10,0,280,0,1,Attack
132.000431,tcp,dns,0,0,S1,0,4,0,256,0,1,Attack
0.0,tcp,dns,0,0,S1,0,2,0,128,0,1,Attack
0.96424,tcp,unknown,44964,0,OTH,0,62,62,48312,3720,0,Normal
1e-06,udp,unknown,496,0,OTH,0,2,0,580,0,0,Normal
0.0,tcp,dns,0,0,S1,0,2,0,128,0,1,Attack
1.927351,udp,dns,0,0,OTH,0,9,0,252,0,1,Attack
0.958143,tcp,unknown,105604,0,OTH,0,116,116,111868,6960,0,Normal
0.0,tcp,dns,0,0,S1,0,2,0,128,0,1,Attack
0.985472,tcp,unknown,57662,0,OTH,0,76,76,61766,4560,0,Normal
0.108299,other,unknown,0,0,OTH,0,2,0,120,0,0,Normal
0.964911,tcp,unknown,56264,0,OTH,0,78,78,60476,4680,0,Normal
1e-06,udp,unknown,496,0,OTH,0,2,0,580,0,0,Normal
0.0,other,unknown,0,0,OTH,0,1,0,60,0,0,Normal
0.92973,tcp,unknown,105150,0,OTH,0,114,114,111306,6840,0,Normal
2.936703,tcp,http,84,0,S1,0,14,0,560,0,1,Attack
0.27043,udp,unknown,658,0,OTH,0,4,0,826,0,0,Normal
0.207244,tcp,unknown,0,0,RSTO,0,2,2,120,148,0,Normal
0.018135,udp,unknown,188,13714,OTH,0,2,42,244,14890,1,Attack
0.0,tcp,dns,0,0,S1,0,2,0,128,0,1,Attack
0.0,tcp,ssl,0,0,S1,0,2,0,120,0,1,Attack
0.965304,tcp,unknown,99298,0,OTH,0,114,114,105454,6840,0,Normal
1e-06,udp,unknown,496,0,OTH,0,2,0,580,0,0,Normal
1e-06,udp,unknown,496,0,OTH,0,2,0,580,0,0,Normal
0.108847,udp,unknown,1096,0,OTH,0,8,0,1432,0,0,Normal
0.0,tcp,ssl,0,0,S1,0,2,0,120,0,1,Attack
0.973141,tcp,unknown,101138,0,OTH,0,106,104,106862,6240,0,Normal
0.950798,tcp,unknown,81890,0,OTH,0,94,94,86966,5640,0,Normal
0.600269,other,unknown,0,0,OTH,0,2,0,120,0,0,Normal
0.995116,tcp,unknown,94010,0,OTH,0,114,114,100166,6840,0,Normal
1.903771,udp,dns,0,0,OTH,0,10,0,280,0,1,Attack
1.924879,udp,dns,0,0,OTH,0,10,0,280,0,1,Attack
3.424505,tcp,http,96,0,S1,0,16,0,640,0,1,Attack
0.985512,tcp,unknown,70746,0,OTH,0,90,90,75606,5400,0,Normal
0.975276,tcp,unknown,80396,0,OTH,0,104,104,86012,6240,0,Normal
0.0,tcp,dns,0,0,S1,0,2,0,128,0,1,Attack
0.0,tcp,ssl,0,0,S1,0,2,0,120,0,1,Attack
0.962448,tcp,unknown,45734,0,OTH,0,74,76,49730,4560,0,Normal
4.3e-05,tcp,ssl,0,0,S1,0,2,0,120,0,1,Attack
0.0,other,unknown,0,0,OTH,0,1,0,60,0,0,Normal
0.958912,tcp,unknown,51516,0,OTH,0,66,66,55080,3960,0,Normal
1e-06,udp,dhcp,1480,0,OTH,0,2,0,1564,0,0,Normal
0.987903,tcp,unknown,45040,0,OTH,0,74,74,49036,4440,0,Normal
0.345455,other,unknown,0,0,OTH,0,2,0,120,0,0,Normal
0.960539,tcp,unknown,111908,0,OTH,0,128,124,118820,7440,0,Normal
0.0,udp,dhcp,1480,0,OTH,0,2,0,1564,0,0,Normal
0.974698,tcp,unknown,107472,0,OTH,0,116,114,113736,6840,0,Normal
3.424721,tcp,http,96,0,S1,0,16,0,640,0,1,Attack
165.034425,tcp,dns,0,0,S1,0,6,0,384,0,1,Attack
0.0,other,unknown,0,0,OTH,0,1,0,60,0,0,Normal
0.0,tcp,dns,0,0,S1,0,2,0,128,0,1,Attack
0.954453,tcp,unknown,87144,0,OTH,0,104,104,92760,6240,0,Normal
0.9578,tcp,unknown,93918,0,OTH,0,106,106,99642,6360,0,Normal
0.0,tcp,dns,0,0,S1,0,2,0,128,0,1,Attack
1.919823,udp,dns,0,0,OTH,0,10,0,280,0,1,Attack
1e-06,udp,unknown,496,0,OTH,0,2,0,580,0,0,Normal
1e-06,tcp,dns,0,0,S1,0,2,0,128,0,1,Attack
0.076154,other,unknown,0,0,OTH,0,2,0,120,0,0,Normal
0.989713,tcp,unknown,78378,0,OTH,0,106,106,84102,6360,0,Normal
0.0,tcp,ssl,0,0,S1,0,2,0,120,0,1,Attack
0.0,other,unknown,0,0,OTH,0,1,0,60,0,0,Normal
0.0,tcp,ssl,0,0,S1,0,2,0,120,0,1,Attack
2.936718,tcp,http,84,0,S1,0,14,0,560,0,1,Attack
0.0,udp,unknown,496,0,OTH,0,2,0,580,0,0,Normal
280.223593,tcp,dns,0,0,S1,0,4,0,256,0,1,Attack
1.889625,udp,dns,0,0,OTH,0,10,0,280,0,1,Attack
0.966827,tcp,unknown,76976,0,OTH,0,98,98,82268,5880,0,Normal
1.922988,udp,dns,0,0,OTH,0,10,0,280,0,1,Attack
1.414578,udp,dns,0,0,OTH,0,8,0,224,0,1,Attack
1.933198,udp,dns,0,0,OTH,0,10,0,280,0,1,Attack
1.890825,udp,dns,0,0,OTH,0,10,0,280,0,1,Attack
0.042614,tcp,unknown,4,12,RSTR,0,2,2,88,80,1,Attack
0.968499,tcp,unknown,73734,0,OTH,0,94,94,78810,5640,0,Normal
0.511225,udp,unknown,486,0,OTH,0,6,0,738,0,0,Normal
0.009504,tcp,http,0,12,RSTR,0,2,2,120,80,1,Attack
0.0,other,unknown,0,0,OTH,0,1,0,60,0,0,Normal
2.926274,tcp,http,84,0,S1,0,14,0,560,0,1,Attack
0.964215,tcp,unknown,108214,0,OTH,0,122,122,114802,7320,0,Normal
1.89905,udp,dns,0,0,OTH,0,10,0,280,0,1,Attack
162.565406,tcp,dns,0,0,S1,0,6,0,384,0,1,Attack
0.984311,tcp,unknown,121516,0,OTH,0,122,122,128104,7320,0,Normal
1e-06,udp,unknown,496,0,OTH,0,2,0,580,0,0,Normal
0.953745,tcp,unknown,81880,0,OTH,0,102,102,87388,6120,0,Normal
1.915905,udp,dns,0,0,OTH,0,10,0,280,0,1,Attack
0.982495,tcp,unknown,108028,0,OTH,0,124,124,114724,7440,0,Normal
0.249032,udp,unknown,324,0,OTH,0,4,0,492,0,0,Normal
0.995261,tcp,unknown,114740,0,OTH,0,126,126,121544,7560,0,Normal
0.003205,tcp,http,0,12,RSTR,0,2,2,120,80,1,Attack
1.927749,udp,dns,0,0,OTH,0,10,0,280,0,1,Attack
3.427181,tcp,http,96,0,S1,0,16,0,640,0,1,Attack
1.921073,udp,dns,0,0,OTH,0,10,0,280,0,1,Attack
0.0,other,unknown,0,0,OTH,0,1,0,60,0,0,Normal
0.74154,tcp,unknown,56416,0,RSTO,0,64,62,59872,3720,0,Normal
0.011095,tcp,http,0,12,RSTR,0,2,2,120,80,1,Attack
0.965009,tcp,unknown,113540,0,OTH,0,118,118,119912,7080,0,Normal
0.949428,tcp,unknown,92312,0,OTH,0,90,84,97172,5040,0,Normal
0.0,other,unknown,0,0,OTH,0,1,0,60,0,0,Normal
0.976029,tcp,unknown,87662,230,OTH,0,100,98,93062,6098,0,Normal
0.1583,other,unknown,0,0,OTH,0,2,0,120,0,0,Normal
0.021118,tcp,unknown,4,12,RSTR,0,2,2,88,80,1,Attack
0.251237,udp,unknown,324,0,OTH,0,4,0,492,0,0,Normal
0.959988,tcp,unknown,63112,0,OTH,0,82,82,67540,4920,0,Normal
2.94443,tcp,http,84,0,S1,0,14,0,560,0,1,Attack
1e-06,udp,unknown,496,0,OTH,0,2,0,580,0,0,Normal
1e-06,tcp,ssl,0,0,S1,0,2,0,120,0,1,Attack
1e-06,udp,dhcp,1480,0,OTH,0,2,0,1564,0,0,Normal
2.938905,tcp,http,84,0,S1,0,14,0,560,0,1,Attack
0.988184,tcp,unknown,107094,0,OTH,0,114,114,113250,6840,0,Normal
0.0,udp,unknown,496,0,OTH,0,2,0,580,0,0,Normal
2.944752,tcp,http,84,0,S1,0,14,0,560,0,1,Attack
1.91455,udp,dns,0,0,OTH,0,10,0,280,0,1,Attack
0.0,udp,unknown,496,0,OTH,0,2,0,580,0,0,Normal
1e-06,udp,unknown,496,0,OTH,0,2,0,580,0,0,Normal
0.964826,tcp,unknown,74782,0,OTH,0,98,98,80074,5880,0,Normal
1.906228,udp,dns,0,0,OTH,0,10,0,280,0,1,Attack
0.0,tcp,dns,0,0,S1,0,2,0,128,0,1,Attack
1e-06,udp,dhcp,1480,0,OTH,0,2,0,1564,0,0,Normal
0.970502,tcp,unknown,48404,0,OTH,0,72,72,52292,4320,0,Normal
0.0,tcp,dns,0,0,S1,0,2,0,128,0,1,Attack
1e-06,udp,unknown,496,0,OTH,0,2,0,580,0,0,Normal
2.944541,tcp,http,84,0,S1,0,14,0,560,0,1,Attack
0.980267,tcp,unknown,109256,0,OTH,0,124,124,115952,7440,0,Normal
0.975247,tcp,unknown,73840,0,OTH,0,96,96,79024,5760,0,Normal
0.0,other,unknown,0,0,OTH,0,1,0,60,0,0,Normal
0.946465,tcp,unknown,90704,0,OTH,0,108,108,96536,6480,0,Normal
1.933877,udp,dns,0,0,OTH,0,10,0,280,0,1,Attack
1e-06,tcp,dns,0,0,S1,0,2,0,128,0,1,Attack
0.0,other,unknown,0,0,OTH,0,1,0,60,0,0,Normal
2.936193,tcp,http,84,0,S1,0,14,0,560,0,1,Attack
0.961788,tcp,unknown,114714,0,OTH,0,132,132,121842,7920,0,Normal
1e-06,udp,unknown,274,0,OTH,0,2,0,358,0,0,Normal
0.961992,tcp,unknown,99216,0,OTH,0,112,108,105264,6480,0,Normal
0.069294,other,unknown,0,0,OTH,0,2,0,120,0,0,Normal
3.426163,tcp,http,96,0,S1,0,16,0,640,0,1,Attack
2.936699,tcp,http,84,0,S1,0,14,0,560,0,1,Attack
3.429586,tcp,http,96,0,S1,0,16,0,640,0,1,Attack
1e-06,tcp,dns,0,0,S1,0,2,0,128,0,1,Attack
2.938955,tcp,http,84,0,S1,0,14,0,560,0,1,Attack
0.975413,tcp,unknown,53610,0,OTH,0,70,70,57390,4200,0,Normal
63.242272,tcp,dns,0,0,S1,0,4,0,256,0,1,Attack
0.503126,udp,unknown,820,0,OTH,0,6,0,1072,0,0,Normal
299.018005,tcp,dns,0,0,S1,0,4,0,256,0,1,Attack
0.949377,tcp,unknown,95536,0,OTH,0,104,104,101152,6240,0,Normal
0.251857,udp,unknown,324,0,OTH,0,4,0,492,0,0,Normal
0.956847,tcp,unknown,106844,0,OTH,0,112,112,112892,6720,0,Normal
0.965392,tcp,unknown,80144,0,OTH,0,98,96,85436,5760,0,Normal
0.954248,tcp,unknown,74680,0,OTH,0,94,94,79756,5640,0,Normal
2.923698,tcp,http,84,0,S1,0,14,0,560,0,1,Attack
236.010502,tcp,dns,0,0,S1,0,4,0,256,0,1,Attack
0.97674,tcp,unknown,103706,0,OTH,0,116,116,109970,6960,0,Normal
0.951886,tcp,unknown,60758,0,OTH,0,78,78,64970,4680,0,Normal
0.034786,tcp,unknown,4,12,RSTR,0,2,2,88,80,1,Attack
0.0,tcp,unknown,0,0,S1,0,0,2,0,148,0,Normal
0.968245,tcp,unknown,82806,0,OTH,0,96,96,87990,5760,0,Normal
0.247806,udp,unknown,658,0,OTH,0,4,0,826,0,0,Normal
0.0,other,unknown,0,0,OTH,0,1,0,60,0,0,Normal
0.972814,tcp,unknown,104646,0,OTH,0,122,122,111234,7320,0,Normal
1.915848,udp,dns,0,0,OTH,0,10,0,280,0,1,Attack
0.965885,tcp,unknown,139852,0,OTH,0,136,134,147196,8040,0,Normal
3.428493,tcp,http,96,0,S1,0,16,0,640,0,1,Attack
0.250734,udp,unknown,708,0,OTH,0,6,0,960,0,0,Normal
1e-06,udp,unknown,496,0,OTH,0,2,0,580,0,0,Normal
2.933961,tcp,http,84,0,S1,0,14,0,560,0,1,Attack
0.0,tcp,ssl,0,0,S1,0,2,0,120,0,1,Attack
0.071623,udp,unknown,582,0,OTH,0,4,0,750,0,0,Normal
1e-06,udp,dhcp,1480,0,OTH,0,2,0,1564,0,0,Normal
0.0,tcp,dns,0,0,S1,0,2,0,128,0,1,Attack
0.977329,tcp,unknown,98036,0,OTH,0,114,114,104192,6840,0,Normal
0.003016,tcp,unknown,4,12,RSTR,0,2,2,88,80,1,Attack
0.991909,tcp,unknown,111558,0,OTH,0,123,122,118200,7320,0,Normal
0.039583,tcp,unknown,4,12,RSTR,0,2,2,88,80,1,Attack
1e-06,udp,unknown,496,0,OTH,0,2,0,580,0,0,Normal
0.0,tcp,dns,0,0,S1,0,2,0,128,0,1,Attack
0.0,tcp,ssl,0,0,S1,0,2,0,120,0,1,Attack
1e-06,udp,unknown,496,0,OTH,0,2,0,580,0,0,Normal
2.944658,tcp,http,84,0,S1,0,14,0,560,0,1,Attack
2.941682,tcp,http,84,0,S1,0,14,0,560,0,1,Attack
0.984522,tcp,unknown,111880,0,OTH,0,124,124,118576,7440,0,Normal
1.914885,udp,dns,0,0,OTH,0,10,0,280,0,1,Attack
0.50095,udp,unknown,820,0,OTH,0,6,0,1072,0,0,Normal
3.43215,tcp,http,96,0,S1,0,16,0,640,0,1,Attack
95.031879,tcp,dns,0,0,S1,0,4,0,256,0,1,Attack
1.91521,udp,dns,0,0,OTH,0,10,0,280,0,1,Attack
0.962304,tcp,unknown,75766,0,OTH,0,104,104,81382,6240,0,Normal
0.943015,tcp,unknown,57854,0,OTH,0,78,78,62066,4680,0,Normal
1e-06,udp,unknown,496,0,OTH,0,2,0,580,0,0,Normal
0.96883,tcp,unknown,89556,0,OTH,0,102,102,95064,6120,0,Normal
0.0,udp,unknown,496,0,OTH,0,2,0,580,0,0,Normal
0.0,tcp,ssl,0,0,S1,0,2,0,120,0,1,Attack
0.0,tcp,dns,0,0,S1,0,2,0,128,0,1,Attack
0.990233,tcp,unknown,74426,0,OTH,0,96,96,79610,5760,0,Normal
1e-06,udp,dhcp,1480,0,OTH,0,2,0,1564,0,0,Normal
0.929804,tcp,unknown,72398,0,OTH,0,92,92,77366,5520,0,Normal
0.044673,tcp,unknown,4,12,RSTR,0,2,2,88,80,1,Attack
1.921711,udp,dns,0,0,OTH,0,10,0,280,0,1,Attack
0.999751,tcp,unknown,78084,230,OTH,0,94,92,83160,5738,0,Normal
0.01286,tcp,http,0,12,RSTR,0,2,2,120,80,1,Attack
1.889524,udp,dns,0,0,OTH,0,10,0,280,0,1,Attack
0.951978,tcp,unknown,105010,0,OTH,0,116,116,111274,6960,0,Normal
0.0,tcp,dns,0,0,S1,0,2,0,128,0,1,Attack
0.0,tcp,ssl,0,0,S1,0,2,0,120,0,1,Attack
0.96282,tcp,unknown,103464,0,OTH,0,124,122,110160,7320,0,Normal
1e-06,udp,unknown,496,0,OTH,0,2,0,580,0,0,Normal
2.934305,tcp,http,84,0,S1,0,14,0,560,0,1,Attack
1.905056,udp,dns,0,0,OTH,0,10,0,280,0,1,Attack
0.0,tcp,ssl,0,0,S1,0,2,0,120,0,1,Attack
0.0,tcp,dns,0,0,S1,0,2,0,128,0,1,Attack
1e-06,tcp,dns,0,0,S1,0,2,0,128,0,1,Attack
1e-06,udp,unknown,496,0,OTH,0,2,0,580,0,0,Normal
0.49575,udp,unknown,486,0,OTH,0,6,0,738,0,0,Normal
0.503905,udp,unknown,486,0,OTH,0,6,0,738,0,0,Normal
0.0,udp,unknown,496,0,OTH,0,2,0,580,0,0,Normal
1.902495,udp,dns,0,0,OTH,0,10,0,280,0,1,Attack
1e-06,udp,dhcp,1480,0,OTH,0,2,0,1564,0,0,Normal
0.99122,tcp,unknown,96052,0,OTH,0,110,110,101992,6600,0,Normal
124.203696,tcp,dns,0,0,S1,0,4,0,256,0,1,Attack
2.939201,tcp,http,84,0,S1,0,14,0,560,0,1,Attack
0.0,tcp,dns,0,0,S1,0,2,0,128,0,1,Attack
0.0,other,unknown,0,0,OTH,0,1,0,60,0,0,Normal
1e-06,tcp,ssl,0,0,S1,0,2,0,120,0,1,Attack
0.983931,tcp,unknown,68338,0,OTH,0,90,90,73198,5400,0,Normal
0.961158,tcp,unknown,86600,0,OTH,0,100,100,92000,6000,0,Normal
0.0,udp,unknown,496,0,OTH,0,2,0,580,0,0,Normal
0.0,tcp,ssl,0,0,S1,0,2,0,120,0,1,Attack
0.004238,tcp,http,0,12,RSTR,0,2,2,120,80,1,Attack
1e-06,tcp,dns,0,0,S1,0,2,0,128,0,1,Attack
0.004077,tcp,unknown,1762,930,SF,0,12,10,2402,1466,1,Attack
1.913932,udp,dns,0,0,OTH,0,10,0,280,0,1,Attack
1e-06,udp,dhcp,1480,0,OTH,0,2,0,1564,0,0,Normal
0.250407,udp,unknown,324,0,OTH,0,4,0,492,0,0,Normal
0.988012,tcp,unknown,75152,0,OTH,0,98,98,80444,5880,0,Normal
0.292086,other,unknown,0,0,OTH,0,3,0,180,0,0,Normal
1e-06,udp,unknown,496,0,OTH,0,2,0,580,0,0,Normal
0.986834,tcp,unknown,71102,0,OTH,0,92,92,76070,5520,0,Normal
0.0,tcp,dns,0,0,S1,0,2,0,128,0,1,Attack
0.950581,tcp,unknown,72704,0,OTH,0,102,102,78212,6120,0,Normal
0.047795,udp,unknown,582,0,OTH,0,4,0,750,0,0,Normal
0.499461,udp,unknown,820,0,OTH,0,6,0,1072,0,0,Normal
0.984082,tcp,unknown,65344,0,OTH,0,78,78,69556,4680,0,Normal
1e-06,udp,unknown,496,0,OTH,0,2,0,580,0,0,Normal
0.0,tcp,ssl,0,0,S1,0,2,0,120,0,1,Attack
1e-06,udp,unknown,86,0,OTH,0,2,0,170,0,0,Normal
0.968876,tcp,unknown,101836,0,OTH,0,118,118,108208,7080,0,Normal
0.0,other,unknown,0,0,OTH,0,1,0,60,0,0,Normal
0.970594,tcp,unknown,76028,0,OTH,0,98,98,81320,5880,0,Normal
0.0,tcp,ssl,0,0,S1,0,2,0,120,0,1,Attack
1e-06,udp,unknown,496,0,OTH,0,2,0,580,0,0,Normal
0.0,other,unknown,0,0,OTH,0,1,0,60,0,0,Normal
0.959913,tcp,unknown,70806,0,OTH,0,92,92,75774,5520,0,Normal
2.944347,tcp,http,84,0,S1,0,14,0,560,0,1,Attack
2.934261,tcp,http,84,0,S1,0,14,0,560,0,1,Attack
0.989781,tcp,unknown,105616,0,OTH,0,124,124,112312,7440,0,Normal
0.559147,tcp,unknown,100440,1320,S1,0,104,96,106084,7048,0,Normal
0.771831,other,unknown,0,0,OTH,0,2,0,120,0,0,Normal
0.01473,tcp,unknown,4,12,RSTR,0,2,2,88,80,1,Attack
0.00535,tcp,unknown,1132,1062,SF,0,16,14,1980,1806,1,Attack
0.959957,tcp,unknown,60030,0,OTH,0,80,80,64350,4800,0,Normal
0.254555,udp,unknown,324,0,OTH,0,4,0,492,0,0,Normal
0.963608,tcp,unknown,87328,0,OTH,0,102,98,92836,5880,0,Normal
61.972679,tcp,dns,0,0,S1,0,6,0,384,0,1,Attack
2.911015,tcp,http,84,0,S1,0,14,0,560,0,1,Attack
236.018702,tcp,dns,0,0,S1,0,4,0,256,0,1,Attack
0.0,other,unknown,0,0,OTH,0,1,0,60,0,0,Normal
0.0,other,unknown,0,0,OTH,0,1,0,60,0,0,Normal
0.249979,udp,unknown,324,0,OTH,0,4,0,492,0,0,Normal
0.611625,other,unknown,0,0,OTH,0,2,0,120,0,0,Normal
244.068409,tcp,dns,0,0,S1,0,4,0,256,0,1,Attack
0.0,other,unknown,0,0,OTH,0,1,0,60,0,0,Normal
0.981871,tcp,unknown,108942,0,OTH,0,114,114,115098,6840,0,Normal
0.94099,tcp,unknown,48990,0,OTH,0,72,72,52878,4320,0,Normal
0.0,tcp,dns,0,0,S1,0,2,0,128,0,1,Attack
1.914333,udp,dns,0,0,OTH,0,10,0,280,0,1,Attack
0.97842,tcp,unknown,56984,0,OTH,0,71,70,60818,4200,0,Normal
0.963475,tcp,unknown,61876,0,OTH,0,84,84,66412,5040,0,Normal
0.945948,tcp,unknown,72476,0,OTH,0,88,88,77228,5280,0,Normal
1e-06,udp,unknown,496,0,OTH,0,2,0,580,0,0,Normal
0.945645,tcp,unknown,75144,0,OTH,0,92,92,80112,5520,0,Normal
0.250464,udp,unknown,324,0,OTH,0,4,0,492,0,0,Normal
1.905795,udp,dns,0,0,OTH,0,10,0,280,0,1,Attack
164.959542,tcp,dns,0,0,S1,0,4,0,256,0,1,Attack
0.0,other,unknown,0,0,OTH,0,1,0,60,0,0,Normal
0.0,udp,unknown,496,0,OTH,0,2,0,580,0,0,Normal
1e-06,udp,unknown,496,0,OTH,0,2,0,580,0,0,Normal
0.0,udp,unknown,86,0,OTH,0,2,0,170,0,0,Normal
0.94132,tcp,unknown,49002,0,OTH,0,70,70,52782,4200,0,Normal
1e-06,udp,unknown,496,0,OTH,0,2,0,580,0,0,Normal
197.893168,tcp,dns,0,0,S1,0,4,0,256,0,1,Attack
0.945159,tcp,unknown,59990,0,OTH,0,80,80,64310,4800,0,Normal
0.966176,tcp,unknown,109778,0,OTH,0,118,118,116150,7080,0,Normal
233.189625,tcp,dns,0,0,S1,0,4,0,256,0,1,Attack
0.936016,tcp,unknown,74532,0,OTH,0,90,90,79392,5400,0,Normal
0.0,other,unknown,0,0,OTH,0,1,0,60,0,0,Normal
2.91291,tcp,http,84,0,S1,0,14,0,560,0,1,Attack
1e-06,udp,unknown,274,0,OTH,0,2,0,358,0,0,Normal
1.891628,udp,dns,0,0,OTH,0,10,0,280,0,1,Attack
0.011111,tcp,unknown,1132,1062,SF,0,22,18,2292,2014,1,Attack
0.0,tcp,dns,0,0,S1,0,2,0,128,0,1,Attack
1e-06,udp,unknown,496,0,OTH,0,2,0,580,0,0,Normal
1.901842,udp,dns,0,0,OTH,0,10,0,280,0,1,Attack
0.000212,udp,unknown,3906,0,OTH,0,3,0,4032,0,0,Normal
1e-06,udp,dhcp,1480,0,OTH,0,2,0,1564,0,0,Normal
1e-06,udp,dhcp,1480,0,OTH,0,2,0,1564,0,0,Normal
1e-06,tcp,ssl,0,0,S1,0,2,0,120,0,1,Attack
0.702564,tcp,unknown,104450,1316,S1,0,106,72,110202,5604,0,Normal
0.887735,udp,unknown,486,0,OTH,0,6,0,738,0,0,Normal
1e-06,udp,unknown,496,0,OTH,0,2,0,580,0,0,Normal
0.0,other,unknown,0,0,OTH,0,1,0,60,0,0,Normal
0.940287,tcp,unknown,51468,0,OTH,0,70,70,55248,4200,0,Normal
0.970325,tcp,unknown,77316,0,OTH,0,96,96,82500,5760,0,Normal
2.927862,tcp,http,84,0,S1,0,14,0,560,0,1,Attack
1.913667,udp,dns,0,0,OTH,0,10,0,280,0,1,Attack
2.936698,tcp,http,84,0,S1,0,14,0,560,0,1,Attack
0.950015,tcp,unknown,79608,0,OTH,0,92,90,84576,5400,0,Normal
0.974295,tcp,unknown,99196,0,OTH,0,96,96,104380,5760,0,Normal
0.964829,tcp,unknown,107536,0,OTH,0,120,120,114016,7200,0,Normal
1.892359,udp,dns,0,0,OTH,0,10,0,280,0,1,Attack
0.937057,tcp,unknown,103236,0,OTH,0,104,102,108852,6120,0,Normal
1e-06,udp,unknown,496,0,OTH,0,2,0,580,0,0,Normal
0.0,other,unknown,0,0,OTH,0,1,0,60,0,0,Normal
0.0,tcp,ssl,0,0,S1,0,2,0,120,0,1,Attack
2.932736,tcp,http,84,0,S1,0,14,0,560,0,1,Attack
0.982836,tcp,unknown,77642,0,OTH,0,94,94,82718,5640,0,Normal
1.921795,udp,dns,0,0,OTH,0,10,0,280,0,1,Attack
0.977899,tcp,unknown,119682,0,OTH,0,134,134,126918,8040,0,Normal
1e-06,udp,unknown,496,0,OTH,0,2,0,580,0,0,Normal
0.967484,tcp,unknown,84698,0,OTH,0,104,104,90314,6240,0,Normal
1e-06,udp,unknown,496,0,OTH,0,2,0,580,0,0,Normal
2.945093,tcp,http,84,0,S1,0,14,0,560,0,1,Attack
0.0,tcp,dns,0,0,S1,0,2,0,128,0,1,Attack
2.936341,tcp,http,84,0,S1,0,14,0,560,0,1,Attack
1e-06,udp,unknown,496,0,OTH,0,2,0,580,0,0,Normal
0.978563,tcp,unknown,104546,0,OTH,0,114,114,110702,6840,0,Normal
0.487137,udp,unknown,486,0,OTH,0,6,0,738,0,0,Normal
1e-06,tcp,ssl,0,0,S1,0,2,0,120,0,1,Attack
1.913514,udp,dns,0,0,OTH,0,10,0,280,0,1,Attack
0.987606,tcp,unknown,79632,0,OTH,0,108,108,85464,6480,0,Normal
0.502572,udp,unknown,820,0,OTH,0,6,0,1072,0,0,Normal
1.892443,udp,dns,0,0,OTH,0,10,0,280,0,1,Attack
231.507622,tcp,dns,0,0,S1,0,4,0,256,0,1,Attack
1e-06,udp,unknown,496,0,OTH,0,2,0,580,0,0,Normal
0.0,tcp,ssl,0,0,S1,0,2,0,120,0,1,Attack
0.973183,tcp,unknown,91442,0,OTH,0,102,102,96950,6120,0,Normal
1e-06,udp,unknown,496,0,OTH,0,2,0,580,0,0,Normal
0.000221,tcp,ssh,0,12,RSTR,0,2,2,120,80,1,Attack
0.950138,tcp,unknown,75256,0,OTH,0,90,90,80116,5400,0,Normal
2.945145,tcp,http,84,0,S1,0,14,0,560,0,1,Attack
0.798226,other,unknown,0,0,OTH,0,2,0,120,0,0,Normal
0.944321,tcp,unknown,82076,0,OTH,0,96,96,87260,5760,0,Normal
1e-06,tcp,ssl,0,0,S1,0,2,0,120,0,1,Attack
0.0,tcp,dns,0,0,S1,0,2,0,128,0,1,Attack
0.961318,tcp,unknown,50928,0,OTH,0,70,70,54708,4200,0,Normal
1.91458,udp,dns,0,0,OTH,0,10,0,280,0,1,Attack
1.914054,udp,dns,0,0,OTH,0,10,0,280,0,1,Attack
1.893662,udp,dns,0,0,OTH,0,10,0,280,0,1,Attack
0.010574,udp,unknown,582,0,OTH,0,4,0,750,0,0,Normal
0.0,tcp,ssl,0,0,S1,0,2,0,120,0,1,Attack
4.3e-05,tcp,ssl,0,0,S1,0,2,0,120,0,1,Attack
0.950746,tcp,unknown,66940,0,OTH,0,92,92,71908,5520,0,Normal
0.966344,tcp,unknown,98688,0,OTH,0,112,112,104736,6720,0,Normal
0.0,tcp,ssl,0,0,S1,0,2,0,120,0,1,Attack
0.964493,tcp,unknown,104926,0,OTH,0,122,118,111514,7080,0,Normal
0.974191,tcp,unknown,80356,0,OTH,0,104,104,85972,6240,0,Normal
0.926231,tcp,unknown,102056,0,OTH,0,110,108,107996,6480,0,Normal
0.990713,tcp,unknown,79120,0,OTH,0,100,100,84520,6000,0,Normal
0.0,tcp,ssl,0,0,S1,0,2,0,120,0,1,Attack
0.970155,tcp,unknown,110824,0,OTH,0,118,116,117196,6960,0,Normal
0.250841,udp,unknown,658,0,OTH,0,4,0,826,0,0,Normal
221.914662,tcp,dns,0,0,S1,0,4,0,256,0,1,Attack
1e-06,udp,unknown,496,0,OTH,0,2,0,580,0,0,Normal
1.915705,udp,dns,0,0,OTH,0,10,0,280,0,1,Attack
0.0,tcp,ssl,0,0,S1,0,2,0,120,0,1,Attack
0.98749,tcp,unknown,102102,0,OTH,0,124,118,108798,7080,0,Normal
1.91027,udp,dns,0,0,OTH,0,10,0,280,0,1,Attack
0.0,other,unknown,0,0,OTH,0,1,0,60,0,0,Normal
1.914207,udp,dns,0,0,OTH,0,10,0,280,0,1,Attack
1e-06,udp,unknown,496,0,OTH,0,2,0,580,0,0,Normal
1.889607,udp,dns,0,0,OTH,0,10,0,280,0,1,Attack
1e-06,udp,unknown,274,0,OTH,0,2,0,358,0,0,Normal
0.0,tcp,dns,0,0,S1,0,2,0,128,0,1,Attack
0.919285,tcp,unknown,106746,0,OTH,0,122,120,113334,7200,0,Normal
0.327327,tcp,unknown,89598,1320,S1,0,74,46,93610,4048,0,Normal
0.985338,tcp,unknown,107484,0,OTH,0,120,118,113964,7080,0,Normal
0.17426,tcp,unknown,13450,0,RSTO,0,20,18,14542,1080,0,Normal
0.0,tcp,ssl,0,0,S1,0,2,0,120,0,1,Attack
0.0,tcp,dns,0,0,S1,0,2,0,128,0,1,Attack
4.3e-05,tcp,ssl,0,0,S1,0,2,0,120,0,1,Attack
0.0,tcp,dns,0,0,S1,0,2,0,128,0,1,Attack
1e-06,udp,unknown,496,0,OTH,0,2,0,580,0,0,Normal
0.0,tcp,dns,0,0,S1,0,2,0,128,0,1,Attack
1e-06,udp,unknown,496,0,OTH,0,2,0,580,0,0,Normal
1.914799,udp,dns,0,0,OTH,0,10,0,280,0,1,Attack
0.956443,tcp,unknown,103466,0,OTH,0,112,112,109514,6720,0,Normal
1e-06,tcp,dns,0,0,S1,0,2,0,128,0,1,Attack
0.0,tcp,dns,0,0,S1,0,2,0,128,0,1,Attack
1.890708,udp,dns,0,0,OTH,0,10,0,280,0,1,Attack
0.92947,tcp,unknown,61852,0,OTH,0,80,80,66172,4800,0,Normal
0.970084,tcp,unknown,70482,0,OTH,0,94,94,75558,5640,0,Normal
1.897749,udp,dns,0,0,OTH,0,10,0,280,0,1,Attack
0.967202,tcp,unknown,57348,0,OTH,0,76,76,61452,4560,0,Normal
3.426078,tcp,http,96,0,S1,0,16,0,640,0,1,Attack
3.432729,tcp,http,96,0,S1,0,16,0,640,0,1,Attack
0.0,udp,unknown,496,0,OTH,0,2,0,580,0,0,Normal
0.975457,tcp,unknown,77758,0,OTH,0,90,90,82618,5400,0,Normal
0.0,tcp,dns,0,0,S1,0,2,0,128,0,1,Attack
2.921422,tcp,http,84,0,S1,0,14,0,560,0,1,Attack
0.0,tcp,dns,0,0,S1,0,2,0,128,0,1,Attack
0.96413,tcp,unknown,102992,0,OTH,0,120,120,109472,7200,0,Normal
0.943732,tcp,unknown,91204,0,OTH,0,104,104,96820,6240,0,Normal
2.906484,tcp,http,84,0,S1,0,14,0,560,0,1,Attack
1.925108,udp,dns,0,0,OTH,0,10,0,280,0,1,Attack
0.959144,tcp,unknown,100786,0,OTH,0,114,114,106942,6840,0,Normal
0.0,udp,unknown,496,0,OTH,0,2,0,580,0,0,Normal
1e-06,udp,dhcp,1480,0,OTH,0,2,0,1564,0,0,Normal
0.9606,tcp,unknown,108020,0,OTH,0,120,120,114500,7200,0,Normal
0.0,tcp,dns,0,0,S1,0,2,0,128,0,1,Attack
1.416025,udp,dns,0,0,OTH,0,8,0,224,0,1,Attack
0.0,tcp,ssl,0,0,S1,0,2,0,120,0,1,Attack
1e-06,udp,unknown,496,0,OTH,0,2,0,580,0,0,Normal
2.904368,tcp,http,84,0,S1,0,14,0,560,0,1,Attack
0.963263,tcp,unknown,109842,0,OTH,0,120,116,116322,6960,0,Normal
1.922209,udp,dns,0,0,OTH,0,10,0,280,0,1,Attack
1.915652,udp,dns,0,0,OTH,0,10,0,280,0,1,Attack
1.418396,udp,dns,0,0,OTH,0,8,0,224,0,1,Attack
0.986465,tcp,unknown,73662,0,OTH,0,88,88,78414,5280,0,Normal
0.988149,tcp,unknown,80020,0,OTH,0,96,96,85204,5760,0,Normal
1.914229,udp,dns,0,0,OTH,0,10,0,280,0,1,Attack
0.0,tcp,ssl,0,0,S1,0,2,0,120,0,1,Attack
1.91446,udp,dns,0,0,OTH,0,10,0,280,0,1,Attack
184.166554,tcp,dns,0,0,S1,0,4,0,256,0,1,Attack
0.0,tcp,dns,0,0,S1,0,2,0,128,0,1,Attack
1e-06,tcp,ssl,0,0,S1,0,2,0,120,0,1,Attack
1e-06,udp,unknown,496,0,OTH,0,2,0,580,0,0,Normal
0.01215,tcp,unknown,4,12,RSTR,0,2,2,88,80,1,Attack
1e-06,tcp,dns,0,0,S1,0,2,0,128,0,1,Attack
1e-06,tcp,ssl,0,0,S1,0,2,0,120,0,1,Attack
1.906605,udp,dns,0,0,OTH,0,10,0,280,0,1,Attack
0.945592,tcp,unknown,26820,0,OTH,0,68,70,30492,4200,0,Normal
2.944679,tcp,http,84,0,S1,0,14,0,560,0,1,Attack
1.914917,udp,dns,0,0,OTH,0,10,0,280,0,1,Attack
1e-06,udp,unknown,496,0,OTH,0,2,0,580,0,0,Normal
1e-06,udp,unknown,496,0,OTH,0,2,0,580,0,0,Normal
9.1e-05,other,unknown,0,0,OTH,0,2,0,120,0,0,Normal
1.890373,udp,dns,0,0,OTH,0,10,0,280,0,1,Attack
1e-06,udp,unknown,86,0,OTH,0,2,0,170,0,0,Normal
0.0,tcp,dns,0,0,S1,0,2,0,128,0,1,Attack
0.965786,tcp,unknown,112514,0,OTH,0,122,118,119102,7080,0,Normal
2.907855,tcp,http,84,0,S1,0,14,0,560,0,1,Attack
0.859313,tcp,unknown,106476,0,OTH,0,122,120,113064,7200,0,Normal
0.974856,tcp,unknown,114266,0,OTH,0,122,122,120854,7320,0,Normal
1e-06,udp,unknown,162,0,OTH,0,2,0,246,0,0,Normal
0.0,tcp,dns,0,0,S1,0,2,0,128,0,1,Attack
1.928313,udp,dns,0,0,OTH,0,10,0,280,0,1,Attack
0.0,tcp,ssl,0,0,S1,0,2,0,120,0,1,Attack
0.0,tcp,dns,0,0,S1,0,2,0,128,0,1,Attack
1e-06,udp,unknown,496,0,OTH,0,2,0,580,0,0,Normal
1e-06,udp,unknown,496,0,OTH,0,2,0,580,0,0,Normal
1e-06,tcp,ssl,0,0,S1,0,2,0,120,0,1,Attack
0.0,tcp,unknown,0,0,RSTOS0,0,2,0,120,0,0,Normal
0.0,tcp,dns,0,0,S1,0,2,0,128,0,1,Attack
0.0,tcp,dns,0,0,S1,0,2,0,128,0,1,Attack
0.250217,udp,unknown,324,0,OTH,0,4,0,492,0,0,Normal
0.4967,udp,unknown,486,0,OTH,0,6,0,738,0,0,Normal
0.982013,tcp,unknown,79594,0,OTH,0,100,100,84994,6000,0,Normal
0.0,tcp,ssl,0,0,S1,0,2,0,120,0,1,Attack
0.250491,udp,unknown,658,0,OTH,0,4,0,826,0,0,Normal
0.041312,tcp,unknown,4,12,RSTR,0,2,2,88,80,1,Attack
1.919295,udp,dns,0,0,OTH,0,10,0,280,0,1,Attack
1.418609,udp,dns,0,0,OTH,0,8,0,224,0,1,Attack
1e-06,udp,unknown,496,0,OTH,0,2,0,580,0,0,Normal
0.291195,other,unknown,0,0,OTH,0,2,0,120,0,0,Normal
0.968432,tcp,unknown,73370,0,OTH,0,90,90,78230,5400,0,Normal
1e-06,udp,dhcp,1480,0,OTH,0,2,0,1564,0,0,Normal
2.941443,tcp,http,84,0,S1,0,14,0,560,0,1,Attack
0.413762,tcp,unknown,14738,0,OTH,0,32,32,16466,1920,0,Normal
0.0,other,unknown,0,0,OTH,0,1,0,60,0,0,Normal
2.911176,tcp,http,84,0,S1,0,14,0,560,0,1,Attack
3.423689,tcp,http,96,0,S1,0,16,0,640,0,1,Attack
0.109075,udp,unknown,582,0,OTH,0,4,0,750,0,0,Normal
0.0,other,unknown,0,0,OTH,0,1,0,60,0,0,Normal
0.0,udp,unknown,86,0,OTH,0,2,0,170,0,0,Normal
3.427039,tcp,http,96,0,S1,0,16,0,640,0,1,Attack
0.0,tcp,dns,0,0,S1,0,2,0,128,0,1,Attack
0.699366,tcp,unknown,90584,0,RSTO,0,96,96,95768,5760,0,Normal
1.890589,udp,dns,0,0,OTH,0,10,0,280,0,1,Attack
0.147289,other,unknown,0,0,OTH,0,2,0,120,0,0,Normal
1.902775,udp,dns,0,0,OTH,0,10,0,280,0,1,Attack
0.0,tcp,dns,0,0,S1,0,2,0,128,0,1,Attack
0.501587,udp,unknown,486,0,OTH,0,6,0,738,0,0,Normal
0.997268,tcp,unknown,84340,0,OTH,0,98,98,89632,5880,0,Normal
1e-06,udp,unknown,496,0,OTH,0,2,0,580,0,0,Normal
0.0,tcp,ssl,0,0,S1,0,2,0,120,0,1,Attack
16.686404,tcp,dns,0,0,S1,0,4,0,256,0,1,Attack
0.963259,tcp,unknown,42930,0,OTH,0,70,70,46710,4200,0,Normal
0.965242,tcp,unknown,109000,0,OTH,0,124,124,115696,7440,0,Normal
0.959304,tcp,unknown,41052,0,OTH,0,72,72,44940,4320,0,Normal
2.940399,tcp,http,84,0,S1,0,14,0,560,0,1,Attack
1e-06,udp,unknown,496,0,OTH,0,2,0,580,0,0,Normal
2.918155,tcp,http,84,0,S1,0,14,0,560,0,1,Attack
0.0,udp,unknown,496,0,OTH,0,2,0,580,0,0,Normal
3.430423,tcp,http,96,0,S1,0,16,0,640,0,1,Attack
0.361702,tcp,unknown,78218,1316,S1,0,74,72,82242,5604,0,Normal
0.0,other,unknown,0,0,OTH,0,1,0,60,0,0,Normal
0.0,tcp,ssl,0,0,S1,0,2,0,120,0,1,Attack
0.968909,tcp,unknown,90064,0,OTH,0,98,98,95356,5880,0,Normal
1.891707,udp,dns,0,0,OTH,0,10,0,280,0,1,Attack
0.043155,tcp,unknown,1478,722,S1,0,6,12,1818,1434,0,Normal
0.965362,tcp,unknown,54236,0,OTH,0,76,76,58340,4560,0,Normal
1e-06,tcp,ssl,0,0,S1,0,2,0,120,0,1,Attack
1e-06,tcp,ssl,0,0,S1,0,2,0,120,0,1,Attack
0.019796,other,unknown,0,0,OTH,0,2,0,120,0,0,Normal
3.428706,tcp,http,96,0,S1,0,16,0,640,0,1,Attack
1.901263,udp,dns,0,0,OTH,0,10,0,280,0,1,Attack
0.004314,tcp,unknown,1132,1062,SF,0,16,12,1980,1702,1,Attack
0.0,tcp,dns,0,0,S1,0,2,0,128,0,1,Attack
1.910351,udp,dns,0,0,OTH,0,10,0,280,0,1,Attack
3.426263,tcp,http,96,0,S1,0,16,0,640,0,1,Attack
1e-06,tcp,ssl,0,0,S1,0,2,0,120,0,1,Attack
1.905387,udp,dns,0,0,OTH,0,10,0,280,0,1,Attack
2.930006,tcp,http,84,0,S1,0,14,0,560,0,1,Attack
0.0,tcp,dns,0,0,S1,0,2,0,128,0,1,Attack
1.921775,udp,dns,0,0,OTH,0,10,0,280,0,1,Attack
0.964843,tcp,unknown,102864,0,OTH,0,114,114,109020,6840,0,Normal
0.964184,tcp,unknown,86150,0,OTH,0,98,96,91442,5760,0,Normal
1e-06,tcp,ssl,0,0,S1,0,2,0,120,0,1,Attack
1e-06,udp,unknown,496,0,OTH,0,2,0,580,0,0,Normal
2.905165,tcp,http,84,0,S1,0,14,0,560,0,1,Attack
0.0,tcp,dns,0,0,S1,0,2,0,128,0,1,Attack
1e-06,tcp,dns,0,0,S1,0,2,0,128,0,1,Attack
0.959036,tcp,unknown,73532,0,OTH,0,96,96,78716,5760,0,Normal
2.926874,tcp,http,84,0,S1,0,14,0,560,0,1,Attack
0.985067,tcp,unknown,75170,0,OTH,0,92,92,80138,5520,0,Normal
0.0,tcp,ssl,0,0,S1,0,2,0,120,0,1,Attack
2.926839,tcp,http,84,0,S1,0,14,0,560,0,1,Attack
1e-06,udp,unknown,496,0,OTH,0,2,0,580,0,0,Normal
0.0,other,unknown,0,0,OTH,0,1,0,60,0,0,Normal
1e-06,udp,unknown,496,0,OTH,0,2,0,580,0,0,Normal
3.428046,tcp,http,96,0,S1,0,16,0,640,0,1,Attack
1.922367,udp,dns,0,0,OTH,0,9,0,252,0,1,Attack
2.939946,tcp,http,84,0,S1,0,14,0,560,0,1,Attack
0.0,tcp,ssl,0,0,S1,0,2,0,120,0,1,Attack
0.509527,udp,unknown,820,0,OTH,0,6,0,1072,0,0,Normal
1.90014,udp,dns,0,0,OTH,0,10,0,280,0,1,Attack
0.004007,tcp,unknown,1132,1062,SF,0,16,12,1980,1702,1,Attack
0.0,tcp,dns,0,0,S1,0,2,0,128,0,1,Attack
0.123737,udp,unknown,582,0,OTH,0,4,0,750,0,0,Normal
0.0,tcp,dns,0,0,S1,0,2,0,128,0,1,Attack
0.964807,tcp,unknown,73374,0,OTH,0,94,94,78450,5640,0,Normal
67.921207,tcp,dns,0,0,S1,0,4,0,256,0,1,Attack
0.946028,tcp,unknown,112252,0,OTH,0,126,126,119056,7560,0,Normal
0.0,udp,unknown,496,0,OTH,0,2,0,580,0,0,Normal
1e-06,udp,unknown,162,0,OTH,0,2,0,246,0,0,Normal
0.969391,tcp,unknown,117864,0,OTH,0,118,118,124236,7080,0,Normal
1.915248,udp,dns,0,0,OTH,0,10,0,280,0,1,Attack
14.084178,tcp,http,0,24,RSTR,0,4,4,240,160,1,Attack
29.031668,tcp,dns,0,0,S1,0,4,0,256,0,1,Attack
0.523773,other,unknown,0,0,OTH,0,2,0,120,0,0,Normal
0.588298,other,unknown,0,0,OTH,0,2,0,120,0,0,Normal
1e-06,tcp,ssl,0,0,S1,0,2,0,120,0,1,Attack
1.417039,udp,dns,0,0,OTH,0,8,0,224,0,1,Attack
3.42684,tcp,http,96,0,S1,0,16,0,640,0,1,Attack
0.0,tcp,dns,0,0,S1,0,2,0,128,0,1,Attack
3.428645,tcp,http,96,0,S1,0,16,0,640,0,1,Attack
0.944626,tcp,unknown,93906,0,OTH,0,100,100,99306,6000,0,Normal
0.963108,tcp,unknown,69708,0,OTH,0,92,92,74676,5520,0,Normal
1.929302,udp,dns,0,0,OTH,0,10,0,280,0,1,Attack
0.0,tcp,dns,0,0,S1,0,2,0,128,0,1,Attack
0.011634,tcp,http,0,12,RSTR,0,2,2,120,80,1,Attack
0.995018,tcp,unknown,77540,0,OTH,0,100,100,82940,6000,0,Normal
0.987125,tcp,unknown,60484,0,OTH,0,78,78,64696,4680,0,Normal
0.963434,tcp,unknown,31406,0,OTH,0,72,72,35294,4320,0,Normal
0.980898,tcp,unknown,73078,0,OTH,0,100,100,78478,6000,0,Normal
0.10078,udp,unknown,546,0,OTH,0,4,0,714,0,0,Normal
0.040044,tcp,unknown,4,12,RSTR,0,2,2,88,80,1,Attack
0.964027,tcp,unknown,69802,0,OTH,0,90,90,74662,5400,0,Normal
1.905486,udp,dns,0,0,OTH,0,10,0,280,0,1,Attack
0.962146,tcp,unknown,74490,0,OTH,0,90,90,79350,5400,0,Normal
3.427199,tcp,http,90,0,S1,0,15,0,600,0,1,Attack
0.0,tcp,dns,0,0,S1,0,2,0,128,0,1,Attack
0.0,tcp,dns,0,0,S1,0,2,0,128,0,1,Attack
1.918812,udp,dns,0,0,OTH,0,10,0,280,0,1,Attack
198.023538,tcp,dns,0,0,S1,0,4,0,256,0,1,Attack
1e-06,udp,unknown,496,0,OTH,0,2,0,580,0,0,Normal
0.0,tcp,ssl,0,0,S1,0,2,0,120,0,1,Attack
1.914898,udp,dns,0,0,OTH,0,10,0,280,0,1,Attack
1.418106,udp,dns,0,0,OTH,0,8,0,224,0,1,Attack
1.904633,udp,dns,0,0,OTH,0,10,0,280,0,1,Attack
2.923135,tcp,http,84,0,S1,0,14,0,560,0,1,Attack
1.922098,udp,dns,0,0,OTH,0,10,0,280,0,1,Attack
0.0,tcp,dns,0,0,S1,0,2,0,128,0,1,Attack
55.073976,tcp,dns,0,0,S1,0,4,0,256,0,1,Attack
0.0,tcp,ssl,0,0,S1,0,2,0,120,0,1,Attack
1e-06,udp,unknown,496,0,OTH,0,2,0,580,0,0,Normal
0.948538,tcp,unknown,109876,0,OTH,0,116,116,116140,6960,0,Normal
0.968923,tcp,unknown,74644,0,OTH,0,92,92,79612,5520,0,Normal
2.924031,tcp,http,84,0,S1,0,14,0,560,0,1,Attack
1.418726,udp,dns,0,0,OTH,0,8,0,224,0,1,Attack
0.0,tcp,dns,0,0,S1,0,2,0,128,0,1,Attack
2.933413,tcp,http,84,0,S1,0,14,0,560,0,1,Attack
3.42956,tcp,http,96,0,S1,0,16,0,640,0,1,Attack
0.012157,tcp,unknown,4,12,RSTR,0,2,2,88,80,1,Attack
0.986328,tcp,unknown,61958,0,OTH,0,74,74,65954,4440,0,Normal
0.252657,udp,unknown,658,0,OTH,0,4,0,826,0,0,Normal
0.991178,tcp,unknown,76120,0,OTH,0,94,94,81196,5640,0,Normal
1e-06,udp,unknown,496,0,OTH,0,2,0,580,0,0,Normal
1e-06,udp,unknown,274,0,OTH,0,2,0,358,0,0,Normal
0.110624,udp,unknown,1096,0,OTH,0,8,0,1432,0,0,Normal
0.257407,other,unknown,0,0,OTH,0,3,0,180,0,0,Normal
0.91966,tcp,unknown,75276,0,OTH,0,92,92,80244,5520,0,Normal
0.965561,tcp,unknown,81880,0,OTH,0,94,94,86956,5640,0,Normal
0.990741,tcp,unknown,100106,0,OTH,0,114,112,106262,6720,0,Normal
0.0,tcp,ssl,0,0,S1,0,2,0,120,0,1,Attack
0.0,other,unknown,0,0,OTH,0,1,0,60,0,0,Normal
0.989294,tcp,unknown,92312,0,OTH,0,100,96,97712,5760,0,Normal
0.690878,udp,unknown,982,0,OTH,0,8,0,1318,0,0,Normal
0.0,other,unknown,0,0,OTH,0,1,0,60,0,0,Normal
0.0,tcp,ssl,0,0,S1,0,2,0,120,0,1,Attack
0.007722,tcp,unknown,4,12,RSTR,0,2,2,88,80,1,Attack
0.018348,other,unknown,0,0,OTH,0,2,0,122,0,0,Normal
2.918167,tcp,http,84,0,S1,0,14,0,560,0,1,Attack
0.970923,tcp,unknown,74074,0,OTH,0,98,98,79366,5880,0,Normal
0.977645,tcp,unknown,65288,0,OTH,0,82,82,69716,4920,0,Normal
1e-06,udp,unknown,86,0,OTH,0,2,0,170,0,0,Normal
1e-06,udp,unknown,274,0,OTH,0,2,0,358,0,0,Normal
2.934994,tcp,http,84,0,S1,0,14,0,560,0,1,Attack
1.897714,udp,dns,0,0,OTH,0,10,0,280,0,1,Attack
0.0,tcp,ssl,0,0,S1,0,2,0,120,0,1,Attack
0.988468,tcp,unknown,80598,0,OTH,0,104,104,86214,6240,0,Normal
1e-06,udp,unknown,496,0,OTH,0,2,0,580,0,0,Normal
1e-06,udp,unknown,496,0,OTH,0,2,0,580,0,0,Normal
3.003745,udp,dns,260,0,OTH,0,4,0,372,0,1,Attack
1.918995,udp,dns,0,0,OTH,0,10,0,280,0,1,Attack
0.98842,tcp,unknown,76076,0,OTH,0,100,98,81476,5880,0,Normal
1.913559,udp,dns,0,0,OTH,0,10,0,280,0,1,Attack
1.910532,udp,dns,0,0,OTH,0,10,0,280,0,1,Attack
1e-06,udp,unknown,496,0,OTH,0,2,0,580,0,0,Normal
0.975684,tcp,unknown,81704,0,OTH,0,94,94,86780,5640,0,Normal
0.024339,tcp,unknown,4,12,RSTR,0,2,2,88,80,1,Attack
0.08542,udp,unknown,582,0,OTH,0,4,0,750,0,0,Normal
0.989792,tcp,unknown,111568,0,OTH,0,126,126,118372,7560,0,Normal
1.912291,udp,dns,0,0,OTH,0,10,0,280,0,1,Attack
93.004565,tcp,dns,0,0,S1,0,4,0,256,0,1,Attack
0.076416,tcp,unknown,4162,0,RSTO,0,4,6,4378,360,0,Normal
206.370488,tcp,dns,0,0,S1,0,6,0,384,0,1,Attack
0.953641,tcp,unknown,77636,0,OTH,0,96,96,82820,5760,0,Normal
0.0,tcp,dns,0,0,S1,0,2,0,128,0,1,Attack
3.424196,tcp,http,96,0,S1,0,16,0,640,0,1,Attack
0.0,other,unknown,0,0,OTH,0,1,0,60,0,0,Normal
0.964093,tcp,unknown,110848,0,OTH,0,128,126,117760,7560,0,Normal
40.316072,tcp,dns,0,0,S1,0,4,0,256,0,1,Attack
1.88948,udp,dns,0,0,OTH,0,10,0,280,0,1,Attack
0.918848,tcp,unknown,62610,0,OTH,0,82,82,67038,4920,0,Normal
0.0,tcp,dns,0,0,S1,0,2,0,128,0,1,Attack
0.0,udp,unknown,496,0,OTH,0,2,0,580,0,0,Normal
0.981631,tcp,unknown,93508,0,OTH,0,104,102,99124,6120,0,Normal
1e-06,tcp,dns,0,0,S1,0,2,0,128,0,1,Attack
1e-06,udp,unknown,496,0,OTH,0,2,0,580,0,0,Normal
0.0,tcp,dns,0,0,S1,0,2,0,128,0,1,Attack
1.890409,udp,dns,0,0,OTH,0,10,0,280,0,1,Attack
0.921424,tcp,unknown,71812,0,OTH,0,94,94,76888,5640,0,Normal
1e-06,tcp,ssl,0,0,S1,0,2,0,120,0,1,Attack
2.918561,tcp,http,84,0,S1,0,14,0,560,0,1,Attack
0.985203,tcp,unknown,107036,0,OTH,0,120,120,113516,7200,0,Normal
0.97198,tcp,unknown,79736,0,OTH,0,96,94,84920,5640,0,Normal
0.0,tcp,dns,0,0,S1,0,2,0,128,0,1,Attack
0.940101,tcp,unknown,66454,0,OTH,0,86,86,71098,5160,0,Normal
1.913379,udp,dns,0,0,OTH,0,10,0,280,0,1,Attack
1.915706,udp,dns,0,0,OTH,0,10,0,280,0,1,Attack
0.934332,tcp,unknown,89974,0,OTH,0,100,100,95374,6000,0,Normal
0.0,tcp,ssl,0,0,S1,0,2,0,120,0,1,Attack
1e-06,tcp,dns,0,0,S1,0,2,0,128,0,1,Attack
0.007075,tcp,unknown,0,188,S1,0,2,6,124,564,0,Normal
0.973331,tcp,unknown,90338,0,OTH,0,106,106,96062,6360,0,Normal
1.901004,udp,dns,0,0,OTH,0,10,0,280,0,1,Attack
0.069187,udp,unknown,582,0,OTH,0,4,0,750,0,0,Normal
3.424203,tcp,http,96,0,S1,0,16,0,640,0,1,Attack
3.423815,tcp,http,90,0,S1,0,15,0,600,0,1,Attack
1e-06,udp,unknown,496,0,OTH,0,2,0,580,0,0,Normal
0.960347,tcp,unknown,133146,0,OTH,0,140,136,140706,8160,0,Normal
0.998015,tcp,unknown,104588,0,OTH,0,114,114,110744,6840,0,Normal
0.989612,tcp,unknown,113166,0,OTH,0,116,114,119430,6840,0,Normal
0.195949,other,unknown,0,0,OTH,0,2,0,120,0,0,Normal
1.900998,udp,dns,0,0,OTH,0,10,0,280,0,1,Attack
0.0,tcp,ssl,0,0,S1,0,2,0,120,0,1,Attack
0.958727,tcp,unknown,79376,0,OTH,0,100,100,84776,6000,0,Normal
0.968223,tcp,unknown,52054,0,OTH,0,72,72,55942,4320,0,Normal
0.9749,tcp,unknown,75678,0,OTH,0,102,102,81186,6120,0,Normal
0.010643,tcp,unknown,4,12,RSTR,0,2,2,88,80,1,Attack
1e-06,tcp,ssl,0,0,S1,0,2,0,120,0,1,Attack
1e-06,udp,unknown,496,0,OTH,0,2,0,580,0,0,Normal
0.0,tcp,dns,0,0,S1,0,2,0,128,0,1,Attack
0.983111,tcp,unknown,33774,0,OTH,0,72,72,37662,4320,0,Normal
1e-06,tcp,dns,0,0,S1,0,2,0,128,0,1,Attack
0.004132,tcp,http,0,12,RSTR,0,2,2,120,80,1,Attack
0.720038,tcp,unknown,82196,1320,S1,0,96,74,87408,5728,0,Normal
3.427954,tcp,http,96,0,S1,0,16,0,640,0,1,Attack
1e-06,udp,unknown,274,0,OTH,0,2,0,358,0,0,Normal
0.78326,udp,unknown,982,0,OTH,0,8,0,1318,0,0,Normal
3.423897,tcp,http,96,0,S1,0,16,0,640,0,1,Attack
0.0,udp,dhcp,1480,0,OTH,0,2,0,1564,0,0,Normal
1.907177,udp,dns,0,0,OTH,0,10,0,280,0,1,Attack
0.93022,tcp,unknown,59360,0,OTH,0,66,66,62924,3960,0,Normal
4.5e-05,tcp,ssl,0,0,S1,0,2,0,120,0,1,Attack
2.906426,tcp,http,84,0,S1,0,14,0,560,0,1,Attack
0.953886,tcp,unknown,104792,0,OTH,0,124,122,111488,7320,0,Normal
0.0,other,unknown,0,0,OTH,0,1,0,60,0,0,Normal
0.978165,tcp,unknown,89714,0,OTH,0,114,114,95870,6840,0,Normal
4.1e-05,tcp,ssl,0,0,S1,0,2,0,120,0,1,Attack
0.023229,udp,unknown,582,0,OTH,0,4,0,750,0,0,Normal
0.957855,tcp,unknown,55710,0,OTH,0,82,82,60138,4920,0,Normal
0.0,other,unknown,0,0,OTH,0,1,0,60,0,0,Normal
1.91389,udp,dns,0,0,OTH,0,10,0,280,0,1,Attack
0.978969,tcp,unknown,66676,0,OTH,0,86,86,71320,5160,0,Normal
1.418573,udp,dns,0,0,OTH,0,8,0,224,0,1,Attack
0.993361,tcp,unknown,70796,0,OTH,0,96,97,75980,5820,0,Normal
0.991785,tcp,unknown,78031,0,OTH,0,99,98,83377,5880,0,Normal
0.505228,udp,unknown,486,0,OTH,0,6,0,738,0,0,Normal
0.0,other,unknown,0,0,OTH,0,1,0,60,0,0,Normal
0.0,tcp,dns,0,0,S1,0,2,0,128,0,1,Attack
0.30516,tcp,unknown,86904,1320,S1,0,80,82,91252,6208,0,Normal
0.0,other,unknown,0,0,OTH,0,1,0,60,0,0,Normal
1.889398,udp,dns,0,0,OTH,0,10,0,280,0,1,Attack
2.928035,tcp,http,84,0,S1,0,14,0,560,0,1,Attack
0.925381,tcp,unknown,65680,0,OTH,0,82,82,70108,4920,0,Normal
1.889709,udp,dns,0,0,OTH,0,10,0,280,0,1,Attack
1e-06,udp,dhcp,1480,0,OTH,0,2,0,1564,0,0,Normal
1.902772,udp,dns,0,0,OTH,0,10,0,280,0,1,Attack
0.0,tcp,ssl,0,0,S1,0,2,0,120,0,1,Attack
1.912175,udp,dns,0,0,OTH,0,10,0,280,0,1,Attack
1e-06,udp,unknown,86,0,OTH,0,2,0,170,0,0,Normal
0.988186,tcp,unknown,52122,0,OTH,0,78,78,56334,4680,0,Normal
0.0,udp,unknown,496,0,OTH,0,2,0,580,0,0,Normal
2.947361,tcp,http,84,0,S1,0,14,0,560,0,1,Attack
0.717476,udp,unknown,982,0,OTH,0,8,0,1318,0,0,Normal
0.926134,tcp,unknown,77010,0,OTH,0,102,102,82518,6120,0,Normal
0.995408,tcp,unknown,82756,0,OTH,0,98,98,88048,5880,0,Normal
2.938986,tcp,http,84,0,S1,0,14,0,560,0,1,Attack
1.90472,udp,dns,0,0,OTH,0,10,0,280,0,1,Attack
1.905512,udp,dns,0,0,OTH,0,10,0,280,0,1,Attack
0.0,tcp,dns,0,0,S1,0,2,0,128,0,1,Attack
0.0,tcp,dns,0,0,S1,0,2,0,128,0,1,Attack
0.0,tcp,dns,0,0,S1,0,2,0,128,0,1,Attack
0.502202,udp,unknown,820,0,OTH,0,6,0,1072,0,0,Normal
1e-06,udp,unknown,496,0,OTH,0,2,0,580,0,0,Normal
1.418454,udp,dns,0,0,OTH,0,8,0,224,0,1,Attack
0.42859,tcp,unknown,63730,1320,S1,0,70,74,67538,5728,0,Normal
0.0,tcp,dns,0,0,S1,0,2,0,128,0,1,Attack
0.935259,tcp,unknown,73006,0,OTH,0,94,94,78082,5640,0,Normal
0.966884,tcp,unknown,108460,0,OTH,0,122,122,115048,7320,0,Normal
1e-06,tcp,dns,0,0,S1,0,2,0,128,0,1,Attack
0.971508,tcp,unknown,70974,0,OTH,0,94,94,76050,5640,0,Normal
1.417137,udp,dns,0,0,OTH,0,8,0,224,0,1,Attack
0.0,other,unknown,0,0,OTH,0,1,0,60,0,0,Normal
174.012701,tcp,dns,0,0,S1,0,4,0,256,0,1,Attack
0.965727,tcp,unknown,112530,0,OTH,0,124,120,119226,7200,0,Normal
1.892309,udp,dns,0,0,OTH,0,10,0,280,0,1,Attack
1e-06,udp,unknown,496,0,OTH,0,2,0,580,0,0,Normal
0.0,other,unknown,0,0,OTH,0,1,0,60,0,0,Normal
1.906195,udp,dns,0,0,OTH,0,10,0,280,0,1,Attack
1.915826,udp,dns,0,0,OTH,0,10,0,280,0,1,Attack
0.990144,tcp,unknown,149838,0,OTH,0,144,140,157614,8400,0,Normal
0.0,udp,unknown,496,0,OTH,0,2,0,580,0,0,Normal
0.980814,tcp,unknown,77510,0,OTH,0,98,98,82802,5880,0,Normal
0.0,udp,unknown,496,0,OTH,0,2,0,580,0,0,Normal
0.0,tcp,ssl,0,0,S1,0,2,0,120,0,1,Attack
0.251725,udp,unknown,324,0,OTH,0,4,0,492,0,0,Normal
2.920046,tcp,http,84,0,S1,0,14,0,560,0,1,Attack
0.0,tcp,ssl,0,0,S1,0,2,0,120,0,1,Attack
1e-06,udp,unknown,496,0,OTH,0,2,0,580,0,0,Normal
0.562379,other,unknown,0,0,OTH,0,2,0,120,0,0,Normal
1.897401,udp,dns,0,0,OTH,0,10,0,280,0,1,Attack
1.904519,udp,dns,0,0,OTH,0,10,0,280,0,1,Attack
0.0,udp,unknown,162,0,OTH,0,2,0,246,0,0,Normal
0.000304,tcp,ssl,0,12,RSTR,0,2,2,120,80,1,Attack
2.945119,tcp,http,84,0,S1,0,14,0,560,0,1,Attack
1.905404,udp,dns,0,0,OTH,0,10,0,280,0,1,Attack
1.912034,udp,dns,0,0,OTH,0,10,0,280,0,1,Attack
1e-06,udp,unknown,496,0,OTH,0,2,0,580,0,0,Normal
0.004083,tcp,http,0,12,RSTR,0,2,2,120,80,1,Attack
1e-06,tcp,dns,0,0,S1,0,2,0,128,0,1,Attack
1.889798,udp,dns,0,0,OTH,0,10,0,280,0,1,Attack
0.0,tcp,dns,0,0,S1,0,2,0,128,0,1,Attack
2.921922,tcp,http,84,0,S1,0,14,0,560,0,1,Attack
2.934768,tcp,http,84,0,S1,0,14,0,560,0,1,Attack
0.502312,udp,unknown,486,0,OTH,0,6,0,738,0,0,Normal
0.960516,tcp,unknown,84318,0,OTH,0,104,104,89934,6240,0,Normal
0.963809,tcp,unknown,72488,0,OTH,0,92,92,77456,5520,0,Normal
0.990683,tcp,unknown,56316,0,OTH,0,84,84,60852,5040,0,Normal
0.005731,tcp,http,0,12,RSTR,0,2,2,120,80,1,Attack
0.925629,tcp,unknown,74580,0,OTH,0,90,90,79440,5400,0,Normal
0.956996,tcp,unknown,59490,0,OTH,0,74,74,63486,4440,0,Normal
0.989652,tcp,unknown,102572,0,OTH,0,112,112,108620,6720,0,Normal
1.913904,udp,dns,0,0,OTH,0,10,0,280,0,1,Attack
0.0,tcp,dns,0,0,S1,0,2,0,128,0,1,Attack
0.921612,tcp,unknown,79702,0,OTH,0,92,92,84670,5520,0,Normal
0.536491,tcp,unknown,43904,0,RSTO,0,48,40,46496,2400,0,Normal
0.498425,udp,unknown,486,0,OTH,0,6,0,738,0,0,Normal
1.890322,udp,dns,0,0,OTH,0,10,0,280,0,1,Attack
0.069909,udp,unknown,582,0,OTH,0,4,0,750,0,0,Normal
0.0,other,unknown,0,0,OTH,0,1,0,60,0,0,Normal
1e-06,tcp,dns,0,0,S1,0,2,0,128,0,1,Attack
0.04802,tcp,unknown,4,12,RSTR,0,2,2,88,80,1,Attack
0.0,tcp,dns,0,0,S1,0,2,0,128,0,1,Attack
1.890616,udp,dns,0,0,OTH,0,10,0,280,0,1,Attack
0.0,other,unknown,0,0,OTH,0,1,0,60,0,0,Normal
1e-06,udp,dhcp,1480,0,OTH,0,2,0,1564,0,0,Normal
0.970315,tcp,unknown,92870,0,OTH,0,114,112,99026,6720,0,Normal
65.990601,tcp,dns,0,0,S1,0,4,0,256,0,1,Attack
1e-06,tcp,dns,0,0,S1,0,2,0,128,0,1,Attack
0.0,tcp,dns,0,0,S1,0,2,0,128,0,1,Attack
0.0,tcp,dns,0,0,S1,0,2,0,128,0,1,Attack
1.902894,udp,dns,0,0,OTH,0,10,0,280,0,1,Attack
0.960494,tcp,unknown,27878,0,OTH,0,70,70,31658,4200,0,Normal
0.961457,tcp,unknown,123434,0,OTH,0,142,142,131102,8520,0,Normal
0.0,tcp,dns,0,0,S1,0,2,0,128,0,1,Attack
0.0,other,unknown,0,0,OTH,0,1,0,60,0,0,Normal
1e-06,udp,dhcp,1480,0,OTH,0,2,0,1564,0,0,Normal
0.0,other,unknown,0,0,OTH,0,1,0,60,0,0,Normal
0.942839,tcp,unknown,49988,0,OTH,0,70,70,53768,4200,0,Normal
0.0,tcp,dns,0,0,S1,0,2,0,128,0,1,Attack
0.960271,tcp,unknown,48532,0,OTH,0,70,70,52312,4200,0,Normal
1.914204,udp,dns,0,0,OTH,0,10,0,280,0,1,Attack
1e-06,tcp,dns,0,0,S1,0,2,0,128,0,1,Attack
0.983312,tcp,unknown,91300,0,OTH,0,98,92,96592,5520,0,Normal
0.944534,tcp,unknown,66684,0,OTH,0,94,94,71760,5640,0,Normal
2.930809,tcp,http,84,0,S1,0,14,0,560,0,1,Attack
0.990314,tcp,unknown,106232,0,OTH,0,114,114,112388,6840,0,Normal
0.00544,tcp,imap,4,12,RSTR,0,2,2,88,80,1,Attack
0.0,tcp,dns,0,0,S1,0,2,0,128,0,1,Attack
2.925428,tcp,http,84,0,S1,0,14,0,560,0,1,Attack
0.964397,tcp,unknown,113224,0,OTH,0,124,120,119920,7200,0,Normal
0.284346,other,unknown,0,0,OTH,0,2,0,120,0,0,Normal
0.971846,tcp,unknown,111942,0,OTH,0,130,130,118962,7800,0,Normal
1.925103,udp,dns,0,0,OTH,0,10,0,280,0,1,Attack
0.0,tcp,dns,0,0,S1,0,2,0,128,0,1,Attack
0.0,tcp,ssl,0,0,S1,0,2,0,120,0,1,Attack
1.889372,udp,dns,0,0,OTH,0,10,0,280,0,1,Attack
0.0,tcp,dns,0,0,S1,0,2,0,128,0,1,Attack
0.0,udp,unknown,496,0,OTH,0,2,0,580,0,0,Normal
2.947825,tcp,http,84,0,S1,0,14,0,560,0,1,Attack
0.0,tcp,dns,0,0,S1,0,2,0,128,0,1,Attack
1e-06,udp,unknown,496,0,OTH,0,2,0,580,0,0,Normal
0.0,tcp,dns,0,0,S1,0,2,0,128,0,1,Attack
0.0,tcp,dns,0,0,S1,0,2,0,128,0,1,Attack
4.7e-05,tcp,ssl,0,0,S1,0,2,0,120,0,1,Attack
1e-06,udp,unknown,162,0,OTH,0,2,0,246,0,0,Normal
0.954561,tcp,unknown,79054,0,OTH,0,102,102,84562,6120,0,Normal
0.98238,tcp,unknown,51730,0,OTH,0,74,74,55726,4440,0,Normal
3.426908,tcp,http,96,0,S1,0,16,0,640,0,1,Attack
0.0,tcp,dns,0,0,S1,0,2,0,128,0,1,Attack
0.968749,tcp,unknown,109456,0,OTH,0,118,118,115828,7080,0,Normal
0.0,tcp,dns,0,0,S1,0,2,0,128,0,1,Attack
2.929865,tcp,http,84,0,S1,0,14,0,560,0,1,Attack
0.0,tcp,ssl,0,0,S1,0,2,0,120,0,1,Attack
1.889918,udp,dns,0,0,OTH,0,10,0,280,0,1,Attack
0.981224,tcp,unknown,73732,0,OTH,0,92,94,78700,5640,0,Normal
0.0,tcp,ssl,0,0,S1,0,2,0,120,0,1,Attack
0.106813,tcp,unknown,1674,1058,S1,0,10,14,2242,1878,0,Normal
1.925059,udp,dns,0,0,OTH,0,10,0,280,0,1,Attack
0.753307,udp,unknown,982,0,OTH,0,8,0,1318,0,0,Normal
0.0,other,unknown,0,0,OTH,0,1,0,60,0,0,Normal
0.957902,tcp,unknown,74528,0,OTH,0,92,92,79496,5520,0,Normal
1e-06,udp,unknown,496,0,OTH,0,2,0,580,0,0,Normal
196.47906,tcp,dns,0,0,S1,0,4,0,256,0,1,Attack
1e-06,udp,unknown,496,0,OTH,0,2,0,580,0,0,Normal
0.962688,tcp,unknown,111984,0,OTH,0,120,120,118464,7200,0,Normal
0.981075,tcp,unknown,57080,0,OTH,0,80,80,61400,4800,0,Normal
0.99119,tcp,unknown,76422,0,OTH,0,98,98,81714,5880,0,Normal
0.763439,tcp,unknown,162584,1320,RSTO,0,150,102,170712,7408,0,Normal
0.969671,tcp,unknown,59908,0,OTH,0,80,80,64228,4800,0,Normal
351.17595,other,unknown,3588,0,OTH,0,138,0,4278,0,1,Attack
0.995275,tcp,unknown,100252,0,OTH,0,114,112,106408,6720,0,Normal
0.0,tcp,dns,0,0,S1,0,2,0,128,0,1,Attack
0.459321,other,unknown,0,0,OTH,0,3,0,182,0,0,Normal
1e-06,udp,unknown,162,0,OTH,0,2,0,246,0,0,Normal
1e-06,tcp,ssl,0,0,S1,0,2,0,120,0,1,Attack
1.928781,udp,dns,0,0,OTH,0,10,0,280,0,1,Attack
2.946944,tcp,http,84,0,S1,0,14,0,560,0,1,Attack
1.913368,udp,dns,0,0,OTH,0,10,0,280,0,1,Attack
0.0,tcp,ssl,0,0,S1,0,2,0,120,0,1,Attack
0.0,tcp,ssl,0,0,S1,0,2,0,120,0,1,Attack
0.60071,other,unknown,0,0,OTH,0,2,0,120,0,0,Normal
2.944584,tcp,http,84,0,S1,0,14,0,560,0,1,Attack
0.0,tcp,ssl,0,0,S1,0,2,0,120,0,1,Attack
0.966433,tcp,unknown,73092,0,OTH,0,96,96,78276,5760,0,Normal
0.902076,tcp,unknown,49906,0,OTH,0,76,76,54010,4560,0,Normal
0.0,tcp,dns,0,0,S1,0,2,0,128,0,1,Attack
0.754381,udp,unknown,982,0,OTH,0,8,0,1318,0,0,Normal
0.0,udp,unknown,496,0,OTH,0,2,0,580,0,0,Normal
0.99031,tcp,unknown,85716,0,OTH,0,96,96,90900,5760,0,Normal
1e-06,tcp,dns,0,0,S1,0,2,0,128,0,1,Attack
1e-06,udp,unknown,86,0,OTH,0,2,0,170,0,0,Normal
0.965752,tcp,unknown,108588,0,OTH,0,116,116,114852,6960,0,Normal
1.896829,udp,dns,0,0,OTH,0,10,0,280,0,1,Attack
3.424054,tcp,http,96,0,S1,0,16,0,640,0,1,Attack
1e-06,udp,dhcp,1480,0,OTH,0,2,0,1564,0,0,Normal
2.930484,tcp,http,84,0,S1,0,14,0,560,0,1,Attack
0.0,tcp,dns,0,0,S1,0,2,0,128,0,1,Attack
2.929536,tcp,http,84,0,S1,0,14,0,560,0,1,Attack
0.978522,tcp,unknown,100866,0,OTH,0,108,108,106698,6480,0,Normal
0.251871,udp,unknown,324,0,OTH,0,4,0,492,0,0,Normal
0.208492,other,unknown,0,0,OTH,0,2,0,120,0,0,Normal
0.991023,tcp,unknown,117838,0,OTH,0,114,110,123994,6600,0,Normal
0.964014,tcp,unknown,90278,0,OTH,0,108,108,96110,6480,0,Normal
1e-06,udp,dhcp,1480,0,OTH,0,2,0,1564,0,0,Normal
0.0,tcp,ssl,0,0,S1,0,2,0,120,0,1,Attack
1e-06,udp,unknown,496,0,OTH,0,2,0,580,0,0,Normal
2.944986,tcp,http,84,0,S1,0,14,0,560,0,1,Attack
0.010238,tcp,unknown,4,12,RSTR,0,2,2,88,80,1,Attack
3.42959,tcp,http,96,0,S1,0,16,0,640,0,1,Attack
1.928211,udp,dns,0,0,OTH,0,10,0,280,0,1,Attack
6.6e-05,other,unknown,0,0,OTH,0,2,0,122,0,0,Normal
0.0,tcp,dns,0,0,S1,0,2,0,128,0,1,Attack
0.0,tcp,dns,0,0,S1,0,2,0,128,0,1,Attack
0.0,other,unknown,0,0,OTH,0,1,0,60,0,0,Normal
0.0,other,unknown,0,0,OTH,0,1,0,60,0,0,Normal
0.054771,other,unknown,0,0,OTH,0,2,0,120,0,0,Normal
2.945335,tcp,http,84,0,S1,0,14,0,560,0,1,Attack
0.945628,tcp,unknown,89260,0,OTH,0,100,98,94660,5880,0,Normal
1.915452,udp,dns,0,0,OTH,0,10,0,280,0,1,Attack
1e-06,udp,dhcp,1480,0,OTH,0,2,0,1564,0,0,Normal
0.98711,tcp,unknown,115206,0,OTH,0,130,130,122226,7800,0,Normal
1e-06,tcp,ssl,0,0,S1,0,2,0,120,0,1,Attack
0.941251,tcp,unknown,115620,0,OTH,0,118,116,121992,6960,0,Normal
0.042723,tcp,unknown,4,12,RSTR,0,2,2,88,80,1,Attack
1.892493,udp,dns,0,0,OTH,0,10,0,280,0,1,Attack
0.004958,tcp,http,0,12,RSTR,0,2,2,120,80,1,Attack
2.946943,tcp,http,84,0,S1,0,14,0,560,0,1,Attack
0.965322,tcp,unknown,65144,0,OTH,0,86,86,69788,5160,0,Normal
0.0,tcp,dns,0,0,S1,0,2,0,128,0,1,Attack
0.50338,udp,unknown,486,0,OTH,0,6,0,738,0,0,Normal
0.123354,tcp,unknown,7446,0,RSTO,0,14,12,8214,720,0,Normal
0.971573,tcp,unknown,109618,0,OTH,0,114,110,115774,6600,0,Normal
1.892634,udp,dns,0,0,OTH,0,10,0,280,0,1,Attack
2.927437,tcp,http,84,0,S1,0,14,0,560,0,1,Attack
0.960576,tcp,unknown,80558,0,OTH,0,98,98,85850,5880,0,Normal
0.975899,tcp,unknown,54128,0,OTH,0,72,72,58016,4320,0,Normal
0.499716,udp,unknown,486,0,OTH,0,6,0,738,0,0,Normal
0.0,tcp,ssl,0,0,S1,0,2,0,120,0,1,Attack
0.0,udp,unknown,496,0,OTH,0,2,0,580,0,0,Normal
0.0,tcp,dns,0,0,S1,0,2,0,128,0,1,Attack
0.0,tcp,ssl,0,0,S1,0,2,0,120,0,1,Attack
0.963805,tcp,unknown,115628,0,OTH,0,132,130,122756,7800,0,Normal
2.930262,tcp,http,84,0,S1,0,14,0,560,0,1,Attack
0.96192,tcp,unknown,73350,0,OTH,0,94,94,78426,5640,0,Normal
1e-06,udp,unknown,496,0,OTH,0,2,0,580,0,0,Normal
1.913613,udp,dns,0,0,OTH,0,10,0,280,0,1,Attack
0.0,other,unknown,0,0,OTH,0,1,0,60,0,0,Normal
0.0,tcp,ssl,0,0,S1,0,2,0,120,0,1,Attack
0.0,tcp,ssl,0,0,S1,0,2,0,120,0,1,Attack
0.990011,tcp,unknown,41812,0,OTH,0,74,74,45808,4440,0,Normal
0.0,tcp,ssl,0,0,S1,0,2,0,120,0,1,Attack
0.964221,tcp,unknown,117792,0,OTH,0,130,130,124812,7800,0,Normal
1.915203,udp,dns,0,0,OTH,0,10,0,280,0,1,Attack
2.93312,tcp,http,84,0,S1,0,14,0,560,0,1,Attack
0.0,tcp,dns,0,0,S1,0,2,0,128,0,1,Attack
0.0,tcp,ssl,0,0,S1,0,2,0,120,0,1,Attack
0.0,tcp,ssl,0,0,S1,0,2,0,120,0,1,Attack
1e-06,udp,unknown,496,0,OTH,0,2,0,580,0,0,Normal
0.970242,tcp,unknown,88044,0,OTH,0,100,100,93444,6000,0,Normal
1e-06,tcp,dns,0,0,S1,0,2,0,128,0,1,Attack
0.950409,tcp,unknown,77842,0,OTH,0,104,104,83458,6240,0,Normal
0.004023,tcp,http,0,12,RSTR,0,2,2,120,80,1,Attack
1.904586,udp,dns,0,0,OTH,0,10,0,280,0,1,Attack
1e-06,tcp,dns,0,0,S1,0,2,0,128,0,1,Attack
0.977331,tcp,unknown,75520,0,OTH,0,100,100,80920,6000,0,Normal
0.959478,tcp,unknown,70706,230,OTH,0,92,92,75674,5738,0,Normal
2.934629,tcp,http,84,0,S1,0,14,0,560,0,1,Attack
0.0,tcp,ssl,0,0,S1,0,2,0,120,0,1,Attack
0.982907,tcp,unknown,73928,0,OTH,0,96,96,79112,5760,0,Normal
1e-06,tcp,ssl,0,0,S1,0,2,0,120,0,1,Attack
0.896064,other,unknown,0,0,OTH,0,2,0,120,0,0,Normal
2.938931,tcp,http,84,0,S1,0,14,0,560,0,1,Attack
1e-06,udp,unknown,162,0,OTH,0,2,0,246,0,0,Normal
2.925645,tcp,http,84,0,S1,0,14,0,560,0,1,Attack
0.97071,tcp,unknown,100856,0,OTH,0,114,114,107012,6840,0,Normal
0.0,tcp,ssl,0,0,S1,0,2,0,120,0,1,Attack
0.99291,tcp,unknown,80226,0,OTH,0,104,104,85842,6240,0,Normal
0.943544,tcp,unknown,58166,0,OTH,0,80,80,62486,4800,0,Normal
1.889944,udp,dns,0,0,OTH,0,10,0,280,0,1,Attack
1.913077,udp,dns,0,0,OTH,0,10,0,280,0,1,Attack
0.985325,tcp,unknown,35268,0,OTH,0,62,62,38616,3720,0,Normal
1e-06,udp,unknown,162,0,OTH,0,2,0,246,0,0,Normal
0.975008,tcp,unknown,97678,0,OTH,0,106,106,103402,6360,0,Normal
0.0,tcp,dns,0,0,S1,0,2,0,128,0,1,Attack
0.0,tcp,dns,0,0,S1,0,2,0,128,0,1,Attack
1e-06,udp,unknown,496,0,OTH,0,2,0,580,0,0,Normal
1e-06,tcp,dns,0,0,S1,0,2,0,128,0,1,Attack
0.479359,udp,unknown,658,0,OTH,0,4,0,826,0,0,Normal
1e-06,tcp,ssl,0,0,S1,0,2,0,120,0,1,Attack
0.0,other,unknown,0,0,OTH,0,1,0,60,0,0,Normal
0.0,tcp,dns,0,0,S1,0,2,0,128,0,1,Attack
0.97686,tcp,unknown,116496,0,OTH,0,120,120,122976,7200,0,Normal
1.891307,udp,dns,0,0,OTH,0,10,0,280,0,1,Attack
0.961193,tcp,unknown,98968,0,OTH,0,112,112,105016,6720,0,Normal
0.993352,tcp,unknown,104862,0,OTH,0,126,124,111666,7440,0,Normal
0.748883,udp,unknown,982,0,OTH,0,8,0,1318,0,0,Normal
3.425927,tcp,http,96,0,S1,0,16,0,640,0,1,Attack
0.0,tcp,dns,0,0,S1,0,2,0,128,0,1,Attack
1.91485,udp,dns,0,0,OTH,0,10,0,280,0,1,Attack
0.981916,tcp,unknown,89756,0,OTH,0,102,102,95264,6120,0,Normal
0.506117,udp,unknown,486,0,OTH,0,6,0,738,0,0,Normal
0.531241,udp,unknown,820,0,OTH,0,6,0,1072,0,0,Normal
0.050184,udp,unknown,582,0,OTH,0,4,0,750,0,0,Normal
1e-06,udp,unknown,496,0,OTH,0,2,0,580,0,0,Normal
0.0,other,unknown,0,0,OTH,0,1,0,60,0,0,Normal
0.995334,tcp,unknown,79718,0,OTH,0,94,94,84794,5640,0,Normal
0.106274,udp,unknown,1096,0,OTH,0,8,0,1432,0,0,Normal
0.981795,tcp,unknown,79498,0,OTH,0,106,106,85222,6360,0,Normal
1.91464,udp,dns,0,0,OTH,0,10,0,280,0,1,Attack
1.915424,udp,dns,0,0,OTH,0,10,0,280,0,1,Attack
1e-06,udp,unknown,496,0,OTH,0,2,0,580,0,0,Normal
0.0,other,unknown,0,0,OTH,0,1,0,60,0,0,Normal
1.89809,udp,dns,0,0,OTH,0,10,0,280,0,1,Attack
3.426195,tcp,http,96,0,S1,0,16,0,640,0,1,Attack
2.906741,tcp,http,84,0,S1,0,14,0,560,0,1,Attack
1e-06,tcp,dns,0,0,S1,0,2,0,128,0,1,Attack
0.251237,udp,unknown,324,0,OTH,0,4,0,492,0,0,Normal
0.496327,tcp,unknown,106288,1320,S1,0,94,62,111392,5008,0,Normal
0.98541,tcp,unknown,88558,0,OTH,0,112,112,94606,6720,0,Normal
0.950192,tcp,unknown,74332,0,OTH,0,98,98,79624,5880,0,Normal
0.0,tcp,dns,0,0,S1,0,2,0,128,0,1,Attack
1.907225,udp,dns,0,0,OTH,0,10,0,280,0,1,Attack
0.0,tcp,dns,0,0,S1,0,2,0,128,0,1,Attack
100.063266,tcp,dns,0,0,S1,0,4,0,256,0,1,Attack
0.0,tcp,ssl,0,0,S1,0,2,0,120,0,1,Attack
0.98069,tcp,unknown,73808,0,OTH,0,102,102,79316,6120,0,Normal
0.963919,tcp,unknown,73906,0,OTH,0,98,98,79198,5880,0,Normal
2.91846,tcp,http,84,0,S1,0,14,0,560,0,1,Attack
0.964944,tcp,unknown,92982,0,OTH,0,98,98,98274,5880,0,Normal
0.0,udp,unknown,496,0,OTH,0,2,0,580,0,0,Normal
0.0,udp,unknown,496,0,OTH,0,2,0,580,0,0,Normal
2.938412,tcp,http,84,0,S1,0,14,0,560,0,1,Attack
0.06212,other,unknown,0,0,OTH,0,2,0,120,0,0,Normal
1.418418,udp,dns,0,0,OTH,0,8,0,224,0,1,Attack
0.0,tcp,dns,0,0,S1,0,2,0,128,0,1,Attack
0.0,other,unknown,0,0,OTH,0,1,0,60,0,0,Normal
0.972666,tcp,unknown,114026,0,OTH,0,130,124,121046,7440,0,Normal
2.936974,tcp,http,84,0,S1,0,14,0,560,0,1,Attack
2.944466,tcp,http,84,0,S1,0,14,0,560,0,1,Attack
2.944714,tcp,http,84,0,S1,0,14,0,560,0,1,Attack
0.0,other,unknown,0,0,OTH,0,1,0,60,0,0,Normal
0.0,udp,unknown,86,0,OTH,0,2,0,170,0,0,Normal
0.0,tcp,ssl,0,0,S1,0,2,0,120,0,1,Attack
1e-06,udp,unknown,496,0,OTH,0,2,0,580,0,0,Normal
0.0,tcp,ssl,0,0,S1,0,2,0,120,0,1,Attack
0.984946,tcp,unknown,63240,0,OTH,0,88,88,67992,5280,0,Normal
1e-06,tcp,dns,0,0,S1,0,2,0,128,0,1,Attack
0.976827,tcp,unknown,86874,0,OTH,0,100,98,92274,5880,0,Normal
0.25044,udp,unknown,708,0,OTH,0,6,0,960,0,0,Normal
0.004844,tcp,http,0,12,RSTR,0,2,2,120,80,1,Attack
3.428923,tcp,http,96,0,S1,0,16,0,640,0,1,Attack
0.969778,tcp,unknown,86068,0,OTH,0,106,106,91792,6360,0,Normal
0.98151,tcp,unknown,62954,0,OTH,0,82,82,67382,4920,0,Normal
1e-06,tcp,dns,0,0,S1,0,2,0,128,0,1,Attack
0.710137,tcp,unknown,82916,1320,S1,0,100,104,88344,7528,0,Normal
0.9703,tcp,unknown,73070,0,OTH,0,96,96,78254,5760,0,Normal
0.950593,tcp,unknown,110686,0,OTH,0,126,124,117490,7440,0,Normal
0.0,other,unknown,0,0,OTH,0,1,0,60,0,0,Normal
0.09217,other,unknown,0,0,OTH,0,3,0,180,0,0,Normal
0.98902,tcp,unknown,113408,0,OTH,0,132,132,120536,7920,0,Normal
1e-06,udp,unknown,496,0,OTH,0,2,0,580,0,0,Normal
0.985727,tcp,unknown,76548,0,OTH,0,100,100,81948,6000,0,Normal
2.944679,tcp,http,84,0,S1,0,14,0,560,0,1,Attack
3.425248,tcp,http,96,0,S1,0,16,0,640,0,1,Attack
0.966686,tcp,unknown,67726,0,OTH,0,88,88,72478,5280,0,Normal
1.889482,udp,dns,0,0,OTH,0,10,0,280,0,1,Attack
1e-06,udp,dhcp,1480,0,OTH,0,2,0,1564,0,0,Normal
1.904737,udp,dns,0,0,OTH,0,10,0,280,0,1,Attack
1e-06,tcp,dns,0,0,S1,0,2,0,128,0,1,Attack
0.999799,tcp,unknown,98924,0,OTH,0,114,114,105080,6840,0,Normal
0.981895,tcp,unknown,91346,0,OTH,0,112,112,97394,6720,0,Normal
0.0,tcp,ssl,0,0,S1,0,2,0,120,0,1,Attack
0.987139,tcp,unknown,32680,0,OTH,0,74,74,36676,4440,0,Normal
0.039963,tcp,unknown,4,12,RSTR,0,2,2,88,80,1,Attack
0.083225,tcp,unknown,8738,0,RSTO,0,6,4,9062,240,0,Normal
1.913735,udp,dns,0,0,OTH,0,10,0,280,0,1,Attack
2.924366,tcp,http,84,0,S1,0,14,0,560,0,1,Attack
1.913999,udp,dns,0,0,OTH,0,10,0,280,0,1,Attack
0.0,tcp,ssl,0,0,S1,0,2,0,120,0,1,Attack
0.957221,tcp,unknown,73404,0,OTH,0,92,92,78372,5520,0,Normal
0.953666,tcp,unknown,74588,0,OTH,0,94,94,79664,5640,0,Normal
1e-05,tcp,dns,0,0,S1,0,2,0,128,0,1,Attack
0.974646,tcp,unknown,123436,0,OTH,0,122,120,130024,7200,0,Normal
2.2e-05,tcp,ssl,0,0,S1,0,2,0,120,0,1,Attack
1e-06,udp,unknown,496,0,OTH,0,2,0,580,0,0,Normal
1.928604,udp,dns,0,0,OTH,0,10,0,280,0,1,Attack
1.915449,udp,dns,0,0,OTH,0,10,0,280,0,1,Attack
0.961471,tcp,unknown,123320,0,OTH,0,134,134,130556,8040,0,Normal
1e-06,udp,unknown,496,0,OTH,0,2,0,580,0,0,Normal
1.923845,udp,dns,0,0,OTH,0,10,0,280,0,1,Attack
0.970371,tcp,unknown,109056,0,OTH,0,122,122,115644,7320,0,Normal
0.080349,udp,unknown,582,0,OTH,0,4,0,750,0,0,Normal
0.0,tcp,ssl,0,0,S1,0,2,0,120,0,1,Attack
1.901688,udp,dns,0,0,OTH,0,10,0,280,0,1,Attack
0.758829,udp,unknown,982,0,OTH,0,8,0,1318,0,0,Normal
0.926205,tcp,unknown,59284,0,OTH,0,80,80,63604,4800,0,Normal
2.93597,tcp,http,84,0,S1,0,14,0,560,0,1,Attack
0.0,tcp,dns,0,0,S1,0,2,0,128,0,1,Attack
2.944675,tcp,http,84,0,S1,0,14,0,560,0,1,Attack
2.934878,tcp,http,84,0,S1,0,14,0,560,0,1,Attack
2.905696,tcp,http,84,0,S1,0,14,0,560,0,1,Attack
0.0,tcp,dns,0,0,S1,0,2,0,128,0,1,Attack
2.906321,tcp,http,84,0,S1,0,14,0,560,0,1,Attack
0.0,tcp,ssl,0,0,S1,0,2,0,120,0,1,Attack
0.0,tcp,ssl,0,0,S1,0,2,0,120,0,1,Attack
3.427285,tcp,http,96,0,S1,0,16,0,640,0,1,Attack
0.047976,other,unknown,0,0,OTH,0,2,0,120,0,0,Normal
0.965442,tcp,unknown,104652,0,OTH,0,118,116,111024,6960,0,Normal
0.942873,tcp,unknown,101452,0,OTH,0,114,114,107608,6840,0,Normal
0.0,tcp,dns,0,0,S1,0,2,0,128,0,1,Attack
0.984212,tcp,unknown,84978,0,OTH,0,104,104,90594,6240,0,Normal
1e-06,udp,unknown,162,0,OTH,0,2,0,246,0,0,Normal
0.962524,tcp,unknown,76564,0,OTH,0,100,100,81964,6000,0,Normal
0.0,udp,unknown,86,0,OTH,0,2,0,170,0,0,Normal
3.427118,tcp,http,96,0,S1,0,16,0,640,0,1,Attack
0.28952,udp,unknown,708,0,OTH,0,6,0,960,0,0,Normal
1e-06,udp,unknown,162,0,OTH,0,2,0,246,0,0,Normal
0.0,other,unknown,0,0,OTH,0,1,0,60,0,0,Normal
0.0,tcp,ssl,0,0,S1,0,2,0,120,0,1,Attack
0.0,other,unknown,0,0,OTH,0,1,0,60,0,0,Normal
2.920582,tcp,http,84,0,S1,0,14,0,560,0,1,Attack
0.0,tcp,ssl,0,0,S1,0,2,0,120,0,1,Attack
2.940122,tcp,http,84,0,S1,0,14,0,560,0,1,Attack
11.457006,tcp,http,0,24,RSTR,0,4,4,240,160,1,Attack
1e-06,udp,unknown,496,0,OTH,0,2,0,580,0,0,Normal
0.321253,tcp,unknown,89768,1320,S1,0,76,48,93888,4168,0,Normal
0.0,tcp,dns,0,0,S1,0,2,0,128,0,1,Attack
0.965635,tcp,unknown,105626,0,OTH,0,116,116,111890,6960,0,Normal
184.975198,tcp,dns,0,0,S1,0,4,0,256,0,1,Attack
0.607352,other,unknown,0,0,OTH,0,3,0,180,0,0,Normal
0.047487,tcp,unknown,4,12,RSTR,0,2,2,88,80,1,Attack
2.935112,tcp,http,84,0,S1,0,14,0,560,0,1,Attack
0.99895,tcp,unknown,84288,0,OTH,0,102,102,89796,6120,0,Normal
0.9486,tcp,unknown,101934,0,OTH,0,110,110,107874,6600,0,Normal
1e-06,tcp,dns,0,0,S1,0,2,0,128,0,1,Attack
0.0,tcp,dns,0,0,S1,0,2,0,128,0,1,Attack
1e-06,udp,unknown,496,0,OTH,0,2,0,580,0,0,Normal
1e-06,udp,unknown,162,0,OTH,0,2,0,246,0,0,Normal
1.901975,udp,dns,0,0,OTH,0,10,0,280,0,1,Attack
0.237583,tcp,unknown,51958,0,RSTO,0,48,46,54562,2760,0,Normal
0.000121,udp,unknown,822,0,OTH,0,6,0,1074,0,0,Normal
1e-06,udp,unknown,496,0,OTH,0,2,0,580,0,0,Normal
0.0,tcp,dns,0,0,S1,0,2,0,128,0,1,Attack
1.91223,udp,dns,0,0,OTH,0,10,0,280,0,1,Attack
1.906399,udp,dns,0,0,OTH,0,10,0,280,0,1,Attack
2.930036,tcp,http,84,0,S1,0,14,0,560,0,1,Attack
0.0,other,unknown,0,0,OTH,0,1,0,60,0,0,Normal
1.889532,udp,dns,0,0,OTH,0,10,0,280,0,1,Attack
0.0,tcp,dns,0,0,S1,0,2,0,128,0,1,Attack
0.965021,tcp,unknown,45886,0,OTH,0,72,72,49774,4320,0,Normal
0.973371,tcp,unknown,76098,0,OTH,0,86,86,80742,5160,0,Normal
0.032371,tcp,unknown,4,12,RSTR,0,2,2,88,80,1,Attack
0.980695,tcp,unknown,97504,0,OTH,0,116,112,103768,6720,0,Normal
0.0,tcp,dns,0,0,S1,0,2,0,128,0,1,Attack
0.977785,tcp,unknown,89404,0,OTH,0,102,102,94912,6120,0,Normal
0.0,udp,unknown,496,0,OTH,0,2,0,580,0,0,Normal
0.972295,tcp,unknown,80424,0,OTH,0,100,100,85824,6000,0,Normal
0.0,tcp,dns,0,0,S1,0,2,0,128,0,1,Attack
0.0,tcp,dns,0,0,S1,0,2,0,128,0,1,Attack
0.429105,other,unknown,0,0,OTH,0,2,0,120,0,0,Normal
0.023264,tcp,unknown,4,12,RSTR,0,2,2,88,80,1,Attack
1e-06,udp,unknown,496,0,OTH,0,2,0,580,0,0,Normal
63.563795,tcp,dns,0,0,S1,0,4,0,256,0,1,Attack
0.965649,tcp,unknown,106060,0,OTH,0,114,114,112216,6840,0,Normal
2.923803,tcp,http,84,0,S1,0,14,0,560,0,1,Attack
1.913798,udp,dns,0,0,OTH,0,10,0,280,0,1,Attack
0.0,other,unknown,0,0,OTH,0,1,0,60,0,0,Normal
1e-06,tcp,dns,0,0,S1,0,2,0,128,0,1,Attack
0.963986,tcp,unknown,70934,0,OTH,0,90,90,75794,5400,0,Normal
0.0,tcp,dns,0,0,S1,0,2,0,128,0,1,Attack
0.0,tcp,ssl,0,0,S1,0,2,0,120,0,1,Attack
0.972548,tcp,unknown,95298,0,OTH,0,104,102,100914,6120,0,Normal
0.954342,tcp,unknown,66906,0,OTH,0,92,92,71874,5520,0,Normal
7.4e-05,udp,dhcp,1480,0,OTH,0,2,0,1564,0,0,Normal
1e-06,udp,dhcp,1480,0,OTH,0,2,0,1564,0,0,Normal
1.91498,udp,dns,0,0,OTH,0,10,0,280,0,1,Attack
0.0,tcp,dns,0,0,S1,0,2,0,128,0,1,Attack
0.736543,other,unknown,0,0,OTH,0,2,0,120,0,0,Normal
1.923897,udp,dns,0,0,OTH,0,10,0,280,0,1,Attack
0.0,tcp,dns,0,0,S1,0,2,0,128,0,1,Attack
0.0,udp,unknown,496,0,OTH,0,2,0,580,0,0,Normal
1e-06,udp,unknown,496,0,OTH,0,2,0,580,0,0,Normal
5.7e-05,other,unknown,0,0,OTH,0,2,0,120,0,0,Normal
0.0,tcp,ssl,0,0,S1,0,2,0,120,0,1,Attack
1e-06,udp,unknown,496,0,OTH,0,2,0,580,0,0,Normal
0.96257,tcp,unknown,98036,0,OTH,0,112,112,104084,6720,0,Normal
0.0,tcp,dns,0,0,S1,0,2,0,128,0,1,Attack
0.776468,tcp,unknown,60414,0,RSTO,0,70,64,64194,3840,0,Normal
1e-06,tcp,dns,0,0,S1,0,2,0,128,0,1,Attack
0.0,tcp,dns,0,0,S1,0,2,0,128,0,1,Attack
291.985445,tcp,dns,0,0,S1,0,8,0,512,0,1,Attack
1.923316,udp,dns,0,0,OTH,0,9,0,252,0,1,Attack
1e-06,tcp,dns,0,0,S1,0,2,0,128,0,1,Attack
0.326929,other,unknown,0,0,OTH,0,2,0,120,0,0,Normal
275.007563,tcp,dns,0,0,S1,0,10,0,640,0,1,Attack
1.889722,udp,dns,0,0,OTH,0,10,0,280,0,1,Attack
0.960357,tcp,unknown,109224,0,OTH,0,110,106,115164,6360,0,Normal
1.922075,udp,dns,0,0,OTH,0,10,0,280,0,1,Attack
1e-06,udp,unknown,496,0,OTH,0,2,0,580,0,0,Normal
0.01969,udp,unknown,582,0,OTH,0,4,0,750,0,0,Normal
6.587198,tcp,dns,0,0,S1,0,4,0,256,0,1,Attack
0.949054,tcp,unknown,73098,0,OTH,0,98,98,78390,5880,0,Normal
0.006143,tcp,http,0,12,RSTR,0,2,2,120,80,1,Attack
0.051391,tcp,unknown,4,12,RSTR,0,2,2,88,80,1,Attack
1e-06,udp,unknown,496,0,OTH,0,2,0,580,0,0,Normal
0.964518,tcp,unknown,108472,0,OTH,0,122,122,115060,7320,0,Normal
1e-06,udp,unknown,496,0,OTH,0,2,0,580,0,0,Normal
1e-06,udp,unknown,496,0,OTH,0,2,0,580,0,0,Normal
0.0,tcp,ssl,0,0,S1,0,2,0,120,0,1,Attack
0.0,tcp,ssl,0,0,S1,0,2,0,120,0,1,Attack
0.959997,tcp,unknown,116238,0,OTH,0,124,124,122934,7440,0,Normal
0.503129,udp,unknown,486,0,OTH,0,6,0,738,0,0,Normal
2.914064,tcp,http,84,0,S1,0,14,0,560,0,1,Attack
0.963594,tcp,unknown,65602,0,OTH,0,88,88,70354,5280,0,Normal
0.252446,udp,unknown,324,0,OTH,0,4,0,492,0,0,Normal
0.961888,tcp,unknown,108704,0,OTH,0,116,116,114968,6960,0,Normal
1.889166,udp,dns,0,0,OTH,0,10,0,280,0,1,Attack
3.432471,tcp,http,96,0,S1,0,16,0,640,0,1,Attack
1e-06,udp,unknown,496,0,OTH,0,2,0,580,0,0,Normal
2.933508,tcp,http,84,0,S1,0,14,0,560,0,1,Attack
1.889843,udp,dns,0,0,OTH,0,10,0,280,0,1,Attack
2.946836,tcp,http,84,0,S1,0,14,0,560,0,1,Attack
0.0,tcp,dns,0,0,S1,0,2,0,128,0,1,Attack
0.969404,tcp,unknown,71396,0,OTH,0,98,98,76688,5880,0,Normal
0.942967,tcp,unknown,99088,0,OTH,0,110,110,105028,6600,0,Normal
2.945199,tcp,http,84,0,S1,0,14,0,560,0,1,Attack
2e-06,udp,unknown,496,0,OTH,0,2,0,580,0,0,Normal
0.323102,other,unknown,0,0,OTH,0,2,0,120,0,0,Normal
2.936395,tcp,http,84,0,S1,0,14,0,560,0,1,Attack
3.432517,tcp,http,96,0,S1,0,16,0,640,0,1,Attack
0.985378,tcp,unknown,71660,0,OTH,0,98,98,76952,5880,0,Normal
1e-06,udp,unknown,496,0,OTH,0,2,0,580,0,0,Normal
0.0,tcp,dns,0,0,S1,0,2,0,128,0,1,Attack
1.414618,udp,dns,0,0,OTH,0,8,0,224,0,1,Attack
0.97896,tcp,unknown,98198,0,OTH,0,110,108,104138,6480,0,Normal
1.915297,udp,dns,0,0,OTH,0,10,0,280,0,1,Attack
1.905087,udp,dns,0,0,OTH,0,10,0,280,0,1,Attack
0.942155,tcp,unknown,86534,0,OTH,0,92,92,91502,5520,0,Normal
0.0,tcp,dns,0,0,S1,0,2,0,128,0,1,Attack
1.889541,udp,dns,0,0,OTH,0,10,0,280,0,1,Attack
161.247962,tcp,dns,0,0,S1,0,4,0,256,0,1,Attack
0.0,udp,unknown,496,0,OTH,0,2,0,580,0,0,Normal
0.0,other,unknown,0,0,OTH,0,1,0,60,0,0,Normal
0.246384,other,unknown,0,0,OTH,0,2,0,120,0,0,Normal
0.0,tcp,dns,0,0,S1,0,2,0,128,0,1,Attack
2.947373,tcp,http,84,0,S1,0,14,0,560,0,1,Attack
1e-06,udp,dhcp,1480,0,OTH,0,2,0,1564,0,0,Normal
3.423571,tcp,http,96,0,S1,0,16,0,640,0,1,Attack
2.912503,tcp,http,84,0,S1,0,14,0,560,0,1,Attack
1.903735,udp,dns,0,0,OTH,0,10,0,280,0,1,Attack
0.0,tcp,dns,0,0,S1,0,2,0,128,0,1,Attack
0.970355,tcp,unknown,75376,0,OTH,0,94,94,80452,5640,0,Normal
2.924402,tcp,http,84,0,S1,0,14,0,560,0,1,Attack
3.423726,tcp,http,90,0,S1,0,15,0,600,0,1,Attack
0.984529,tcp,unknown,76468,0,OTH,0,96,96,81652,5760,0,Normal
1e-06,udp,unknown,86,0,OTH,0,2,0,170,0,0,Normal
0.065455,udp,unknown,582,0,OTH,0,4,0,750,0,0,Normal
0.0,tcp,dns,0,0,S1,0,2,0,128,0,1,Attack
0.0,tcp,dns,0,0,S1,0,2,0,128,0,1,Attack
0.0,tcp,ssl,0,0,S1,0,2,0,120,0,1,Attack
0.0,tcp,dns,0,0,S1,0,2,0,128,0,1,Attack
2.911074,tcp,http,84,0,S1,0,14,0,560,0,1,Attack
0.950331,tcp,unknown,106852,0,OTH,0,120,118,113332,7080,0,Normal
2.912585,tcp,http,84,0,S1,0,14,0,560,0,1,Attack
1.891369,udp,dns,0,0,OTH,0,10,0,280,0,1,Attack
1e-06,tcp,dns,0,0,S1,0,2,0,128,0,1,Attack
0.0,tcp,ssl,0,0,S1,0,2,0,120,0,1,Attack
1e-06,udp,unknown,496,0,OTH,0,2,0,580,0,0,Normal
0.0,tcp,dns,0,0,S1,0,2,0,128,0,1,Attack
2.938932,tcp,http,84,0,S1,0,14,0,560,0,1,Attack
1.900997,udp,dns,0,0,OTH,0,10,0,280,0,1,Attack
3.428276,tcp,http,96,0,S1,0,16,0,640,0,1,Attack
1e-06,udp,unknown,496,0,OTH,0,2,0,580,0,0,Normal
1.892361,udp,dns,0,0,OTH,0,10,0,280,0,1,Attack
1.321457,udp,unknown,268382,0,OTH,0,222,0,274598,0,1,Attack
0.0,tcp,ssl,0,0,S1,0,2,0,120,0,1,Attack
1.914388,udp,dns,0,0,OTH,0,10,0,280,0,1,Attack
0.982221,tcp,unknown,80688,0,OTH,0,110,110,86628,6600,0,Normal
1.922087,udp,dns,0,0,OTH,0,10,0,280,0,1,Attack
2.917285,tcp,http,84,0,S1,0,14,0,560,0,1,Attack
1e-06,tcp,ssl,0,0,S1,0,2,0,120,0,1,Attack
0.976528,tcp,unknown,76852,0,OTH,0,102,102,82360,6120,0,Normal
1.914012,udp,dns,0,0,OTH,0,10,0,280,0,1,Attack
0.18831,other,unknown,0,0,OTH,0,2,0,120,0,0,Normal
2.931009,tcp,http,84,0,S1,0,14,0,560,0,1,Attack
1.922334,udp,dns,0,0,OTH,0,10,0,280,0,1,Attack
0.0,udp,dhcp,1480,0,OTH,0,2,0,1564,0,0,Normal
2.926349,tcp,http,84,0,S1,0,14,0,560,0,1,Attack
2.94702,tcp,http,84,0,S1,0,14,0,560,0,1,Attack
0.0,tcp,ssl,0,0,S1,0,2,0,120,0,1,Attack
3.7e-05,tcp,ssl,0,0,S1,0,2,0,120,0,1,Attack
0.940137,tcp,unknown,44712,0,OTH,0,70,70,48492,4200,0,Normal
0.960494,tcp,unknown,69512,0,OTH,0,90,90,74372,5400,0,Normal
0.0,tcp,dns,0,0,S1,0,2,0,128,0,1,Attack
0.0,tcp,dns,0,0,S1,0,2,0,128,0,1,Attack
2.918032,tcp,http,84,0,S1,0,14,0,560,0,1,Attack
1e-06,udp,unknown,274,0,OTH,0,2,0,358,0,0,Normal
0.378333,tcp,unknown,22944,0,RSTO,0,32,30,24684,1800,0,Normal
0.010795,tcp,http,0,12,RSTR,0,2,2,120,80,1,Attack
0.0,tcp,ssl,0,0,S1,0,2,0,120,0,1,Attack
11.161924,tcp,dns,0,0,S1,0,4,0,256,0,1,Attack
1.889578,udp,dns,0,0,OTH,0,10,0,280,0,1,Attack
0.0,other,unknown,0,0,OTH,0,1,0,60,0,0,Normal
0.00408,tcp,unknown,0,188,S1,0,2,6,124,564,0,Normal
2.947002,tcp,http,84,0,S1,0,14,0,560,0,1,Attack
0.973693,tcp,unknown,99938,0,RSTO,0,108,102,105770,6120,0,Normal
0.749908,udp,unknown,982,0,OTH,0,8,0,1318,0,0,Normal
0.984303,tcp,unknown,96610,0,OTH,0,106,106,102334,6360,0,Normal
1e-06,udp,dhcp,1480,0,OTH,0,2,0,1564,0,0,Normal
0.083693,other,unknown,0,0,OTH,0,2,0,120,0,0,Normal
0.986157,tcp,unknown,70564,0,OTH,0,90,88,75424,5280,0,Normal
1e-06,udp,unknown,496,0,OTH,0,2,0,580,0,0,Normal
1.921737,udp,dns,0,0,OTH,0,10,0,280,0,1,Attack
1.913955,udp,dns,0,0,OTH,0,10,0,280,0,1,Attack
0.696333,udp,unknown,1118,0,OTH,0,12,0,1622,0,0,Normal
1.901253,udp,dns,0,0,OTH,0,10,0,280,0,1,Attack
1e-06,udp,unknown,86,0,OTH,0,2,0,170,0,0,Normal
0.985878,tcp,unknown,92904,0,OTH,0,106,106,98628,6360,0,Normal
0.0,tcp,ssl,0,0,S1,0,2,0,120,0,1,Attack
0.960427,tcp,unknown,92590,0,OTH,0,104,104,98206,6240,0,Normal
0.965154,tcp,unknown,121458,0,OTH,0,130,128,128478,7680,0,Normal
0.024577,tcp,unknown,4,12,RSTR,0,2,2,88,80,1,Attack
0.954375,tcp,unknown,61300,0,OTH,0,86,86,65944,5160,0,Normal
0.0,tcp,dns,0,0,S1,0,2,0,128,0,1,Attack
0.959567,tcp,unknown,32038,0,OTH,0,70,70,35818,4200,0,Normal
1e-06,udp,unknown,496,0,OTH,0,2,0,580,0,0,Normal
1.90657,udp,dns,0,0,OTH,0,10,0,280,0,1,Attack
0.951568,tcp,unknown,74440,0,OTH,0,94,90,79516,5400,0,Normal
2.933123,tcp,http,84,0,S1,0,14,0,560,0,1,Attack
0.375585,tcp,unknown,35482,0,RSTO,0,48,46,38086,2760,0,Normal
0.25137,udp,unknown,324,0,OTH,0,4,0,492,0,0,Normal
0.968478,tcp,unknown,67084,0,OTH,0,94,94,72160,5640,0,Normal
0.712784,tcp,unknown,88902,0,RSTO,0,94,88,93978,5280,0,Normal
0.0,udp,unknown,496,0,OTH,0,2,0,580,0,0,Normal
1e-06,udp,unknown,496,0,OTH,0,2,0,580,0,0,Normal
0.0,other,unknown,0,0,OTH,0,1,0,60,0,0,Normal
2.944765,tcp,http,84,0,S1,0,14,0,560,0,1,Attack
1e-06,tcp,ssl,0,0,S1,0,2,0,120,0,1,Attack
2.944683,tcp,http,84,0,S1,0,14,0,560,0,1,Attack
1e-06,tcp,ssl,0,0,S1,0,2,0,120,0,1,Attack
1e-06,udp,unknown,162,0,OTH,0,2,0,246,0,0,Normal
3.424525,tcp,http,90,0,S1,0,15,0,600,0,1,Attack
0.99358,tcp,unknown,113026,0,OTH,0,130,130,120046,7800,0,Normal
0.0,tcp,dns,0,0,S1,0,2,0,128,0,1,Attack
1e-06,udp,unknown,496,0,OTH,0,2,0,580,0,0,Normal
1.911352,udp,dns,0,0,OTH,0,10,0,280,0,1,Attack
1e-06,udp,unknown,496,0,OTH,0,2,0,580,0,0,Normal
3.5e-05,tcp,ssl,0,0,S1,0,2,0,120,0,1,Attack
0.967639,tcp,unknown,72354,0,OTH,0,92,92,77322,5520,0,Normal
2.912807,tcp,http,84,0,S1,0,14,0,560,0,1,Attack
1.904272,udp,dns,0,0,OTH,0,10,0,280,0,1,Attack
0.0,other,unknown,0,0,OTH,0,1,0,60,0,0,Normal
0.964906,tcp,unknown,55854,0,OTH,0,78,78,60066,4680,0,Normal
0.240302,udp,unknown,486,0,OTH,0,6,0,738,0,0,Normal
3.423858,tcp,http,96,0,S1,0,16,0,640,0,1,Attack
0.030759,tcp,http,0,12,RSTR,0,2,2,120,80,1,Attack
0.0,tcp,dns,0,0,S1,0,2,0,128,0,1,Attack
1.900779,udp,dns,0,0,OTH,0,10,0,280,0,1,Attack
0.0,tcp,dns,0,0,S1,0,2,0,128,0,1,Attack
0.965912,tcp,unknown,49746,0,OTH,0,72,72,53634,4320,0,Normal
0.75144,udp,unknown,982,0,OTH,0,8,0,1318,0,0,Normal
1.892353,udp,dns,0,0,OTH,0,10,0,280,0,1,Attack
0.976931,tcp,unknown,40304,0,OTH,0,62,62,43652,3720,0,Normal
40.076261,tcp,dns,0,0,S1,0,4,0,256,0,1,Attack
0.0,other,unknown,0,0,OTH,0,1,0,60,0,0,Normal
0.976391,tcp,unknown,104372,0,OTH,0,122,122,110960,7320,0,Normal
0.0,tcp,ssl,0,0,S1,0,2,0,120,0,1,Attack
1.907974,udp,dns,0,0,OTH,0,10,0,280,0,1,Attack
1e-06,udp,unknown,496,0,OTH,0,2,0,580,0,0,Normal
0.0,tcp,ssl,0,0,S1,0,2,0,120,0,1,Attack
1e-06,udp,unknown,496,0,OTH,0,2,0,580,0,0,Normal
0.0,tcp,ssl,0,0,S1,0,2,0,120,0,1,Attack
0.0,tcp,dns,0,0,S1,0,2,0,128,0,1,Attack
3.427839,tcp,http,96,0,S1,0,16,0,640,0,1,Attack
1e-06,tcp,dns,0,0,S1,0,2,0,128,0,1,Attack
0.0,other,unknown,0,0,OTH,0,1,0,60,0,0,Normal
0.017345,tcp,unknown,4482,0,RSTO,0,4,4,4698,240,0,Normal
0.976962,tcp,unknown,145598,0,OTH,0,140,132,153158,7920,0,Normal
1.906474,udp,dns,0,0,OTH,0,10,0,280,0,1,Attack
3.425986,tcp,http,90,0,S1,0,15,0,600,0,1,Attack
0.0,tcp,ssl,0,0,S1,0,2,0,120,0,1,Attack
1e-06,udp,unknown,496,0,OTH,0,2,0,580,0,0,Normal
0.0,tcp,dns,0,0,S1,0,2,0,128,0,1,Attack
0.0,tcp,ssl,0,0,S1,0,2,0,120,0,1,Attack
2.9173,tcp,http,84,0,S1,0,14,0,560,0,1,Attack
0.007622,tcp,http,0,12,RSTR,0,2,2,120,80,1,Attack
0.489723,tcp,unknown,67468,1320,S1,0,74,78,71492,5968,0,Normal
1.901112,udp,dns,0,0,OTH,0,10,0,280,0,1,Attack
1.414802,udp,dns,0,0,OTH,0,8,0,224,0,1,Attack
1e-06,tcp,dns,0,0,S1,0,2,0,128,0,1,Attack
3.426329,tcp,http,90,0,S1,0,15,0,600,0,1,Attack
0.971834,tcp,unknown,107804,0,OTH,0,112,108,113852,6480,0,Normal
3.425881,tcp,http,96,0,S1,0,16,0,640,0,1,Attack
0.966223,tcp,unknown,74136,0,OTH,0,96,96,79320,5760,0,Normal
2.927004,tcp,http,84,0,S1,0,14,0,560,0,1,Attack
121.033162,tcp,dns,0,0,S1,0,4,0,256,0,1,Attack
1.902502,udp,dns,0,0,OTH,0,10,0,280,0,1,Attack
0.250709,udp,unknown,658,0,OTH,0,4,0,826,0,0,Normal
3.429575,tcp,http,96,0,S1,0,16,0,640,0,1,Attack
3.431481,tcp,http,96,0,S1,0,16,0,640,0,1,Attack
0.405473,other,unknown,0,0,OTH,0,2,0,120,0,0,Normal
1e-06,tcp,dns,0,0,S1,0,2,0,128,0,1,Attack
1e-06,tcp,dns,0,0,S1,0,2,0,128,0,1,Attack
0.0,other,unknown,0,0,OTH,0,1,0,60,0,0,Normal
2.947881,tcp,http,84,0,S1,0,14,0,560,0,1,Attack
1.894549,udp,dns,0,0,OTH,0,10,0,280,0,1,Attack
1e-06,udp,unknown,496,0,OTH,0,2,0,580,0,0,Normal
2.941664,tcp,http,84,0,S1,0,14,0,560,0,1,Attack
0.604384,udp,unknown,410,0,OTH,0,6,0,662,0,0,Normal
1e-06,tcp,dns,0,0,S1,0,2,0,128,0,1,Attack
0.953901,tcp,unknown,84920,0,OTH,0,108,106,90752,6360,0,Normal
0.980512,tcp,unknown,81060,0,OTH,0,100,100,86460,6000,0,Normal
0.090366,udp,unknown,582,0,OTH,0,4,0,750,0,0,Normal
0.970837,tcp,unknown,72270,0,OTH,0,94,94,77346,5640,0,Normal
0.245412,tcp,unknown,40436,1320,S1,0,46,50,42948,4288,0,Normal
1.893902,udp,dns,0,0,OTH,0,10,0,280,0,1,Attack
0.0,tcp,ssl,0,0,S1,0,2,0,120,0,1,Attack
1e-06,udp,unknown,274,0,OTH,0,2,0,358,0,0,Normal
0.25316,udp,unknown,324,0,OTH,0,4,0,492,0,0,Normal
3.426985,tcp,http,96,0,S1,0,16,0,640,0,1,Attack
0.964984,tcp,unknown,86112,0,OTH,0,102,102,91620,6120,0,Normal
0.408811,tcp,unknown,67364,0,RSTO,0,62,54,70724,3240,0,Normal
1.912158,udp,dns,0,0,OTH,0,10,0,280,0,1,Attack
0.0,udp,unknown,86,0,OTH,0,2,0,170,0,0,Normal
1.890401,udp,dns,0,0,OTH,0,10,0,280,0,1,Attack
1e-06,udp,unknown,162,0,OTH,0,2,0,246,0,0,Normal
1e-06,udp,unknown,496,0,OTH,0,2,0,580,0,0,Normal
1.889461,udp,dns,0,0,OTH,0,10,0,280,0,1,Attack
0.967789,tcp,unknown,98738,0,OTH,0,118,118,105110,7080,0,Normal
1e-06,udp,unknown,496,0,OTH,0,2,0,580,0,0,Normal
0.958574,tcp,unknown,111048,0,OTH,0,118,118,117420,7080,0,Normal
0.947324,tcp,unknown,107876,0,OTH,0,118,116,114248,6960,0,Normal
1e-06,tcp,ssl,0,0,S1,0,2,0,120,0,1,Attack
1e-06,udp,unknown,496,0,OTH,0,2,0,580,0,0,Normal
1e-06,tcp,ssl,0,0,S1,0,2,0,120,0,1,Attack
0.0,tcp,dns,0,0,S1,0,2,0,128,0,1,Attack
0.0,udp,unknown,496,0,OTH,0,2,0,580,0,0,Normal
0.969043,tcp,unknown,109176,0,OTH,0,122,116,115764,6960,0,Normal
0.0,other,unknown,0,0,OTH,0,1,0,60,0,0,Normal
0.973585,tcp,unknown,52174,0,OTH,0,74,74,56170,4440,0,Normal
0.970442,tcp,unknown,77892,0,OTH,0,94,94,82968,5640,0,Normal
2.924341,tcp,http,84,0,S1,0,14,0,560,0,1,Attack
2.920471,tcp,http,84,0,S1,0,14,0,560,0,1,Attack
0.982041,tcp,unknown,46332,0,OTH,0,64,64,49788,3840,0,Normal
0.0,udp,unknown,162,0,OTH,0,2,0,246,0,0,Normal
0.143864,tcp,unknown,1888,1320,S1,0,12,16,2564,2248,0,Normal
3.42551,tcp,http,96,0,S1,0,16,0,640,0,1,Attack
0.964648,tcp,unknown,74488,0,OTH,0,92,92,79456,5520,0,Normal
0.971071,tcp,unknown,97516,0,OTH,0,110,110,103456,6600,0,Normal
0.963828,tcp,unknown,76154,0,OTH,0,102,102,81662,6120,0,Normal
2.919329,tcp,http,84,0,S1,0,14,0,560,0,1,Attack
0.0,other,unknown,0,0,OTH,0,1,0,60,0,0,Normal
0.969659,tcp,unknown,74418,0,OTH,0,96,96,79602,5760,0,Normal
1e-06,udp,unknown,162,0,OTH,0,2,0,246,0,0,Normal
2.935117,tcp,http,84,0,S1,0,14,0,560,0,1,Attack
0.0,tcp,dns,0,0,S1,0,2,0,128,0,1,Attack
0.0,tcp,dns,0,0,S1,0,2,0,128,0,1,Attack
0.967988,tcp,unknown,54196,0,OTH,0,74,74,58192,4440,0,Normal
0.984396,tcp,unknown,99824,0,OTH,0,112,112,105872,6720,0,Normal
0.980444,tcp,unknown,115318,0,OTH,0,122,114,121906,6840,0,Normal
38.037403,tcp,dns,0,0,S1,0,4,0,256,0,1,Attack
1e-06,udp,dhcp,1480,0,OTH,0,2,0,1564,0,0,Normal
0.0,other,unknown,0,0,OTH,0,1,0,60,0,0,Normal
4.1e-05,tcp,ssl,0,0,S1,0,2,0,120,0,1,Attack
2.906841,tcp,http,84,0,S1,0,14,0,560,0,1,Attack
0.968229,tcp,unknown,76178,0,OTH,0,98,98,81470,5880,0,Normal
0.969984,tcp,unknown,73828,0,OTH,0,92,92,78796,5520,0,Normal
0.12534,other,unknown,0,0,OTH,0,2,0,120,0,0,Normal
1.91486,udp,dns,0,0,OTH,0,10,0,280,0,1,Attack
0.0,tcp,dns,0,0,S1,0,2,0,128,0,1,Attack
0.955901,tcp,unknown,106786,0,OTH,0,122,122,113374,7320,0,Normal
3.429607,tcp,http,96,0,S1,0,16,0,640,0,1,Attack
0.0,other,unknown,0,0,OTH,0,1,0,60,0,0,Normal
0.0,other,unknown,0,0,OTH,0,1,0,60,0,0,Normal
2.913413,tcp,http,84,0,S1,0,14,0,560,0,1,Attack
0.0,tcp,ssl,0,0,S1,0,2,0,120,0,1,Attack
0.228832,other,unknown,0,0,OTH,0,2,0,120,0,0,Normal
0.98895,tcp,unknown,90370,0,OTH,0,98,98,95662,5880,0,Normal
72.051629,tcp,dns,0,0,S1,0,6,0,384,0,1,Attack
1.891386,udp,dns,0,0,OTH,0,10,0,280,0,1,Attack
0.0,other,unknown,0,0,OTH,0,1,0,60,0,0,Normal
0.963261,tcp,unknown,82992,0,OTH,0,92,92,87960,5520,0,Normal
1.91226,udp,dns,0,0,OTH,0,10,0,280,0,1,Attack
0.959682,tcp,unknown,75028,0,OTH,0,90,90,79888,5400,0,Normal
1.915655,udp,dns,0,0,OTH,0,10,0,280,0,1,Attack
1.902929,udp,dns,0,0,OTH,0,10,0,280,0,1,Attack
0.251501,udp,unknown,324,0,OTH,0,4,0,492,0,0,Normal
2.943207,tcp,http,84,0,S1,0,14,0,560,0,1,Attack
0.0,udp,unknown,496,0,OTH,0,2,0,580,0,0,Normal
0.0,tcp,dns,0,0,S1,0,2,0,128,0,1,Attack
0.976712,tcp,unknown,93110,0,OTH,0,108,100,98942,6000,0,Normal
0.976115,tcp,unknown,85498,0,OTH,0,98,98,90790,5880,0,Normal
2.945124,tcp,http,84,0,S1,0,14,0,560,0,1,Attack
0.0,tcp,dns,0,0,S1,0,2,0,128,0,1,Attack
0.994613,tcp,unknown,79606,0,OTH,0,96,96,84790,5760,0,Normal
2.94497,tcp,http,84,0,S1,0,14,0,560,0,1,Attack
0.986398,tcp,unknown,80140,0,OTH,0,94,94,85216,5640,0,Normal
0.0,tcp,ssl,0,0,S1,0,2,0,120,0,1,Attack
0.0,tcp,dns,0,0,S1,0,2,0,128,0,1,Attack
2.939909,tcp,http,84,0,S1,0,14,0,560,0,1,Attack
0.251157,udp,unknown,324,0,OTH,0,4,0,492,0,0,Normal
0.378933,other,unknown,0,0,OTH,0,2,0,120,0,0,Normal
0.980229,tcp,unknown,64646,0,OTH,0,82,82,69074,4920,0,Normal
0.963616,tcp,unknown,79968,0,OTH,0,100,100,85368,6000,0,Normal
0.0,tcp,ssl,0,0,S1,0,2,0,120,0,1,Attack
2.923837,tcp,http,84,0,S1,0,14,0,560,0,1,Attack
0.0,tcp,dns,0,0,S1,0,2,0,128,0,1,Attack
3.6e-05,udp,unknown,52,0,OTH,0,4,0,164,0,1,Attack
0.954516,tcp,unknown,85566,0,OTH,0,100,100,90966,6000,0,Normal
2.948055,tcp,http,84,0,S1,0,14,0,560,0,1,Attack
0.961168,tcp,unknown,91272,0,OTH,0,106,106,96996,6360,0,Normal
0.992248,tcp,unknown,79596,0,OTH,0,102,104,85104,6240,0,Normal
0.758867,udp,unknown,982,0,OTH,0,8,0,1318,0,0,Normal
0.943471,tcp,unknown,72296,0,OTH,0,92,92,77264,5520,0,Normal
0.97793,tcp,unknown,76026,0,OTH,0,96,96,81210,5760,0,Normal
0.0,tcp,dns,0,0,S1,0,2,0,128,0,1,Attack
1e-06,udp,unknown,496,0,OTH,0,2,0,580,0,0,Normal
1.915327,udp,dns,0,0,OTH,0,10,0,280,0,1,Attack
0.503922,udp,unknown,820,0,OTH,0,6,0,1072,0,0,Normal
0.0,other,unknown,0,0,OTH,0,1,0,60,0,0,Normal
1e-06,udp,dhcp,1480,0,OTH,0,2,0,1564,0,0,Normal
0.242505,udp,unknown,658,0,OTH,0,4,0,826,0,0,Normal
1e-06,udp,unknown,496,0,OTH,0,2,0,580,0,0,Normal
1.895059,udp,dns,0,0,OTH,0,10,0,280,0,1,Attack
0.252956,udp,unknown,658,0,OTH,0,4,0,826,0,0,Normal
1e-06,tcp,dns,0,0,S1,0,2,0,128,0,1,Attack
0.007277,tcp,unknown,4,12,RSTR,0,2,2,88,80,1,Attack
0.534431,tcp,unknown,58106,0,RSTO,0,56,54,61142,3240,0,Normal
0.958685,tcp,unknown,43356,0,OTH,0,70,70,47136,4200,0,Normal
0.0,udp,unknown,496,0,OTH,0,2,0,580,0,0,Normal
0.0,tcp,ssl,0,0,S1,0,2,0,120,0,1,Attack
1e-06,tcp,ssl,0,0,S1,0,2,0,120,0,1,Attack
0.941411,tcp,unknown,44120,0,OTH,0,60,60,47360,3600,0,Normal
0.802479,tcp,unknown,98180,1320,S1,0,104,80,103812,6088,0,Normal
1.911029,udp,dns,0,0,OTH,0,10,0,280,0,1,Attack
2.911507,tcp,http,84,0,S1,0,14,0,560,0,1,Attack
0.051538,tcp,unknown,4,12,RSTR,0,2,2,88,80,1,Attack
0.0,other,unknown,0,0,OTH,0,1,0,60,0,0,Normal
0.0,tcp,dns,0,0,S1,0,2,0,128,0,1,Attack
0.96496,tcp,unknown,74690,0,OTH,0,94,94,79766,5640,0,Normal
0.0,tcp,dns,0,0,S1,0,2,0,128,0,1,Attack
1.902957,udp,dns,0,0,OTH,0,10,0,280,0,1,Attack
0.0,other,unknown,0,0,OTH,0,1,0,60,0,0,Normal
0.0,udp,unknown,496,0,OTH,0,2,0,580,0,0,Normal
3.423891,tcp,http,96,0,S1,0,16,0,640,0,1,Attack
1e-06,udp,unknown,496,0,OTH,0,2,0,580,0,0,Normal
0.0,other,unknown,0,0,OTH,0,1,0,60,0,0,Normal
0.55137,other,unknown,0,0,OTH,0,2,0,120,0,0,Normal
0.959993,tcp,unknown,99294,0,OTH,0,106,106,105018,6360,0,Normal
1.907468,udp,dns,0,0,OTH,0,10,0,280,0,1,Attack
1.900037,udp,dns,0,0,OTH,0,10,0,280,0,1,Attack
1.905028,udp,dns,0,0,OTH,0,10,0,280,0,1,Attack
274.98782,tcp,dns,0,0,S1,0,4,0,256,0,1,Attack
1e-06,tcp,dns,0,0,S1,0,2,0,128,0,1,Attack
1e-06,udp,dhcp,1480,0,OTH,0,2,0,1564,0,0,Normal
0.987946,tcp,unknown,76842,0,OTH,0,94,94,81918,5640,0,Normal
2.906876,tcp,http,84,0,S1,0,14,0,560,0,1,Attack
0.0,tcp,ssl,0,0,S1,0,2,0,120,0,1,Attack
2.916304,tcp,http,84,0,S1,0,14,0,560,0,1,Attack
1.914484,udp,dns,0,0,OTH,0,10,0,280,0,1,Attack
0.048305,tcp,unknown,4,12,RSTR,0,2,2,88,80,1,Attack
2.945098,tcp,http,84,0,S1,0,14,0,560,0,1,Attack
1.933325,udp,dns,0,0,OTH,0,10,0,280,0,1,Attack
0.0,other,unknown,0,0,OTH,0,1,0,60,0,0,Normal
0.944456,tcp,unknown,89672,0,OTH,0,102,100,95180,6000,0,Normal
2.920512,tcp,http,84,0,S1,0,14,0,560,0,1,Attack
0.957323,tcp,unknown,74610,0,OTH,0,96,92,79794,5520,0,Normal
0.0,tcp,dns,0,0,S1,0,2,0,128,0,1,Attack
1e-06,udp,unknown,496,0,OTH,0,2,0,580,0,0,Normal
3.431398,tcp,http,96,0,S1,0,16,0,640,0,1,Attack
1.889544,udp,dns,0,0,OTH,0,10,0,280,0,1,Attack
0.93866,tcp,unknown,105488,0,OTH,0,114,114,111644,6840,0,Normal
0.965456,tcp,unknown,105808,0,OTH,0,118,116,112180,6960,0,Normal
0.0,tcp,ssl,0,0,S1,0,2,0,120,0,1,Attack
1.890566,udp,dns,0,0,OTH,0,10,0,280,0,1,Attack
0.0,udp,unknown,496,0,OTH,0,2,0,580,0,0,Normal
1.903579,udp,dns,0,0,OTH,0,10,0,280,0,1,Attack
2e-06,udp,unknown,496,0,OTH,0,2,0,580,0,0,Normal
1e-06,udp,unknown,496,0,OTH,0,2,0,580,0,0,Normal
0.0,tcp,dns,0,0,S1,0,2,0,128,0,1,Attack
1.91458,udp,dns,0,0,OTH,0,10,0,280,0,1,Attack
0.941722,tcp,unknown,81272,0,OTH,0,92,92,86240,5520,0,Normal
1e-06,udp,unknown,496,0,OTH,0,2,0,580,0,0,Normal
0.0,other,unknown,0,0,OTH,0,1,0,60,0,0,Normal
2.926427,tcp,http,84,0,S1,0,14,0,560,0,1,Attack
1e-06,tcp,ssl,0,0,S1,0,2,0,120,0,1,Attack
2.90701,tcp,http,84,0,S1,0,14,0,560,0,1,Attack
1e-06,udp,unknown,496,0,OTH,0,2,0,580,0,0,Normal
62.4266,tcp,dns,0,0,S1,0,4,0,256,0,1,Attack
1e-06,udp,unknown,496,0,OTH,0,2,0,580,0,0,Normal
1e-06,udp,unknown,274,0,OTH,0,2,0,358,0,0,Normal
2.944731,tcp,http,84,0,S1,0,14,0,560,0,1,Attack
0.005929,tcp,unknown,4,12,RSTR,0,2,2,88,80,1,Attack
0.0,tcp,dns,0,0,S1,0,2,0,128,0,1,Attack
0.0,udp,unknown,162,0,OTH,0,2,0,246,0,0,Normal
0.0,tcp,ssl,0,0,S1,0,2,0,120,0,1,Attack
2.929273,tcp,http,84,0,S1,0,14,0,560,0,1,Attack
2.930158,tcp,http,84,0,S1,0,14,0,560,0,1,Attack
1e-06,tcp,ssl,0,0,S1,0,2,0,120,0,1,Attack
0.0,tcp,ssl,0,0,S1,0,2,0,120,0,1,Attack
0.042391,other,unknown,0,0,OTH,0,2,0,120,0,0,Normal
0.0,tcp,dns,0,0,S1,0,2,0,128,0,1,Attack
239.915152,tcp,dns,0,0,S1,0,4,0,256,0,1,Attack
3.424715,tcp,http,90,0,S1,0,15,0,600,0,1,Attack
1e-06,tcp,ssl,0,0,S1,0,2,0,120,0,1,Attack
0.489861,other,unknown,0,0,OTH,0,2,0,120,0,0,Normal
0.0,tcp,ssl,0,0,S1,0,2,0,120,0,1,Attack
1.921439,udp,dns,0,0,OTH,0,10,0,280,0,1,Attack
0.0,udp,unknown,496,0,OTH,0,2,0,580,0,0,Normal
1.913614,udp,dns,0,0,OTH,0,10,0,280,0,1,Attack
0.0,other,unknown,0,0,OTH,0,1,0,60,0,0,Normal
1.902618,udp,dns,0,0,OTH,0,10,0,280,0,1,Attack
1.905146,udp,dns,0,0,OTH,0,10,0,280,0,1,Attack
2.944411,tcp,http,84,0,S1,0,14,0,560,0,1,Attack
1e-06,udp,unknown,496,0,OTH,0,2,0,580,0,0,Normal
44.057353,tcp,dns,0,0,S1,0,4,0,256,0,1,Attack
0.0,other,unknown,0,0,OTH,0,1,0,60,0,0,Normal
0.0,other,unknown,0,0,OTH,0,1,0,60,0,0,Normal
0.972031,tcp,unknown,62430,0,OTH,0,78,78,66642,4680,0,Normal
1e-06,udp,unknown,496,0,OTH,0,2,0,580,0,0,Normal
1.892424,udp,dns,0,0,OTH,0,10,0,280,0,1,Attack
0.500676,udp,unknown,486,0,OTH,0,6,0,738,0,0,Normal
0.954297,tcp,unknown,85744,0,OTH,0,96,94,90928,5640,0,Normal
0.98839,tcp,unknown,95464,0,OTH,0,108,106,101296,6360,0,Normal
0.0,tcp,dns,0,0,S1,0,2,0,128,0,1,Attack
2.936988,tcp,http,84,0,S1,0,14,0,560,0,1,Attack
0.094862,other,unknown,0,0,OTH,0,2,0,120,0,0,Normal
0.0,tcp,ssl,0,0,S1,0,2,0,120,0,1,Attack
2.925827,tcp,http,84,0,S1,0,14,0,560,0,1,Attack
1e-06,udp,unknown,496,0,OTH,0,2,0,580,0,0,Normal
2.931247,tcp,http,84,0,S1,0,14,0,560,0,1,Attack
1e-06,udp,unknown,496,0,OTH,0,2,0,580,0,0,Normal
0.0,tcp,ssl,0,0,S1,0,2,0,120,0,1,Attack
0.0,udp,unknown,496,0,OTH,0,2,0,580,0,0,Normal
1.914429,udp,dns,0,0,OTH,0,10,0,280,0,1,Attack
1e-06,tcp,dns,0,0,S1,0,2,0,128,0,1,Attack
1.895417,udp,dns,0,0,OTH,0,10,0,280,0,1,Attack
0.0,other,unknown,0,0,OTH,0,1,0,60,0,0,Normal
0.052164,tcp,unknown,4,12,RSTR,0,2,2,88,80,1,Attack
0.0,other,unknown,0,0,OTH,0,1,0,60,0,0,Normal
1e-06,tcp,ssl,0,0,S1,0,2,0,120,0,1,Attack
1.889833,udp,dns,0,0,OTH,0,10,0,280,0,1,Attack
0.0,tcp,dns,0,0,S1,0,2,0,128,0,1,Attack
0.989226,tcp,unknown,79690,0,OTH,0,108,108,85522,6480,0,Normal
0.0,tcp,dns,0,0,S1,0,2,0,128,0,1,Attack
1.913964,udp,dns,0,0,OTH,0,10,0,280,0,1,Attack
1.908405,udp,dns,0,0,OTH,0,10,0,280,0,1,Attack
0.978772,tcp,unknown,113226,0,OTH,0,118,118,119598,7080,0,Normal
1e-06,tcp,ssl,0,0,S1,0,2,0,120,0,1,Attack
0.978769,tcp,unknown,92340,0,OTH,0,108,106,98172,6360,0,Normal
0.004045,tcp,http,0,12,RSTR,0,2,2,120,80,1,Attack
0.966498,tcp,unknown,73970,0,OTH,0,92,92,78938,5520,0,Normal
0.0,tcp,dns,0,0,S1,0,2,0,128,0,1,Attack
0.003313,tcp,http,0,12,RSTR,0,2,2,120,80,1,Attack
1e-06,udp,unknown,496,0,OTH,0,2,0,580,0,0,Normal
0.977405,tcp,unknown,107274,0,OTH,0,118,120,113646,7200,0,Normal
2.940786,tcp,http,84,0,S1,0,14,0,560,0,1,Attack
1e-06,tcp,ssl,0,0,S1,0,2,0,120,0,1,Attack
0.999096,tcp,unknown,101892,0,OTH,0,108,110,107724,6600,0,Normal
1.889939,udp,dns,0,0,OTH,0,10,0,280,0,1,Attack
1e-06,udp,unknown,496,0,OTH,0,2,0,580,0,0,Normal
0.0,other,unknown,0,0,OTH,0,1,0,60,0,0,Normal
0.985837,tcp,unknown,101536,0,OTH,0,114,114,107692,6840,0,Normal
2.910589,tcp,http,84,0,S1,0,14,0,560,0,1,Attack
2.944541,tcp,http,84,0,S1,0,14,0,560,0,1,Attack
0.0,udp,unknown,274,0,OTH,0,2,0,358,0,0,Normal
3.42449,tcp,http,96,0,S1,0,16,0,640,0,1,Attack
0.305558,other,unknown,0,0,OTH,0,2,0,120,0,0,Normal
0.0,tcp,ssl,0,0,S1,0,2,0,120,0,1,Attack
0.055069,tcp,unknown,4,12,RSTR,0,2,2,88,80,1,Attack
1e-06,tcp,ssl,0,0,S1,0,2,0,120,0,1,Attack
1e-06,tcp,ssl,0,0,S1,0,2,0,120,0,1,Attack
0.0,tcp,dns,0,0,S1,0,2,0,128,0,1,Attack
0.0,tcp,dns,0,0,S1,0,2,0,128,0,1,Attack
0.0,other,unknown,0,0,OTH,0,1,0,60,0,0,Normal
1.928776,udp,dns,0,0,OTH,0,9,0,252,0,1,Attack
0.963055,tcp,unknown,75570,0,OTH,0,98,98,80862,5880,0,Normal
0.980052,tcp,unknown,95344,0,OTH,0,114,110,101500,6600,0,Normal
2.946944,tcp,http,84,0,S1,0,14,0,560,0,1,Attack
0.972605,tcp,unknown,110388,0,OTH,0,118,118,116760,7080,0,Normal
1.906821,udp,dns,0,0,OTH,0,10,0,280,0,1,Attack
0.99268,tcp,unknown,74382,0,OTH,0,92,92,79350,5520,0,Normal
1.922084,udp,dns,0,0,OTH,0,10,0,280,0,1,Attack
1.889259,udp,dns,0,0,OTH,0,10,0,280,0,1,Attack
1.925065,udp,dns,0,0,OTH,0,10,0,280,0,1,Attack
0.966037,tcp,unknown,98190,0,OTH,0,120,120,104670,7200,0,Normal
0.940648,tcp,unknown,91752,0,OTH,0,94,94,96828,5640,0,Normal
1e-06,udp,unknown,496,0,OTH,0,2,0,580,0,0,Normal
3.423617,tcp,http,96,0,S1,0,16,0,640,0,1,Attack
0.0,tcp,dns,0,0,S1,0,2,0,128,0,1,Attack
0.992192,tcp,unknown,110136,0,OTH,0,124,124,116832,7440,0,Normal
0.997611,tcp,unknown,112186,0,OTH,0,124,120,118882,7200,0,Normal
0.0,tcp,dns,0,0,S1,0,2,0,128,0,1,Attack
0.0,tcp,dns,0,0,S1,0,2,0,128,0,1,Attack
2.931757,tcp,http,84,0,S1,0,14,0,560,0,1,Attack
0.973442,tcp,unknown,83612,0,OTH,0,106,104,89336,6240,0,Normal
0.0,other,unknown,0,0,OTH,0,1,0,60,0,0,Normal
0.969772,tcp,unknown,114030,0,OTH,0,132,132,121158,7920,0,Normal
0.0,other,unknown,0,0,OTH,0,1,0,60,0,0,Normal
0.0,tcp,ssl,0,0,S1,0,2,0,120,0,1,Attack
1e-06,udp,unknown,496,0,OTH,0,2,0,580,0,0,Normal
1e-06,tcp,dns,0,0,S1,0,2,0,128,0,1,Attack
0.79644,other,unknown,0,0,OTH,0,2,0,120,0,0,Normal
1e-06,udp,unknown,496,0,OTH,0,2,0,580,0,0,Normal
0.946404,tcp,unknown,78322,0,OTH,0,98,98,83614,5880,0,Normal
0.961052,tcp,unknown,75028,0,OTH,0,96,96,80212,5760,0,Normal
2.945498,tcp,http,84,0,S1,0,14,0,560,0,1,Attack
0.966885,tcp,unknown,106428,0,OTH,0,112,112,112476,6720,0,Normal
3.427224,tcp,http,96,0,S1,0,16,0,640,0,1,Attack
0.447543,tcp,unknown,66044,1320,S1,0,68,54,69744,4528,0,Normal
2.907708,tcp,http,84,0,S1,0,14,0,560,0,1,Attack
0.272575,udp,unknown,658,0,OTH,0,4,0,826,0,0,Normal
2.937702,tcp,http,84,0,S1,0,14,0,560,0,1,Attack
0.0,tcp,dns,0,0,S1,0,2,0,128,0,1,Attack
1e-06,udp,unknown,496,0,OTH,0,2,0,580,0,0,Normal
0.916983,tcp,unknown,79798,0,OTH,0,100,100,85198,6000,0,Normal
1e-06,tcp,dns,0,0,S1,0,2,0,128,0,1,Attack
1.929639,udp,dns,0,0,OTH,0,10,0,280,0,1,Attack
1.922672,udp,dns,0,0,OTH,0,10,0,280,0,1,Attack
1e-06,tcp,ssl,0,0,S1,0,2,0,120,0,1,Attack
0.789462,tcp,unknown,37140,0,RSTO,0,64,62,40608,3720,0,Normal
1.418742,udp,dns,0,0,OTH,0,8,0,224,0,1,Attack
0.983727,tcp,unknown,119982,0,OTH,0,130,128,127002,7680,0,Normal
0.992698,tcp,unknown,96504,0,OTH,0,116,114,102768,6840,0,Normal
0.446114,other,unknown,0,0,OTH,0,3,0,180,0,0,Normal
0.962279,tcp,unknown,112040,0,OTH,0,128,128,118952,7680,0,Normal
1e-06,tcp,dns,0,0,S1,0,2,0,128,0,1,Attack
1.905625,udp,dns,0,0,OTH,0,10,0,280,0,1,Attack
0.998986,tcp,unknown,92824,0,OTH,0,116,114,99088,6840,0,Normal
1e-06,udp,unknown,274,0,OTH,0,2,0,358,0,0,Normal
0.95375,tcp,unknown,113556,0,OTH,0,122,122,120144,7320,0,Normal
3.42939,tcp,http,96,0,S1,0,16,0,640,0,1,Attack
0.250895,udp,unknown,324,0,OTH,0,4,0,492,0,0,Normal
0.044013,tcp,unknown,4,12,RSTR,0,2,2,88,80,1,Attack
0.0,tcp,dns,0,0,S1,0,2,0,128,0,1,Attack
2.944681,tcp,http,84,0,S1,0,14,0,560,0,1,Attack
1.914638,udp,dns,0,0,OTH,0,10,0,280,0,1,Attack
0.504357,udp,unknown,820,0,OTH,0,6,0,1072,0,0,Normal
2.915622,tcp,http,84,0,S1,0,14,0,560,0,1,Attack
153.933174,tcp,dns,0,0,S1,0,6,0,384,0,1,Attack
0.963651,tcp,unknown,96926,0,OTH,0,110,108,102866,6480,0,Normal
3.427431,tcp,http,96,0,S1,0,16,0,640,0,1,Attack
0.779724,other,unknown,0,0,OTH,0,2,0,120,0,0,Normal
1e-06,udp,unknown,496,0,OTH,0,2,0,580,0,0,Normal
2.939858,tcp,http,84,0,S1,0,14,0,560,0,1,Attack
0.968448,tcp,unknown,87096,0,OTH,0,110,110,93036,6600,0,Normal
3.425443,tcp,http,96,0,S1,0,16,0,640,0,1,Attack
0.608302,other,unknown,0,0,OTH,0,2,0,120,0,0,Normal
1.889648,udp,dns,0,0,OTH,0,10,0,280,0,1,Attack
0.771739,udp,unknown,982,0,OTH,0,8,0,1318,0,0,Normal
1e-06,udp,unknown,496,0,OTH,0,2,0,580,0,0,Normal
0.964287,tcp,unknown,89198,0,OTH,0,114,114,95354,6840,0,Normal
0.963058,tcp,unknown,77040,0,OTH,0,96,96,82224,5760,0,Normal
1e-06,udp,unknown,496,0,OTH,0,2,0,580,0,0,Normal
0.970014,tcp,unknown,125318,0,OTH,0,138,138,132770,8280,0,Normal
0.0,tcp,ssl,0,0,S1,0,2,0,120,0,1,Attack
1.929042,udp,dns,0,0,OTH,0,10,0,280,0,1,Attack
0.0,tcp,dns,0,0,S1,0,2,0,128,0,1,Attack
0.99723,tcp,unknown,83976,0,OTH,0,98,98,89268,5880,0,Normal
0.0,udp,unknown,496,0,OTH,0,2,0,580,0,0,Normal
337.038363,tcp,dns,0,0,S1,0,6,0,384,0,1,Attack
0.006786,tcp,unknown,0,188,S1,0,2,6,124,564,0,Normal
2.93996,tcp,http,84,0,S1,0,14,0,560,0,1,Attack
0.011212,tcp,http,0,12,RSTR,0,2,2,120,80,1,Attack
0.960797,tcp,unknown,74898,0,OTH,0,92,92,79866,5520,0,Normal
0.356092,other,unknown,0,0,OTH,0,2,0,120,0,0,Normal
1.414832,udp,dns,0,0,OTH,0,8,0,224,0,1,Attack
0.0,tcp,ssl,0,0,S1,0,2,0,120,0,1,Attack
0.978328,tcp,unknown,51818,0,OTH,0,80,80,56138,4800,0,Normal
0.948971,tcp,unknown,77002,0,OTH,0,92,92,81970,5520,0,Normal
0.071792,other,unknown,0,0,OTH,0,2,0,120,0,0,Normal
0.696078,udp,unknown,1154,0,OTH,0,6,0,1406,0,0,Normal
0.0,tcp,dns,0,0,S1,0,2,0,128,0,1,Attack
1.928483,udp,dns,0,0,OTH,0,10,0,280,0,1,Attack
1e-06,tcp,dns,0,0,S1,0,2,0,128,0,1,Attack
1.913892,udp,dns,0,0,OTH,0,10,0,280,0,1,Attack
3.427546,tcp,http,96,0,S1,0,16,0,640,0,1,Attack
0.0,tcp,dns,0,0,S1,0,2,0,128,0,1,Attack
0.036743,other,unknown,0,0,OTH,0,2,0,120,0,0,Normal
1e-06,udp,unknown,496,0,OTH,0,2,0,580,0,0,Normal
0.0,tcp,ssl,0,0,S1,0,2,0,120,0,1,Attack
11.995552,tcp,dns,0,0,S1,0,4,0,256,0,1,Attack
87.618859,tcp,dns,0,0,S1,0,4,0,256,0,1,Attack
1e-06,udp,unknown,496,0,OTH,0,2,0,580,0,0,Normal
3.426005,tcp,http,96,0,S1,0,16,0,640,0,1,Attack
1e-06,tcp,ssl,0,0,S1,0,2,0,120,0,1,Attack
1.912172,udp,dns,0,0,OTH,0,10,0,280,0,1,Attack
1.902016,udp,dns,0,0,OTH,0,10,0,280,0,1,Attack
0.017304,tcp,unknown,4,12,RSTR,0,2,2,88,80,1,Attack
0.965149,tcp,unknown,97872,0,OTH,0,108,108,103704,6480,0,Normal
2.938806,tcp,http,84,0,S1,0,14,0,560,0,1,Attack
0.046284,tcp,unknown,4,12,RSTR,0,2,2,88,80,1,Attack
0.95153,tcp,unknown,55098,0,OTH,0,72,72,58986,4320,0,Normal
0.0,tcp,dns,0,0,S1,0,2,0,128,0,1,Attack
0.375692,tcp,unknown,21750,0,RSTO,0,28,26,23274,1560,0,Normal
0.975643,tcp,unknown,119348,0,OTH,0,126,122,126152,7320,0,Normal
0.0,other,unknown,0,0,OTH,0,1,0,60,0,0,Normal
2.929805,tcp,http,84,0,S1,0,14,0,560,0,1,Attack
2.913689,tcp,http,84,0,S1,0,14,0,560,0,1,Attack
0.966774,tcp,unknown,76902,0,OTH,0,88,88,81654,5280,0,Normal
1.416842,udp,dns,0,0,OTH,0,8,0,224,0,1,Attack
0.344343,tcp,unknown,168568,1320,S1,0,134,70,175832,5488,0,Normal
0.0,udp,dhcp,1480,0,OTH,0,2,0,1564,0,0,Normal
0.0,other,unknown,0,0,OTH,0,1,0,60,0,0,Normal
0.973876,tcp,unknown,58680,0,OTH,0,74,74,62676,4440,0,Normal
0.613141,other,unknown,0,0,OTH,0,2,0,120,0,0,Normal
0.970141,tcp,unknown,106516,0,OTH,0,114,110,112672,6600,0,Normal
2.938976,tcp,http,84,0,S1,0,14,0,560,0,1,Attack
3.426925,tcp,http,96,0,S1,0,16,0,640,0,1,Attack
1.914216,udp,dns,0,0,OTH,0,10,0,280,0,1,Attack
230.930892,tcp,dns,0,0,S1,0,6,0,384,0,1,Attack
0.966759,tcp,unknown,59958,0,OTH,0,78,78,64170,4680,0,Normal
0.0,tcp,dns,0,0,S1,0,2,0,128,0,1,Attack
3.423594,tcp,http,96,0,S1,0,16,0,640,0,1,Attack
1.913594,udp,dns,0,0,OTH,0,10,0,280,0,1,Attack
0.05154,udp,unknown,582,0,OTH,0,4,0,750,0,0,Normal
0.0,tcp,dns,0,0,S1,0,2,0,128,0,1,Attack
0.0,tcp,dns,0,0,S1,0,2,0,128,0,1,Attack
0.97649,tcp,unknown,100148,0,OTH,0,118,118,106520,7080,0,Normal
1.894161,udp,dns,0,0,OTH,0,10,0,280,0,1,Attack
2.93534,tcp,http,84,0,S1,0,14,0,560,0,1,Attack
0.976595,tcp,unknown,102402,0,OTH,0,120,118,108882,7080,0,Normal
0.976251,tcp,unknown,29000,0,OTH,0,70,70,32780,4200,0,Normal
1.889302,udp,dns,0,0,OTH,0,10,0,280,0,1,Attack
0.950633,tcp,unknown,68778,0,OTH,0,92,92,73746,5520,0,Normal
0.724769,udp,unknown,982,0,OTH,0,8,0,1318,0,0,Normal
0.037731,tcp,unknown,4,12,RSTR,0,2,2,88,80,1,Attack
3.425776,tcp,http,96,0,S1,0,16,0,640,0,1,Attack
0.490194,udp,unknown,820,0,OTH,0,6,0,1072,0,0,Normal
1e-06,tcp,ssl,0,0,S1,0,2,0,120,0,1,Attack
196.962225,tcp,dns,0,0,S1,0,6,0,384,0,1,Attack
0.0,tcp,ssl,0,0,S1,0,2,0,120,0,1,Attack
1e-06,tcp,ssl,0,0,S1,0,2,0,120,0,1,Attack
0.959952,tcp,unknown,71850,0,OTH,0,92,92,76818,5520,0,Normal
0.251173,udp,unknown,658,0,OTH,0,4,0,826,0,0,Normal
1e-06,tcp,dns,0,0,S1,0,2,0,128,0,1,Attack
2.944566,tcp,http,84,0,S1,0,14,0,560,0,1,Attack
1e-06,tcp,dns,0,0,S1,0,2,0,128,0,1,Attack
0.0,other,unknown,0,0,OTH,0,1,0,60,0,0,Normal
0.0,tcp,ssl,0,0,S1,0,2,0,120,0,1,Attack
0.979281,tcp,unknown,78392,228,OTH,0,98,99,83684,6156,0,Normal
0.983797,tcp,unknown,68032,0,OTH,0,84,84,72568,5040,0,Normal
2.928284,tcp,http,84,0,S1,0,14,0,560,0,1,Attack
158.989286,tcp,dns,0,0,S1,0,4,0,256,0,1,Attack
0.986161,tcp,unknown,68454,0,OTH,0,82,82,72888,4920,0,Normal
0.0,tcp,dns,0,0,S1,0,2,0,128,0,1,Attack
0.687308,tcp,unknown,87350,0,RSTO,0,94,86,92438,5160,0,Normal
1.921542,udp,dns,0,0,OTH,0,10,0,280,0,1,Attack
0.004442,tcp,http,0,12,RSTR,0,2,2,120,80,1,Attack
0.0,tcp,dns,0,0,S1,0,2,0,128,0,1,Attack
1e-06,tcp,ssl,0,0,S1,0,2,0,120,0,1,Attack
2.940332,tcp,http,84,0,S1,0,14,0,560,0,1,Attack
144.019245,tcp,dns,0,0,S1,0,4,0,256,0,1,Attack
1.921476,udp,dns,0,0,OTH,0,10,0,280,0,1,Attack
1.913963,udp,dns,0,0,OTH,0,10,0,280,0,1,Attack
1.919131,udp,dns,0,0,OTH,0,10,0,280,0,1,Attack
0.500308,udp,unknown,486,0,OTH,0,6,0,738,0,0,Normal
0.94901,tcp,unknown,75240,0,OTH,0,96,96,80424,5760,0,Normal
1e-06,udp,unknown,496,0,OTH,0,2,0,580,0,0,Normal
0.0,tcp,dns,0,0,S1,0,2,0,128,0,1,Attack
0.0,udp,unknown,274,0,OTH,0,2,0,358,0,0,Normal
1.897238,udp,dns,0,0,OTH,0,10,0,280,0,1,Attack
1.914756,udp,dns,0,0,OTH,0,10,0,280,0,1,Attack
0.504274,udp,unknown,820,0,OTH,0,6,0,1072,0,0,Normal
1e-06,udp,unknown,496,0,OTH,0,2,0,580,0,0,Normal
2.91259,tcp,http,84,0,S1,0,14,0,560,0,1,Attack
1.901332,udp,dns,0,0,OTH,0,10,0,280,0,1,Attack
2.910836,tcp,http,84,0,S1,0,14,0,560,0,1,Attack
0.0,tcp,dns,0,0,S1,0,2,0,128,0,1,Attack
1.913722,udp,dns,0,0,OTH,0,10,0,280,0,1,Attack
2.939542,tcp,http,84,0,S1,0,14,0,560,0,1,Attack
0.969376,tcp,unknown,80830,0,OTH,0,102,100,86338,6000,0,Normal
3.426892,tcp,http,96,0,S1,0,16,0,640,0,1,Attack
1e-06,udp,unknown,496,0,OTH,0,2,0,580,0,0,Normal
1e-06,udp,unknown,496,0,OTH,0,2,0,580,0,0,Normal
23.84688,tcp,dns,0,0,S1,0,4,0,256,0,1,Attack
0.0,tcp,ssl,0,0,S1,0,2,0,120,0,1,Attack
0.970885,tcp,unknown,79476,0,OTH,0,102,102,84984,6120,0,Normal
2.924061,tcp,http,84,0,S1,0,14,0,560,0,1,Attack
1.414736,udp,dns,0,0,OTH,0,8,0,224,0,1,Attack
1e-06,tcp,dns,0,0,S1,0,2,0,128,0,1,Attack
0.934821,tcp,unknown,100526,0,OTH,0,116,114,106790,6840,0,Normal
1e-06,tcp,dns,0,0,S1,0,2,0,128,0,1,Attack
3.429042,tcp,http,96,0,S1,0,16,0,640,0,1,Attack
0.979678,tcp,unknown,73612,0,OTH,0,98,98,78904,5880,0,Normal
0.426886,other,unknown,0,0,OTH,0,2,0,120,0,0,Normal
0.965098,tcp,unknown,89014,0,OTH,0,104,104,94630,6240,0,Normal
1.418031,udp,dns,0,0,OTH,0,8,0,224,0,1,Attack
1.914187,udp,dns,0,0,OTH,0,10,0,280,0,1,Attack
0.052122,tcp,unknown,4,12,RSTR,0,2,2,88,80,1,Attack
0.0,tcp,ssl,0,0,S1,0,2,0,120,0,1,Attack
1.915669,udp,dns,0,0,OTH,0,10,0,280,0,1,Attack
1.8e-05,tcp,ssl,0,0,S1,0,2,0,120,0,1,Attack
0.991724,tcp,unknown,85844,0,OTH,0,112,112,91892,6720,0,Normal
3.425758,tcp,http,90,0,S1,0,15,0,600,0,1,Attack
0.962081,tcp,unknown,27906,0,OTH,0,70,70,31686,4200,0,Normal
1e-06,tcp,dns,0,0,S1,0,2,0,128,0,1,Attack
0.612302,other,unknown,0,0,OTH,0,2,0,120,0,0,Normal
0.0,tcp,dns,0,0,S1,0,2,0,128,0,1,Attack
1.922033,udp,dns,0,0,OTH,0,10,0,280,0,1,Attack
1e-06,udp,unknown,496,0,OTH,0,2,0,580,0,0,Normal
0.004147,tcp,unknown,1132,1062,SF,0,16,12,1980,1702,1,Attack
1e-06,udp,unknown,496,0,OTH,0,2,0,580,0,0,Normal
0.008542,tcp,unknown,4,12,RSTR,0,2,2,88,80,1,Attack
0.993285,tcp,unknown,109810,0,OTH,0,120,118,116290,7080,0,Normal
0.990889,tcp,unknown,77982,0,OTH,0,102,102,83490,6120,0,Normal
0.0,other,unknown,0,0,OTH,0,1,0,60,0,0,Normal
0.257322,udp,unknown,324,0,OTH,0,4,0,492,0,0,Normal
1e-06,udp,unknown,496,0,OTH,0,2,0,580,0,0,Normal
2.906887,tcp,http,84,0,S1,0,14,0,560,0,1,Attack
0.733407,other,unknown,0,0,OTH,0,2,0,120,0,0,Normal
2.940003,tcp,http,84,0,S1,0,14,0,560,0,1,Attack
0.994234,tcp,unknown,107928,0,OTH,0,118,116,114300,6960,0,Normal
0.0,tcp,ssl,0,0,S1,0,2,0,120,0,1,Attack
1e-06,udp,unknown,162,0,OTH,0,2,0,246,0,0,Normal
0.0,other,unknown,0,0,OTH,0,1,0,60,0,0,Normal
0.0,other,unknown,0,0,OTH,0,1,0,60,0,0,Normal
2.944728,tcp,http,84,0,S1,0,14,0,560,0,1,Attack
2.944586,tcp,http,84,0,S1,0,14,0,560,0,1,Attack
0.929174,tcp,unknown,53858,0,OTH,0,70,70,57638,4200,0,Normal
161.043136,tcp,dns,0,0,S1,0,4,0,256,0,1,Attack
1e-06,tcp,dns,0,0,S1,0,2,0,128,0,1,Attack
0.978071,tcp,unknown,83840,0,OTH,0,102,102,89348,6120,0,Normal
0.063285,udp,unknown,582,0,OTH,0,4,0,750,0,0,Normal
0.0,udp,unknown,274,0,OTH,0,2,0,358,0,0,Normal
0.965361,tcp,unknown,107716,0,OTH,0,120,120,114196,7200,0,Normal
0.00432,tcp,unknown,1132,1062,SF,0,16,12,1980,1702,1,Attack
0.004086,tcp,unknown,1762,930,SF,0,12,10,2402,1466,1,Attack
1e-06,udp,dhcp,1480,0,OTH,0,2,0,1564,0,0,Normal
2e-05,tcp,ssl,0,0,S1,0,2,0,120,0,1,Attack
0.0,tcp,ssl,0,0,S1,0,2,0,120,0,1,Attack
0.963208,tcp,unknown,78344,0,OTH,0,94,94,83420,5640,0,Normal
0.004256,tcp,unknown,246,6284,SF,0,18,14,1198,7028,1,Attack
0.0,tcp,ssl,0,0,S1,0,2,0,120,0,1,Attack
3.428138,tcp,http,96,0,S1,0,16,0,640,0,1,Attack
0.975458,tcp,unknown,73562,0,OTH,0,92,92,78530,5520,0,Normal
1e-06,tcp,dns,0,0,S1,0,2,0,128,0,1,Attack
0.0,tcp,dns,0,0,S1,0,2,0,128,0,1,Attack
0.959494,tcp,unknown,79382,0,OTH,0,100,100,84782,6000,0,Normal
0.0,tcp,dns,0,0,S1,0,2,0,128,0,1,Attack
1.891,udp,dns,0,0,OTH,0,10,0,280,0,1,Attack
1e-06,udp,unknown,496,0,OTH,0,2,0,580,0,0,Normal
0.980732,tcp,unknown,105010,0,OTH,0,120,120,111490,7200,0,Normal
3.429238,tcp,http,96,0,S1,0,16,0,640,0,1,Attack
1e-06,tcp,ssl,0,0,S1,0,2,0,120,0,1,Attack
1e-06,udp,dhcp,1480,0,OTH,0,2,0,1564,0,0,Normal
0.0,tcp,ssl,0,0,S1,0,2,0,120,0,1,Attack
3.425365,tcp,http,96,0,S1,0,16,0,640,0,1,Attack
0.965472,tcp,unknown,69620,0,OTH,0,88,88,74372,5280,0,Normal
0.984392,tcp,unknown,105576,0,OTH,0,118,112,111948,6720,0,Normal
0.971162,tcp,unknown,77296,0,OTH,0,98,98,82588,5880,0,Normal
1.924366,udp,dns,0,0,OTH,0,10,0,280,0,1,Attack
0.972169,tcp,unknown,78164,0,OTH,0,100,100,83564,6000,0,Normal
1e-06,udp,unknown,496,0,OTH,0,2,0,580,0,0,Normal
0.0,tcp,dns,0,0,S1,0,2,0,128,0,1,Attack
0.972702,tcp,unknown,115330,0,OTH,0,122,122,121918,7320,0,Normal
0.0,tcp,dns,0,0,S1,0,2,0,128,0,1,Attack
0.0,other,unknown,0,0,OTH,0,1,0,60,0,0,Normal
2.923796,tcp,http,84,0,S1,0,14,0,560,0,1,Attack
0.0,tcp,dns,0,0,S1,0,2,0,128,0,1,Attack
0.961893,tcp,unknown,74268,0,OTH,0,96,96,79452,5760,0,Normal
1e-06,udp,dhcp,1480,0,OTH,0,2,0,1564,0,0,Normal
0.883216,tcp,unknown,33736,0,RSTO,0,56,56,36760,3360,0,Normal
2.933589,tcp,http,84,0,S1,0,14,0,560,0,1,Attack
0.04068,tcp,unknown,4,12,RSTR,0,2,2,88,80,1,Attack
3.42458,tcp,http,96,0,S1,0,16,0,640,0,1,Attack
0.775977,udp,unknown,982,0,OTH,0,8,0,1318,0,0,Normal
0.0,udp,unknown,496,0,OTH,0,2,0,580,0,0,Normal
1.904662,udp,dns,0,0,OTH,0,10,0,280,0,1,Attack
0.004098,tcp,unknown,1132,1062,SF,0,16,12,1980,1702,1,Attack
0.962572,tcp,unknown,80890,0,OTH,0,106,106,86614,6360,0,Normal
0.0,tcp,dns,0,0,S1,0,2,0,128,0,1,Attack
1e-06,udp,unknown,162,0,OTH,0,2,0,246,0,0,Normal
1e-06,udp,unknown,274,0,OTH,0,2,0,358,0,0,Normal
0.0,tcp,dns,0,0,S1,0,2,0,128,0,1,Attack
0.976852,tcp,unknown,101868,0,OTH,0,112,112,107916,6720,0,Normal
0.487022,other,unknown,0,0,OTH,0,2,0,120,0,0,Normal
0.99835,tcp,unknown,131048,0,OTH,0,124,124,137744,7440,0,Normal
2.948054,tcp,http,84,0,S1,0,14,0,560,0,1,Attack
0.981242,tcp,unknown,66904,0,OTH,0,84,84,71440,5040,0,Normal
1.894793,udp,dns,0,0,OTH,0,10,0,280,0,1,Attack
0.664496,udp,unknown,486,0,OTH,0,6,0,738,0,0,Normal
0.0,tcp,dns,0,0,S1,0,2,0,128,0,1,Attack
1.920563,udp,dns,0,0,OTH,0,10,0,280,0,1,Attack
0.0,udp,unknown,496,0,OTH,0,2,0,580,0,0,Normal
0.758191,udp,unknown,982,0,OTH,0,8,0,1318,0,0,Normal
0.0,tcp,dns,0,0,S1,0,2,0,128,0,1,Attack
0.490004,udp,unknown,820,0,OTH,0,6,0,1072,0,0,Normal
0.0,tcp,ssl,0,0,S1,0,2,0,120,0,1,Attack
1e-06,udp,unknown,496,0,OTH,0,2,0,580,0,0,Normal
1.915811,udp,dns,0,0,OTH,0,10,0,280,0,1,Attack
0.941881,tcp,unknown,75682,0,OTH,0,92,92,80650,5520,0,Normal
2.91957,tcp,http,84,0,S1,0,14,0,560,0,1,Attack
0.250361,udp,unknown,324,0,OTH,0,4,0,492,0,0,Normal
0.0,tcp,dns,0,0,S1,0,2,0,128,0,1,Attack
0.0,other,unknown,0,0,OTH,0,1,0,60,0,0,Normal
2.932909,tcp,http,84,0,S1,0,14,0,560,0,1,Attack
0.0,other,unknown,0,0,OTH,0,1,0,60,0,0,Normal
1.904565,udp,dns,0,0,OTH,0,10,0,280,0,1,Attack
1e-06,udp,unknown,496,0,OTH,0,2,0,580,0,0,Normal
1.889764,udp,dns,0,0,OTH,0,10,0,280,0,1,Attack
0.0,tcp,ssl,0,0,S1,0,2,0,120,0,1,Attack
1.92536,udp,dns,0,0,OTH,0,10,0,280,0,1,Attack
0.0,other,unknown,0,0,OTH,0,1,0,60,0,0,Normal
0.968892,tcp,unknown,113652,0,OTH,0,122,122,120240,7320,0,Normal
0.0,tcp,dns,0,0,S1,0,2,0,128,0,1,Attack
1e-06,udp,dhcp,1480,0,OTH,0,2,0,1564,0,0,Normal
0.950161,tcp,unknown,114144,0,OTH,0,130,128,121164,7680,0,Normal
0.997235,tcp,unknown,71610,0,OTH,0,98,98,76902,5880,0,Normal
0.093622,udp,unknown,582,0,OTH,0,4,0,750,0,0,Normal
0.007327,tcp,http,0,12,RSTR,0,2,2,120,80,1,Attack
1e-06,udp,unknown,162,0,OTH,0,2,0,246,0,0,Normal
2.935396,tcp,http,84,0,S1,0,14,0,560,0,1,Attack
2.924213,tcp,http,84,0,S1,0,14,0,560,0,1,Attack
0.0,tcp,ssl,0,0,S1,0,2,0,120,0,1,Attack
0.0,tcp,dns,0,0,S1,0,2,0,128,0,1,Attack
1.905008,udp,dns,0,0,OTH,0,10,0,280,0,1,Attack
0.987167,tcp,unknown,112366,0,OTH,0,120,118,118846,7080,0,Normal
0.0,tcp,ssl,0,0,S1,0,2,0,120,0,1,Attack
2.937773,tcp,http,84,0,S1,0,14,0,560,0,1,Attack
0.501358,udp,unknown,820,0,OTH,0,6,0,1072,0,0,Normal
1e-06,udp,unknown,86,0,OTH,0,2,0,170,0,0,Normal
0.143596,udp,unknown,1096,0,OTH,0,8,0,1432,0,0,Normal
1e-06,udp,unknown,496,0,OTH,0,2,0,580,0,0,Normal
0.0,other,unknown,0,0,OTH,0,1,0,60,0,0,Normal
0.883558,tcp,unknown,28628,0,OTH,0,68,68,32300,4080,0,Normal
0.953823,tcp,unknown,52388,0,OTH,0,70,70,56168,4200,0,Normal
1e-06,udp,unknown,496,0,OTH,0,2,0,580,0,0,Normal
1.927083,udp,dns,0,0,OTH,0,10,0,280,0,1,Attack
0.0,tcp,ssl,0,0,S1,0,2,0,120,0,1,Attack
0.088204,tcp,unknown,4044,0,RSTO,0,8,6,4488,360,0,Normal
1e-06,tcp,dns,0,0,S1,0,2,0,128,0,1,Attack
0.100698,tcp,unknown,8088,0,RSTO,0,14,12,8856,720,0,Normal
1e-06,tcp,ssl,0,0,S1,0,2,0,120,0,1,Attack
0.984936,tcp,unknown,106248,0,OTH,0,112,112,112296,6720,0,Normal
2.920933,tcp,http,84,0,S1,0,14,0,560,0,1,Attack
1.418184,udp,dns,0,0,OTH,0,8,0,224,0,1,Attack
0.972288,tcp,unknown,77426,0,OTH,0,100,100,82826,6000,0,Normal
1e-06,udp,unknown,496,0,OTH,0,2,0,580,0,0,Normal
0.985773,tcp,unknown,52088,0,OTH,0,72,72,55976,4320,0,Normal
0.949645,tcp,unknown,55272,0,OTH,0,76,76,59376,4560,0,Normal
1e-06,udp,dhcp,1480,0,OTH,0,2,0,1564,0,0,Normal
0.009415,tcp,http,356,1112,SF,0,10,10,892,1648,1,Attack
1e-06,tcp,dns,0,0,S1,0,2,0,128,0,1,Attack
1e-06,udp,dhcp,1480,0,OTH,0,2,0,1564,0,0,Normal
178.005713,tcp,dns,0,0,S1,0,4,0,256,0,1,Attack
1.893722,udp,dns,0,0,OTH,0,10,0,280,0,1,Attack
2.911263,tcp,http,84,0,S1,0,14,0,560,0,1,Attack
0.95834,tcp,unknown,44430,0,OTH,0,72,72,48318,4320,0,Normal
1.416867,udp,dns,0,0,OTH,0,8,0,224,0,1,Attack
0.0,tcp,dns,0,0,S1,0,2,0,128,0,1,Attack
1.89155,udp,dns,0,0,OTH,0,10,0,280,0,1,Attack
0.0,tcp,ssl,0,0,S1,0,2,0,120,0,1,Attack
1e-06,udp,unknown,496,0,OTH,0,2,0,580,0,0,Normal
1e-06,udp,unknown,496,0,OTH,0,2,0,580,0,0,Normal
149.052783,tcp,dns,0,0,S1,0,4,0,256,0,1,Attack
0.006361,tcp,http,0,12,RSTR,0,2,2,120,80,1,Attack
1e-06,udp,unknown,496,0,OTH,0,2,0,580,0,0,Normal
170.093936,tcp,dns,0,0,S1,0,4,0,256,0,1,Attack
3.428339,tcp,http,96,0,S1,0,16,0,640,0,1,Attack
0.970924,tcp,unknown,69806,0,OTH,0,90,90,74666,5400,0,Normal
0.941177,tcp,unknown,73576,0,OTH,0,92,92,78544,5520,0,Normal
0.0,tcp,dns,0,0,S1,0,2,0,128,0,1,Attack
1.89138,udp,dns,0,0,OTH,0,10,0,280,0,1,Attack
0.970064,tcp,unknown,87028,0,OTH,0,100,100,92428,6000,0,Normal
1e-06,tcp,ssl,0,0,S1,0,2,0,120,0,1,Attack
0.992796,tcp,unknown,77492,0,OTH,0,102,102,83000,6120,0,Normal
0.0,tcp,dns,0,0,S1,0,2,0,128,0,1,Attack
0.952146,tcp,unknown,111368,0,OTH,0,124,124,118064,7440,0,Normal
2.922806,tcp,http,84,0,S1,0,14,0,560,0,1,Attack
0.0,tcp,ssl,0,0,S1,0,2,0,120,0,1,Attack
3.428358,tcp,http,96,0,S1,0,16,0,640,0,1,Attack
0.0,other,unknown,0,0,OTH,0,1,0,60,0,0,Normal
0.978569,tcp,unknown,61838,0,OTH,0,86,86,66482,5160,0,Normal
2.930732,tcp,http,84,0,S1,0,14,0,560,0,1,Attack
1e-06,udp,unknown,496,0,OTH,0,2,0,580,0,0,Normal
0.25168,udp,unknown,658,0,OTH,0,4,0,826,0,0,Normal
121.079861,tcp,dns,0,0,S1,0,4,0,256,0,1,Attack
1.914891,udp,dns,0,0,OTH,0,10,0,280,0,1,Attack
1e-06,udp,unknown,496,0,OTH,0,2,0,580,0,0,Normal
0.993181,tcp,unknown,107548,0,OTH,0,122,122,114136,7320,0,Normal
0.962891,tcp,unknown,75344,0,OTH,0,100,100,80744,6000,0,Normal
0.006463,tcp,http,0,12,RSTR,0,2,2,120,80,1,Attack
1e-06,udp,unknown,86,0,OTH,0,2,0,170,0,0,Normal
1.889613,udp,dns,0,0,OTH,0,10,0,280,0,1,Attack
0.0,tcp,dns,0,0,S1,0,2,0,128,0,1,Attack
3.42365,tcp,http,96,0,S1,0,16,0,640,0,1,Attack
0.0,other,unknown,0,0,OTH,0,1,0,60,0,0,Normal
1e-06,udp,unknown,496,0,OTH,0,2,0,580,0,0,Normal
0.0,other,unknown,0,0,OTH,0,1,0,60,0,0,Normal
1.915463,udp,dns,0,0,OTH,0,10,0,280,0,1,Attack
0.987243,tcp,unknown,59228,0,OTH,0,78,78,63440,4680,0,Normal
0.976609,tcp,unknown,104522,0,OTH,0,118,116,110894,6960,0,Normal
0.0,other,unknown,0,0,OTH,0,1,0,60,0,0,Normal
1e-06,udp,unknown,496,0,OTH,0,2,0,580,0,0,Normal
1e-06,udp,unknown,496,0,OTH,0,2,0,580,0,0,Normal
1.934627,udp,dns,0,0,OTH,0,10,0,280,0,1,Attack
1.894016,udp,dns,0,0,OTH,0,10,0,280,0,1,Attack
336.966767,tcp,dns,0,0,S1,0,4,0,256,0,1,Attack
0.0,tcp,dns,0,0,S1,0,2,0,128,0,1,Attack
0.649943,udp,unknown,854,0,OTH,0,8,0,1190,0,0,Normal
0.96444,tcp,unknown,105414,0,OTH,0,112,112,111462,6720,0,Normal
3.429217,tcp,http,96,0,S1,0,16,0,640,0,1,Attack
0.979882,tcp,unknown,85518,0,OTH,0,98,98,90810,5880,0,Normal
1.928367,udp,dns,0,0,OTH,0,10,0,280,0,1,Attack
2.94498,tcp,http,84,0,S1,0,14,0,560,0,1,Attack
1e-06,udp,unknown,496,0,OTH,0,2,0,580,0,0,Normal
3.429322,tcp,http,96,0,S1,0,16,0,640,0,1,Attack
1.913658,udp,dns,0,0,OTH,0,10,0,280,0,1,Attack
0.924019,tcp,unknown,90586,0,OTH,0,104,104,96202,6240,0,Normal
0.009599,tcp,unknown,246,6284,SF,0,18,14,1198,7028,1,Attack
1.902632,udp,dns,0,0,OTH,0,10,0,280,0,1,Attack
0.989519,tcp,unknown,81122,0,OTH,0,100,100,86522,6000,0,Normal
0.109495,tcp,unknown,1886,1320,S1,0,12,16,2562,2248,0,Normal
1e-06,udp,unknown,86,0,OTH,0,2,0,170,0,0,Normal
0.961471,tcp,unknown,105158,0,OTH,0,114,112,111314,6720,0,Normal
1.91343,udp,dns,0,0,OTH,0,10,0,280,0,1,Attack
2.939089,tcp,http,84,0,S1,0,14,0,560,0,1,Attack
3.424137,tcp,http,96,0,S1,0,16,0,640,0,1,Attack
10.895956,tcp,http,0,24,RSTR,0,4,4,240,160,1,Attack
1e-06,tcp,ssl,0,0,S1,0,2,0,120,0,1,Attack
1.914517,udp,dns,0,0,OTH,0,10,0,280,0,1,Attack
274.99044,tcp,dns,0,0,S1,0,4,0,256,0,1,Attack
1.934962,udp,dns,0,0,OTH,0,10,0,280,0,1,Attack
0.994809,tcp,unknown,63912,0,OTH,0,88,88,68664,5280,0,Normal
0.0,tcp,dns,0,0,S1,0,2,0,128,0,1,Attack
1.903555,udp,dns,0,0,OTH,0,10,0,280,0,1,Attack
9.7e-05,udp,unknown,822,0,OTH,0,6,0,1074,0,0,Normal
1.915476,udp,dns,0,0,OTH,0,10,0,280,0,1,Attack
1.414746,udp,dns,0,0,OTH,0,8,0,224,0,1,Attack
0.0,other,unknown,0,0,OTH,0,1,0,60,0,0,Normal
0.009365,tcp,unknown,4,12,RSTR,0,2,2,88,80,1,Attack
1e-06,tcp,ssl,0,0,S1,0,2,0,120,0,1,Attack
1e-06,tcp,ssl,0,0,S1,0,2,0,120,0,1,Attack
1e-06,tcp,dns,0,0,S1,0,2,0,128,0,1,Attack
0.0,tcp,dns,0,0,S1,0,2,0,128,0,1,Attack
62.315369,tcp,dns,0,0,S1,0,4,0,256,0,1,Attack
176.016792,tcp,dns,0,0,S1,0,4,0,256,0,1,Attack
1.91468,udp,dns,0,0,OTH,0,10,0,280,0,1,Attack
1.91207,udp,dns,0,0,OTH,0,10,0,280,0,1,Attack
1.913847,udp,dns,0,0,OTH,0,10,0,280,0,1,Attack
0.0,other,unknown,0,0,OTH,0,1,0,60,0,0,Normal
0.0,udp,unknown,496,0,OTH,0,2,0,580,0,0,Normal
0.0,tcp,ssl,0,0,S1,0,2,0,120,0,1,Attack
0.974095,tcp,unknown,115028,0,OTH,0,120,120,121508,7200,0,Normal
0.0,tcp,dns,0,0,S1,0,2,0,128,0,1,Attack
0.981899,tcp,unknown,98112,0,OTH,0,114,114,104268,6840,0,Normal
0.0,tcp,dns,0,0,S1,0,2,0,128,0,1,Attack
3.424472,tcp,http,96,0,S1,0,16,0,640,0,1,Attack
0.0,other,unknown,0,0,OTH,0,1,0,60,0,0,Normal
1.903646,udp,dns,0,0,OTH,0,10,0,280,0,1,Attack
0.496369,tcp,unknown,33600,0,RSTO,0,44,42,35988,2520,0,Normal
0.9396,tcp,unknown,109104,0,OTH,0,118,114,115476,6840,0,Normal
3.429195,tcp,http,96,0,S1,0,16,0,640,0,1,Attack
1.915904,udp,dns,0,0,OTH,0,10,0,280,0,1,Attack
0.688184,tcp,unknown,116938,1320,S1,0,114,80,123122,6088,0,Normal
0.0,tcp,dns,0,0,S1,0,2,0,128,0,1,Attack
0.022319,udp,unknown,582,0,OTH,0,4,0,750,0,0,Normal
0.208323,other,unknown,0,0,OTH,0,2,0,120,0,0,Normal
0.0,tcp,dns,0,0,S1,0,2,0,128,0,1,Attack
0.735621,other,unknown,0,0,OTH,0,2,0,120,0,0,Normal
0.4126,other,unknown,0,0,OTH,0,2,0,120,0,0,Normal
0.0,tcp,ssl,0,0,S1,0,2,0,120,0,1,Attack
1e-06,tcp,ssl,0,0,S1,0,2,0,120,0,1,Attack
0.964187,tcp,unknown,57562,0,OTH,0,76,76,61666,4560,0,Normal
1e-06,udp,unknown,496,0,OTH,0,2,0,580,0,0,Normal
1.41836,udp,dns,0,0,OTH,0,8,0,224,0,1,Attack
1.902698,udp,dns,0,0,OTH,0,10,0,280,0,1,Attack
0.948716,tcp,unknown,99580,0,OTH,0,118,118,105952,7080,0,Normal
0.0,tcp,dns,0,0,S1,0,2,0,128,0,1,Attack
1e-06,udp,unknown,496,0,OTH,0,2,0,580,0,0,Normal
1e-06,udp,unknown,274,0,OTH,0,2,0,358,0,0,Normal
3.428878,tcp,http,96,0,S1,0,16,0,640,0,1,Attack
1.905234,udp,dns,0,0,OTH,0,10,0,280,0,1,Attack
1.915332,udp,dns,0,0,OTH,0,10,0,280,0,1,Attack
0.551236,tcp,unknown,153820,1320,S1,0,130,84,160856,6328,0,Normal
0.979608,tcp,unknown,98144,0,OTH,0,110,108,104084,6480,0,Normal
0.0,tcp,dns,0,0,S1,0,2,0,128,0,1,Attack
0.0,tcp,ssl,0,0,S1,0,2,0,120,0,1,Attack
1.915464,udp,dns,0,0,OTH,0,10,0,280,0,1,Attack
0.0,tcp,dns,0,0,S1,0,2,0,128,0,1,Attack
0.94108,tcp,unknown,58122,0,OTH,0,74,74,62118,4440,0,Normal
0.961113,tcp,unknown,142360,0,OTH,0,144,136,150136,8160,0,Normal
1e-06,tcp,ssl,0,0,S1,0,2,0,120,0,1,Attack
1.914629,udp,dns,0,0,OTH,0,10,0,280,0,1,Attack
3.423597,tcp,http,96,0,S1,0,16,0,640,0,1,Attack
1.903706,udp,dns,0,0,OTH,0,10,0,280,0,1,Attack
1e-06,udp,unknown,496,0,OTH,0,2,0,580,0,0,Normal
0.0,tcp,dns,0,0,S1,0,2,0,128,0,1,Attack
0.0,udp,unknown,274,0,OTH,0,2,0,358,0,0,Normal
2.94515,tcp,http,84,0,S1,0,14,0,560,0,1,Attack
0.938056,tcp,unknown,113750,0,OTH,0,122,118,120338,7080,0,Normal
2.9068,tcp,http,84,0,S1,0,14,0,560,0,1,Attack
10.970243,tcp,dns,0,0,S1,0,4,0,256,0,1,Attack
0.0,other,unknown,0,0,OTH,0,1,0,60,0,0,Normal
0.936028,tcp,unknown,68326,0,OTH,0,90,90,73186,5400,0,Normal
0.768521,other,unknown,0,0,OTH,0,3,0,180,0,0,Normal
0.0,other,unknown,0,0,OTH,0,1,0,60,0,0,Normal
14.778051,tcp,unknown,3708,425570,SF,0,410,456,17760,443814,1,Attack
0.010288,tcp,unknown,4,12,RSTR,0,2,2,88,80,1,Attack
0.97631,tcp,unknown,49648,0,OTH,0,70,70,53428,4200,0,Normal
0.96729,tcp,unknown,75900,0,OTH,0,100,100,81300,6000,0,Normal
1e-06,tcp,dns,0,0,S1,0,2,0,128,0,1,Attack
0.965103,tcp,unknown,41288,0,OTH,0,64,64,44744,3840,0,Normal
0.967022,tcp,unknown,72692,0,OTH,0,94,94,77768,5640,0,Normal
0.452946,other,unknown,0,0,OTH,0,2,0,120,0,0,Normal
0.99953,tcp,unknown,72898,0,OTH,0,94,94,77974,5640,0,Normal
0.963677,tcp,unknown,53016,0,OTH,0,74,72,57012,4320,0,Normal
0.98061,tcp,unknown,95516,0,OTH,0,110,110,101456,6600,0,Normal
1.921569,udp,dns,0,0,OTH,0,10,0,280,0,1,Attack
0.0,other,unknown,0,0,OTH,0,1,0,60,0,0,Normal
0.959406,tcp,unknown,86614,0,OTH,0,96,96,91798,5760,0,Normal
0.0,udp,unknown,496,0,OTH,0,2,0,580,0,0,Normal
1e-06,udp,unknown,496,0,OTH,0,2,0,580,0,0,Normal
1.922071,udp,dns,0,0,OTH,0,10,0,280,0,1,Attack
0.0,tcp,dns,0,0,S1,0,2,0,128,0,1,Attack
1.915496,udp,dns,0,0,OTH,0,10,0,280,0,1,Attack
0.981914,tcp,unknown,79686,0,OTH,0,102,102,85194,6120,0,Normal
0.0,tcp,dns,0,0,S1,0,2,0,128,0,1,Attack
0.0,tcp,ssl,0,0,S1,0,2,0,120,0,1,Attack
0.984784,tcp,unknown,85136,0,OTH,0,108,108,90968,6480,0,Normal
0.998426,tcp,unknown,77962,0,OTH,0,86,88,82606,5280,0,Normal
0.0,tcp,dns,0,0,S1,0,2,0,128,0,1,Attack
0.0,tcp,dns,0,0,S1,0,2,0,128,0,1,Attack
1e-06,udp,unknown,496,0,OTH,0,2,0,580,0,0,Normal
0.978928,tcp,unknown,103580,0,OTH,0,112,112,109628,6720,0,Normal
0.428072,other,unknown,0,0,OTH,0,2,0,120,0,0,Normal
1e-06,udp,unknown,496,0,OTH,0,2,0,580,0,0,Normal
0.0,tcp,ssl,0,0,S1,0,2,0,120,0,1,Attack
2.908558,tcp,http,84,0,S1,0,14,0,560,0,1,Attack
1e-06,udp,unknown,274,0,OTH,0,2,0,358,0,0,Normal
0.984635,tcp,unknown,100376,0,OTH,0,108,108,106208,6480,0,Normal
3.424615,tcp,http,96,0,S1,0,16,0,640,0,1,Attack
1.921853,udp,dns,0,0,OTH,0,10,0,280,0,1,Attack
0.927918,tcp,unknown,93424,0,OTH,0,106,106,99148,6360,0,Normal
0.016173,tcp,unknown,4,12,RSTR,0,2,2,88,80,1,Attack
0.0,tcp,ssl,0,0,S1,0,2,0,120,0,1,Attack
0.984721,tcp,unknown,40314,0,OTH,0,72,72,44202,4320,0,Normal
1.889962,udp,dns,0,0,OTH,0,10,0,280,0,1,Attack
1e-06,udp,unknown,496,0,OTH,0,2,0,580,0,0,Normal
0.98526,tcp,unknown,103714,0,OTH,0,118,118,110086,7080,0,Normal
2.923119,tcp,http,84,0,S1,0,14,0,560,0,1,Attack
1.910898,udp,dns,0,0,OTH,0,10,0,280,0,1,Attack
0.0,other,unknown,0,0,OTH,0,1,0,60,0,0,Normal
3.42335,tcp,http,90,0,S1,0,15,0,600,0,1,Attack
0.0,other,unknown,0,0,OTH,0,1,0,60,0,0,Normal
0.966444,tcp,unknown,79702,0,OTH,0,94,94,84778,5640,0,Normal
1e-06,tcp,dns,0,0,S1,0,2,0,128,0,1,Attack
0.249441,udp,unknown,324,0,OTH,0,4,0,492,0,0,Normal
1.890408,udp,dns,0,0,OTH,0,10,0,280,0,1,Attack
0.98833,tcp,unknown,108274,0,OTH,0,120,118,114754,7080,0,Normal
2.922069,tcp,http,84,0,S1,0,14,0,560,0,1,Attack
0.980779,tcp,unknown,67470,0,OTH,0,86,86,72114,5160,0,Normal
0.943874,tcp,unknown,79770,0,OTH,0,102,102,85278,6120,0,Normal
1.915279,udp,dns,0,0,OTH,0,10,0,280,0,1,Attack
2.926344,tcp,http,84,0,S1,0,14,0,560,0,1,Attack
1.921802,udp,dns,0,0,OTH,0,10,0,280,0,1,Attack
2.945144,tcp,http,84,0,S1,0,14,0,560,0,1,Attack
1.892462,udp,dns,0,0,OTH,0,10,0,280,0,1,Attack
2.935027,tcp,http,84,0,S1,0,14,0,560,0,1,Attack
0.980397,tcp,unknown,78146,0,OTH,0,102,102,83654,6120,0,Normal
1.921799,udp,dns,0,0,OTH,0,10,0,280,0,1,Attack
0.0,tcp,ssl,0,0,S1,0,2,0,120,0,1,Attack
2.944394,tcp,http,84,0,S1,0,14,0,560,0,1,Attack
1e-06,tcp,ssl,0,0,S1,0,2,0,120,0,1,Attack
0.0,tcp,dns,0,0,S1,0,2,0,128,0,1,Attack
1e-06,udp,unknown,496,0,OTH,0,2,0,580,0,0,Normal
0.975996,tcp,unknown,88090,0,OTH,0,96,96,93274,5760,0,Normal
0.985245,tcp,unknown,122374,0,OTH,0,132,130,129502,7800,0,Normal
1e-06,udp,unknown,496,0,OTH,0,2,0,580,0,0,Normal
0.96519,tcp,unknown,60824,0,OTH,0,76,76,64928,4560,0,Normal
23.884364,tcp,dns,0,0,S1,0,4,0,256,0,1,Attack
0.0,tcp,ssl,0,0,S1,0,2,0,120,0,1,Attack
1.889748,udp,dns,0,0,OTH,0,10,0,280,0,1,Attack
0.970097,tcp,unknown,108962,0,OTH,0,112,112,115010,6720,0,Normal
0.961534,tcp,unknown,73612,0,OTH,0,94,94,78688,5640,0,Normal
1e-06,udp,unknown,496,0,OTH,0,2,0,580,0,0,Normal
1.892282,udp,dns,0,0,OTH,0,10,0,280,0,1,Attack
0.0,tcp,dns,0,0,S1,0,2,0,128,0,1,Attack
0.249928,udp,unknown,658,0,OTH,0,4,0,826,0,0,Normal
1.90498,udp,dns,0,0,OTH,0,10,0,280,0,1,Attack
0.935386,tcp,unknown,73508,0,OTH,0,96,96,78692,5760,0,Normal
0.038539,tcp,unknown,4,12,RSTR,0,2,2,88,80,1,Attack
3.424657,tcp,http,96,0,S1,0,16,0,640,0,1,Attack
3.427117,tcp,http,96,0,S1,0,16,0,640,0,1,Attack
1.913553,udp,dns,0,0,OTH,0,10,0,280,0,1,Attack
2.921578,tcp,http,84,0,S1,0,14,0,560,0,1,Attack
0.0,tcp,dns,0,0,S1,0,2,0,128,0,1,Attack
2.940361,tcp,http,84,0,S1,0,14,0,560,0,1,Attack
1.898504,udp,dns,0,0,OTH,0,10,0,280,0,1,Attack
2.917351,tcp,http,84,0,S1,0,14,0,560,0,1,Attack
0.0,tcp,dns,0,0,S1,0,2,0,128,0,1,Attack
2.945211,tcp,http,84,0,S1,0,14,0,560,0,1,Attack
2.944976,tcp,http,84,0,S1,0,14,0,560,0,1,Attack
1.897958,udp,dns,0,0,OTH,0,10,0,280,0,1,Attack
0.0,other,unknown,0,0,OTH,0,1,0,60,0,0,Normal
1e-06,udp,unknown,496,0,OTH,0,2,0,580,0,0,Normal
0.251761,udp,unknown,324,0,OTH,0,4,0,492,0,0,Normal
0.964253,tcp,unknown,106460,0,OTH,0,116,116,112724,6960,0,Normal
0.496103,udp,unknown,486,0,OTH,0,6,0,738,0,0,Normal
0.0,tcp,ssl,0,0,S1,0,2,0,120,0,1,Attack
1e-06,tcp,ssl,0,0,S1,0,2,0,120,0,1,Attack
0.252556,udp,unknown,708,0,OTH,0,6,0,960,0,0,Normal
0.936734,tcp,unknown,110776,0,OTH,0,126,126,117580,7560,0,Normal
3.423475,tcp,http,96,0,S1,0,16,0,640,0,1,Attack
1e-06,udp,unknown,86,0,OTH,0,2,0,170,0,0,Normal
1.913444,udp,dns,0,0,OTH,0,10,0,280,0,1,Attack
0.0,tcp,dns,0,0,S1,0,2,0,128,0,1,Attack
0.962294,tcp,unknown,57176,0,OTH,0,74,74,61172,4440,0,Normal
1.892402,udp,dns,0,0,OTH,0,10,0,280,0,1,Attack
2.947909,tcp,http,84,0,S1,0,14,0,560,0,1,Attack
0.0,other,unknown,0,0,OTH,0,1,0,60,0,0,Normal
1.9e-05,tcp,ssl,0,0,S1,0,2,0,120,0,1,Attack
0.502657,udp,unknown,486,0,OTH,0,6,0,738,0,0,Normal
1.91448,udp,dns,0,0,OTH,0,10,0,280,0,1,Attack
3.424197,tcp,http,90,0,S1,0,15,0,600,0,1,Attack
0.0,tcp,ssl,0,0,S1,0,2,0,120,0,1,Attack
0.0,tcp,ssl,0,0,S1,0,2,0,120,0,1,Attack
0.493584,udp,unknown,820,0,OTH,0,6,0,1072,0,0,Normal
1.923601,udp,dns,0,0,OTH,0,10,0,280,0,1,Attack
0.0,other,unknown,0,0,OTH,0,1,0,60,0,0,Normal
1.913753,udp,dns,0,0,OTH,0,10,0,280,0,1,Attack
1.895806,udp,dns,0,0,OTH,0,10,0,280,0,1,Attack
0.0,tcp,dns,0,0,S1,0,2,0,128,0,1,Attack
1.890519,udp,dns,0,0,OTH,0,10,0,280,0,1,Attack
0.0,tcp,dns,0,0,S1,0,2,0,128,0,1,Attack
0.0,tcp,ssl,0,0,S1,0,2,0,120,0,1,Attack
0.980971,tcp,unknown,114614,0,OTH,0,120,120,121094,7200,0,Normal
0.94832,tcp,unknown,104168,0,OTH,0,122,120,110756,7200,0,Normal
0.960857,tcp,unknown,111350,0,OTH,0,120,118,117830,7080,0,Normal
1.89708,udp,dns,0,0,OTH,0,10,0,280,0,1,Attack
0.983085,tcp,unknown,109914,0,OTH,0,122,116,116502,6960,0,Normal
2.921038,tcp,http,84,0,S1,0,14,0,560,0,1,Attack
1.906834,udp,dns,0,0,OTH,0,10,0,280,0,1,Attack
0.209119,tcp,unknown,15758,0,RSTO,0,16,14,16622,840,0,Normal
0.0,udp,unknown,496,0,OTH,0,2,0,580,0,0,Normal
1.920589,udp,dns,0,0,OTH,0,10,0,280,0,1,Attack
0.366516,other,unknown,0,0,OTH,0,2,0,120,0,0,Normal
1.904256,udp,dns,0,0,OTH,0,10,0,280,0,1,Attack
0.96414,tcp,unknown,77326,0,OTH,0,96,96,82510,5760,0,Normal
2.946807,tcp,http,84,0,S1,0,14,0,560,0,1,Attack
0.965854,tcp,unknown,98984,0,OTH,0,116,116,105248,6960,0,Normal
0.980991,tcp,unknown,100672,0,OTH,0,114,110,106828,6600,0,Normal
1.912383,udp,dns,0,0,OTH,0,10,0,280,0,1,Attack
0.967992,tcp,unknown,98598,0,OTH,0,110,110,104538,6600,0,Normal
1e-06,udp,unknown,496,0,OTH,0,2,0,580,0,0,Normal
1.914509,udp,dns,0,0,OTH,0,10,0,280,0,1,Attack
0.005304,tcp,unknown,246,6284,SF,0,18,14,1198,7028,1,Attack
2.905831,tcp,http,84,0,S1,0,14,0,560,0,1,Attack
0.553869,tcp,unknown,46434,0,RSTO,0,58,56,49578,3360,0,Normal
0.0,other,unknown,0,0,OTH,0,1,0,60,0,0,Normal
0.958429,tcp,unknown,236120,1132,OTH,0,214,208,247676,13564,0,Normal
2.944656,tcp,http,84,0,S1,0,14,0,560,0,1,Attack
1.928911,udp,dns,0,0,OTH,0,10,0,280,0,1,Attack
0.974588,tcp,unknown,113990,0,OTH,0,120,118,120470,7080,0,Normal
1.90381,udp,dns,0,0,OTH,0,10,0,280,0,1,Attack
3.42957,tcp,http,96,0,S1,0,16,0,640,0,1,Attack
1e-06,udp,unknown,496,0,OTH,0,2,0,580,0,0,Normal
2.9452,tcp,http,84,0,S1,0,14,0,560,0,1,Attack
1.928829,udp,dns,0,0,OTH,0,10,0,280,0,1,Attack
1e-06,udp,unknown,496,0,OTH,0,2,0,580,0,0,Normal
0.965039,tcp,unknown,111914,0,OTH,0,116,116,118178,6960,0,Normal
2.932205,tcp,http,84,0,S1,0,14,0,560,0,1,Attack
2e-06,udp,unknown,496,0,OTH,0,2,0,580,0,0,Normal
2.946389,tcp,http,84,0,S1,0,14,0,560,0,1,Attack
1.889937,udp,dns,0,0,OTH,0,10,0,280,0,1,Attack
1.889236,udp,dns,0,0,OTH,0,10,0,280,0,1,Attack
0.04252,tcp,ssl,4,12,RSTR,0,2,2,88,80,1,Attack
1.417738,udp,dns,0,0,OTH,0,8,0,224,0,1,Attack
2.941728,tcp,http,84,0,S1,0,14,0,560,0,1,Attack
0.0,other,unknown,0,0,OTH,0,1,0,60,0,0,Normal
0.970067,tcp,unknown,61360,0,OTH,0,84,84,65896,5040,0,Normal
4.3e-05,tcp,ssl,0,0,S1,0,2,0,120,0,1,Attack
0.0,other,unknown,0,0,OTH,0,1,0,60,0,0,Normal
1.895684,udp,dns,0,0,OTH,0,10,0,280,0,1,Attack
1.5e-05,tcp,ssl,0,0,S1,0,2,0,120,0,1,Attack
1.900986,udp,dns,0,0,OTH,0,10,0,280,0,1,Attack
2.90719,tcp,http,84,0,S1,0,14,0,560,0,1,Attack
0.010479,tcp,http,0,12,RSTR,0,2,2,120,80,1,Attack
1e-06,udp,unknown,496,0,OTH,0,2,0,580,0,0,Normal
1.913971,udp,dns,0,0,OTH,0,10,0,280,0,1,Attack
0.947104,tcp,unknown,89220,0,OTH,0,102,100,94728,6000,0,Normal
1e-06,tcp,ssl,0,0,S1,0,2,0,120,0,1,Attack
0.977566,tcp,unknown,50004,0,OTH,0,72,72,53892,4320,0,Normal
1.915603,udp,dns,0,0,OTH,0,10,0,280,0,1,Attack
0.0,udp,unknown,496,0,OTH,0,2,0,580,0,0,Normal
2.927719,tcp,http,84,0,S1,0,14,0,560,0,1,Attack
1.913544,udp,dns,0,0,OTH,0,10,0,280,0,1,Attack
0.024458,tcp,unknown,4,12,RSTR,0,2,2,88,80,1,Attack
0.0,udp,unknown,496,0,OTH,0,2,0,580,0,0,Normal
3.428868,tcp,http,96,0,S1,0,16,0,640,0,1,Attack
0.0,tcp,ssl,0,0,S1,0,2,0,120,0,1,Attack
95.037447,tcp,dns,0,0,S1,0,4,0,256,0,1,Attack
0.0,tcp,ssl,0,0,S1,0,2,0,120,0,1,Attack
1.41683,udp,dns,0,0,OTH,0,8,0,224,0,1,Attack
0.987828,tcp,unknown,73906,0,OTH,0,100,100,79306,6000,0,Normal
0.970707,tcp,unknown,116448,0,OTH,0,124,120,123144,7200,0,Normal
0.985699,tcp,unknown,68228,0,OTH,0,98,98,73520,5880,0,Normal
220.05538,tcp,dns,0,0,S1,0,4,0,256,0,1,Attack
0.201811,tcp,unknown,51582,1320,S1,0,48,26,54202,2848,0,Normal
0.968908,tcp,unknown,66302,0,OTH,0,90,90,71162,5400,0,Normal
2e-06,udp,unknown,496,0,OTH,0,2,0,580,0,0,Normal
0.351312,udp,unknown,486,0,OTH,0,6,0,738,0,0,Normal
1e-06,tcp,dns,0,0,S1,0,2,0,128,0,1,Attack
0.0,tcp,dns,0,0,S1,0,2,0,128,0,1,Attack
2.944387,tcp,http,84,0,S1,0,14,0,560,0,1,Attack
1e-06,udp,dhcp,1480,0,OTH,0,2,0,1564,0,0,Normal
0.94446,tcp,unknown,69678,0,OTH,0,92,92,74646,5520,0,Normal
0.0,udp,unknown,274,0,OTH,0,2,0,358,0,0,Normal
1e-06,udp,unknown,496,0,OTH,0,2,0,580,0,0,Normal
0.0,tcp,dns,0,0,S1,0,2,0,128,0,1,Attack
2.924553,tcp,http,84,0,S1,0,14,0,560,0,1,Attack
3.4254,tcp,http,96,0,S1,0,16,0,640,0,1,Attack
0.0,tcp,ssl,0,0,S1,0,2,0,120,0,1,Attack
0.0,tcp,ssl,0,0,S1,0,2,0,120,0,1,Attack
0.0,tcp,dns,0,0,S1,0,2,0,128,0,1,Attack
3.427946,tcp,http,96,0,S1,0,16,0,640,0,1,Attack
0.9625,tcp,unknown,99196,0,OTH,0,112,112,105244,6720,0,Normal
0.946779,tcp,unknown,102166,0,OTH,0,118,110,108538,6600,0,Normal
0.0,udp,unknown,496,0,OTH,0,2,0,580,0,0,Normal
1.90134,udp,dns,0,0,OTH,0,10,0,280,0,1,Attack
0.970992,tcp,unknown,119614,0,OTH,0,126,124,126418,7440,0,Normal
165.053143,tcp,dns,0,0,S1,0,4,0,256,0,1,Attack
0.987298,tcp,unknown,113226,0,OTH,0,122,122,119814,7320,0,Normal
220.058323,tcp,dns,0,0,S1,0,4,0,256,0,1,Attack
0.47764,udp,unknown,486,0,OTH,0,6,0,738,0,0,Normal
0.939008,tcp,unknown,64152,0,OTH,0,86,86,68796,5160,0,Normal
1.920786,udp,dns,0,0,OTH,0,10,0,280,0,1,Attack
1e-06,udp,unknown,28,0,OTH,0,4,0,140,0,1,Attack
0.0,other,unknown,0,0,OTH,0,1,0,60,0,0,Normal
0.993758,tcp,unknown,105054,0,OTH,0,120,118,111536,7080,0,Normal
0.952871,tcp,unknown,87486,0,OTH,0,96,96,92670,5760,0,Normal
1.919343,udp,dns,0,0,OTH,0,10,0,280,0,1,Attack
1e-06,udp,unknown,496,0,OTH,0,2,0,580,0,0,Normal
1.914893,udp,dns,0,0,OTH,0,10,0,280,0,1,Attack
0.0,tcp,ssl,0,0,S1,0,2,0,120,0,1,Attack
0.964436,tcp,unknown,76564,0,OTH,0,96,96,81748,5760,0,Normal
1e-06,tcp,ssl,0,0,S1,0,2,0,120,0,1,Attack
0.0,other,unknown,0,0,OTH,0,1,0,60,0,0,Normal
0.770211,udp,unknown,982,0,OTH,0,8,0,1318,0,0,Normal
0.0,tcp,ssl,0,0,S1,0,2,0,120,0,1,Attack
0.97085,tcp,unknown,98522,0,OTH,0,114,114,104678,6840,0,Normal
0.963738,tcp,unknown,109478,0,OTH,0,122,116,116066,6960,0,Normal
351.17599,other,unknown,3588,0,OTH,0,138,0,4278,0,1,Attack
0.40126,other,unknown,0,0,OTH,0,2,0,120,0,0,Normal
0.991353,tcp,unknown,115838,0,OTH,0,128,124,122750,7440,0,Normal
0.981304,tcp,unknown,63640,0,OTH,0,90,90,68500,5400,0,Normal
0.0,tcp,dns,0,0,S1,0,2,0,128,0,1,Attack
3.428358,tcp,http,96,0,S1,0,16,0,640,0,1,Attack
0.980115,tcp,unknown,62568,0,OTH,0,78,78,66780,4680,0,Normal
1.914889,udp,dns,0,0,OTH,0,10,0,280,0,1,Attack
0.0,tcp,dns,0,0,S1,0,2,0,128,0,1,Attack
0.275436,other,unknown,0,0,OTH,0,2,0,120,0,0,Normal
1e-06,tcp,ssl,0,0,S1,0,2,0,120,0,1,Attack
0.500743,udp,unknown,820,0,OTH,0,6,0,1072,0,0,Normal
0.0,other,unknown,0,0,OTH,0,1,0,60,0,0,Normal
1e-06,udp,unknown,496,0,OTH,0,2,0,580,0,0,Normal
0.0,tcp,dns,0,0,S1,0,2,0,128,0,1,Attack
0.968127,tcp,unknown,94734,0,OTH,0,100,96,100134,5760,0,Normal
0.0,other,unknown,0,0,OTH,0,1,0,60,0,0,Normal
1e-06,udp,unknown,496,0,OTH,0,2,0,580,0,0,Normal
0.0,tcp,dns,0,0,S1,0,2,0,128,0,1,Attack
0.963517,tcp,unknown,83322,230,OTH,0,96,96,88506,5978,0,Normal
0.986417,tcp,unknown,75028,0,OTH,0,94,94,80104,5640,0,Normal
1.90617,udp,dns,0,0,OTH,0,10,0,280,0,1,Attack
0.950425,tcp,unknown,80692,0,OTH,0,94,94,85768,5640,0,Normal
2.944698,tcp,http,84,0,S1,0,14,0,560,0,1,Attack
0.0,tcp,ssl,0,0,S1,0,2,0,120,0,1,Attack
0.0,tcp,dns,0,0,S1,0,2,0,128,0,1,Attack
0.981306,tcp,unknown,106368,0,OTH,0,124,124,113064,7440,0,Normal
0.0,other,unknown,0,0,OTH,0,1,0,60,0,0,Normal
2.912458,tcp,http,84,0,S1,0,14,0,560,0,1,Attack
1.906277,udp,dns,0,0,OTH,0,10,0,280,0,1,Attack
0.959212,tcp,unknown,75648,0,OTH,0,98,98,80940,5880,0,Normal
1e-06,udp,unknown,496,0,OTH,0,2,0,580,0,0,Normal
0.0,tcp,dns,0,0,S1,0,2,0,128,0,1,Attack
1e-06,udp,unknown,496,0,OTH,0,2,0,580,0,0,Normal
0.750929,udp,unknown,982,0,OTH,0,8,0,1318,0,0,Normal
1e-06,udp,unknown,274,0,OTH,0,2,0,358,0,0,Normal
32.946323,tcp,dns,0,0,S1,0,4,0,256,0,1,Attack
0.224087,other,unknown,0,0,OTH,0,2,0,120,0,0,Normal
1.92168,udp,dns,0,0,OTH,0,10,0,280,0,1,Attack
0.0,tcp,ssl,0,0,S1,0,2,0,120,0,1,Attack
0.954043,tcp,unknown,70326,0,OTH,0,84,84,74862,5040,0,Normal
1.9e-05,tcp,ssl,0,0,S1,0,2,0,120,0,1,Attack
0.966326,tcp,unknown,73744,0,OTH,0,94,94,78820,5640,0,Normal
0.0,tcp,dns,0,0,S1,0,2,0,128,0,1,Attack
1e-06,udp,unknown,496,0,OTH,0,2,0,580,0,0,Normal
0.0,tcp,ssl,0,0,S1,0,2,0,120,0,1,Attack
1e-06,tcp,dns,0,0,S1,0,2,0,128,0,1,Attack
3.429577,tcp,http,96,0,S1,0,16,0,640,0,1,Attack
1.906462,udp,dns,0,0,OTH,0,10,0,280,0,1,Attack
0.993124,tcp,unknown,113924,0,OTH,0,124,122,120620,7320,0,Normal
0.394345,other,unknown,0,0,OTH,0,2,0,120,0,0,Normal
0.0,tcp,dns,0,0,S1,0,2,0,128,0,1,Attack
1.922961,udp,dns,0,0,OTH,0,10,0,280,0,1,Attack
0.843179,tcp,unknown,89800,1320,S1,0,108,114,95648,8128,0,Normal
0.535719,other,unknown,0,0,OTH,0,2,0,120,0,0,Normal
0.0,other,unknown,0,0,OTH,0,1,0,60,0,0,Normal
0.0,tcp,dns,0,0,S1,0,2,0,128,0,1,Attack
0.979795,tcp,unknown,76660,0,OTH,0,100,100,82060,6000,0,Normal
0.807015,udp,unknown,744,0,OTH,0,6,0,996,0,0,Normal
0.964034,tcp,unknown,105496,0,OTH,0,118,118,111868,7080,0,Normal
1e-06,tcp,ssl,0,0,S1,0,2,0,120,0,1,Attack
2.937875,tcp,http,84,0,S1,0,14,0,560,0,1,Attack
0.0,tcp,ssl,0,0,S1,0,2,0,120,0,1,Attack
1e-06,udp,unknown,496,0,OTH,0,2,0,580,0,0,Normal
1.928165,udp,dns,0,0,OTH,0,9,0,252,0,1,Attack
0.944537,tcp,unknown,43688,0,OTH,0,60,60,46928,3600,0,Normal
1e-06,udp,unknown,162,0,OTH,0,2,0,246,0,0,Normal
178.007048,tcp,dns,0,0,S1,0,6,0,384,0,1,Attack
1.924404,udp,dns,0,0,OTH,0,10,0,280,0,1,Attack
0.0,udp,unknown,496,0,OTH,0,2,0,580,0,0,Normal
1e-06,tcp,dns,0,0,S1,0,2,0,128,0,1,Attack
0.989415,tcp,unknown,75146,0,OTH,0,96,96,80330,5760,0,Normal
1.889331,udp,dns,0,0,OTH,0,10,0,280,0,1,Attack
1.900343,udp,dns,0,0,OTH,0,10,0,280,0,1,Attack
0.970233,tcp,unknown,86450,0,OTH,0,104,104,92066,6240,0,Normal
0.0,tcp,ssl,0,0,S1,0,2,0,120,0,1,Attack
0.977065,tcp,unknown,106612,0,OTH,0,116,116,112876,6960,0,Normal
0.0,udp,unknown,496,0,OTH,0,2,0,580,0,0,Normal
0.970594,tcp,unknown,58102,0,OTH,0,76,76,62206,4560,0,Normal
2.907007,tcp,http,84,0,S1,0,14,0,560,0,1,Attack
0.0,tcp,dns,0,0,S1,0,2,0,128,0,1,Attack
1e-06,udp,dhcp,1480,0,OTH,0,2,0,1564,0,0,Normal
165.003464,tcp,dns,0,0,S1,0,4,0,256,0,1,Attack
1.905723,udp,dns,0,0,OTH,0,10,0,280,0,1,Attack
121.033854,tcp,dns,0,0,S1,0,4,0,256,0,1,Attack
0.0,tcp,dns,0,0,S1,0,2,0,128,0,1,Attack
1e-06,tcp,dns,0,0,S1,0,2,0,128,0,1,Attack
0.0,tcp,dns,0,0,S1,0,2,0,128,0,1,Attack
1e-06,tcp,dns,0,0,S1,0,2,0,128,0,1,Attack
1e-06,udp,unknown,496,0,OTH,0,2,0,580,0,0,Normal
0.0,tcp,ssl,0,0,S1,0,2,0,120,0,1,Attack
0.986888,tcp,unknown,120700,0,OTH,0,128,126,127612,7560,0,Normal
1e-06,udp,unknown,496,0,OTH,0,2,0,580,0,0,Normal
0.740576,udp,unknown,982,0,OTH,0,8,0,1318,0,0,Normal
153.006295,tcp,dns,0,0,S1,0,4,0,256,0,1,Attack
0.0,udp,unknown,496,0,OTH,0,2,0,580,0,0,Normal
0.299709,tcp,unknown,28288,0,RSTO,0,34,36,30124,2160,0,Normal
0.989728,tcp,unknown,50246,0,OTH,0,76,76,54350,4560,0,Normal
1.915766,udp,dns,0,0,OTH,0,10,0,280,0,1,Attack
3.432281,tcp,http,96,0,S1,0,16,0,640,0,1,Attack
0.0,tcp,ssl,0,0,S1,0,2,0,120,0,1,Attack
0.422029,other,unknown,0,0,OTH,0,2,0,120,0,0,Normal
2.922845,tcp,http,84,0,S1,0,14,0,560,0,1,Attack
1.900972,udp,dns,0,0,OTH,0,10,0,280,0,1,Attack
0.935539,tcp,unknown,75826,0,OTH,0,90,90,80686,5400,0,Normal
0.950037,tcp,unknown,94264,0,OTH,0,108,108,100096,6480,0,Normal
0.0,tcp,dns,0,0,S1,0,2,0,128,0,1,Attack
2.926473,tcp,http,84,0,S1,0,14,0,560,0,1,Attack
0.956665,tcp,unknown,100086,0,OTH,0,104,104,105702,6240,0,Normal
1e-06,udp,unknown,496,0,OTH,0,2,0,580,0,0,Normal
0.944792,tcp,unknown,59224,0,OTH,0,72,72,63112,4320,0,Normal
1.903552,udp,dns,0,0,OTH,0,10,0,280,0,1,Attack
303.903936,tcp,dns,0,0,S1,0,4,0,256,0,1,Attack
0.0,tcp,ssl,0,0,S1,0,2,0,120,0,1,Attack
1e-06,tcp,ssl,0,0,S1,0,2,0,120,0,1,Attack
0.0,other,unknown,0,0,OTH,0,1,0,60,0,0,Normal
35.006427,tcp,dns,0,0,S1,0,4,0,256,0,1,Attack
0.964446,tcp,unknown,85290,0,OTH,0,106,106,91014,6360,0,Normal
0.0,other,unknown,0,0,OTH,0,1,0,60,0,0,Normal
1e-06,udp,unknown,496,0,OTH,0,2,0,580,0,0,Normal
1.890524,udp,dns,0,0,OTH,0,10,0,280,0,1,Attack
0.0,other,unknown,0,0,OTH,0,1,0,60,0,0,Normal
1.89547,udp,dns,0,0,OTH,0,10,0,280,0,1,Attack
0.963869,tcp,unknown,74966,0,OTH,0,94,94,80042,5640,0,Normal
1.912237,udp,dns,0,0,OTH,0,10,0,280,0,1,Attack
1e-06,udp,unknown,496,0,OTH,0,2,0,580,0,0,Normal
0.971856,tcp,unknown,110966,0,OTH,0,124,124,117662,7440,0,Normal
1.913638,udp,dns,0,0,OTH,0,10,0,280,0,1,Attack
2.939954,tcp,http,84,0,S1,0,14,0,560,0,1,Attack
0.96475,tcp,unknown,75588,0,OTH,0,98,98,80880,5880,0,Normal
0.013963,tcp,unknown,4,12,RSTR,0,2,2,88,80,1,Attack
0.0,udp,unknown,496,0,OTH,0,2,0,580,0,0,Normal
2.914549,tcp,http,84,0,S1,0,14,0,560,0,1,Attack
1e-06,udp,unknown,496,0,OTH,0,2,0,580,0,0,Normal
0.0,tcp,dns,0,0,S1,0,2,0,128,0,1,Attack
1e-06,udp,unknown,496,0,OTH,0,2,0,580,0,0,Normal
1e-06,udp,unknown,496,0,OTH,0,2,0,580,0,0,Normal
3.423528,tcp,http,96,0,S1,0,16,0,640,0,1,Attack
1e-06,tcp,dns,0,0,S1,0,2,0,128,0,1,Attack
1.889315,udp,dns,0,0,OTH,0,10,0,280,0,1,Attack
0.9696,tcp,unknown,74110,0,OTH,0,94,86,79186,5160,0,Normal
0.967702,tcp,unknown,60854,0,OTH,0,78,78,65066,4680,0,Normal
0.0,tcp,ssl,0,0,S1,0,2,0,120,0,1,Attack
1e-06,udp,unknown,162,0,OTH,0,2,0,246,0,0,Normal
0.961488,tcp,unknown,63256,0,OTH,0,84,84,67792,5040,0,Normal
0.24964,udp,unknown,658,0,OTH,0,4,0,826,0,0,Normal
0.25007,udp,unknown,658,0,OTH,0,4,0,826,0,0,Normal
122.036565,tcp,dns,0,0,S1,0,4,0,256,0,1,Attack
0.95318,tcp,unknown,105702,0,OTH,0,118,118,112074,7080,0,Normal
1.934708,udp,dns,0,0,OTH,0,10,0,280,0,1,Attack
2.941498,tcp,http,84,0,S1,0,14,0,560,0,1,Attack
1e-06,udp,dhcp,1480,0,OTH,0,2,0,1564,0,0,Normal
0.437469,tcp,unknown,91874,1316,S1,0,86,62,96546,5004,0,Normal
0.983391,tcp,unknown,58980,0,OTH,0,82,82,63408,4920,0,Normal
1.893981,udp,dns,0,0,OTH,0,10,0,280,0,1,Attack
0.964194,tcp,unknown,133356,0,OTH,0,142,140,141024,8400,0,Normal
0.01789,tcp,unknown,4,12,RSTR,0,2,2,88,80,1,Attack
3.428253,tcp,http,96,0,S1,0,16,0,640,0,1,Attack
1e-06,tcp,dns,0,0,S1,0,2,0,128,0,1,Attack
0.981733,tcp,unknown,104482,0,OTH,0,120,118,110962,7080,0,Normal
0.0,tcp,ssl,0,0,S1,0,2,0,120,0,1,Attack
0.496362,udp,unknown,486,0,OTH,0,6,0,738,0,0,Normal
0.565234,other,unknown,0,0,OTH,0,2,0,120,0,0,Normal
1.892177,udp,dns,0,0,OTH,0,10,0,280,0,1,Attack
0.923688,tcp,unknown,108424,0,OTH,0,114,104,114580,6240,0,Normal
0.040887,tcp,unknown,4,12,RSTR,0,2,2,88,80,1,Attack
2.904396,tcp,http,84,0,S1,0,14,0,560,0,1,Attack
0.959387,tcp,unknown,101592,0,OTH,0,126,126,108396,7560,0,Normal
0.752164,udp,unknown,982,0,OTH,0,8,0,1318,0,0,Normal
0.948138,tcp,unknown,93864,0,OTH,0,120,120,100344,7200,0,Normal
0.0,udp,dhcp,1480,0,OTH,0,2,0,1564,0,0,Normal
0.0,udp,unknown,496,0,OTH,0,2,0,580,0,0,Normal
0.916238,tcp,unknown,70236,0,OTH,0,94,94,75312,5640,0,Normal
0.005435,tcp,http,0,12,RSTR,0,2,2,120,80,1,Attack
2.941438,tcp,http,84,0,S1,0,14,0,560,0,1,Attack
3.429189,tcp,http,96,0,S1,0,16,0,640,0,1,Attack
0.0,tcp,dns,0,0,S1,0,2,0,128,0,1,Attack
0.0,tcp,ssl,0,0,S1,0,2,0,120,0,1,Attack
0.994471,tcp,unknown,80046,0,OTH,0,104,104,85662,6240,0,Normal
0.262697,tcp,unknown,78610,1320,S1,0,68,42,82310,3808,0,Normal
0.0,tcp,dns,0,0,S1,0,2,0,128,0,1,Attack
0.0,tcp,dns,0,0,S1,0,2,0,128,0,1,Attack
1e-06,udp,unknown,496,0,OTH,0,2,0,580,0,0,Normal
0.0,other,unknown,0,0,OTH,0,1,0,60,0,0,Normal
0.956902,tcp,unknown,76046,0,OTH,0,100,100,81446,6000,0,Normal
1.922104,udp,dns,0,0,OTH,0,10,0,280,0,1,Attack
1e-06,udp,unknown,496,0,OTH,0,2,0,580,0,0,Normal
1e-06,udp,unknown,496,0,OTH,0,2,0,580,0,0,Normal
2.94499,tcp,http,84,0,S1,0,14,0,560,0,1,Attack
0.881145,other,unknown,0,0,OTH,0,2,0,120,0,0,Normal
0.239634,udp,unknown,708,0,OTH,0,6,0,960,0,0,Normal
1.900255,udp,dns,0,0,OTH,0,10,0,280,0,1,Attack
2.92392,tcp,http,84,0,S1,0,14,0,560,0,1,Attack
0.955244,tcp,unknown,59872,0,OTH,0,80,80,64192,4800,0,Normal
0.392125,tcp,unknown,39746,0,RSTO,0,42,44,42014,2640,0,Normal
0.0,udp,unknown,16,0,OTH,0,2,0,72,0,1,Attack
0.0,tcp,dns,0,0,S1,0,2,0,128,0,1,Attack
0.765993,udp,unknown,982,0,OTH,0,8,0,1318,0,0,Normal
1.416967,udp,dns,0,0,OTH,0,8,0,224,0,1,Attack
3.429577,tcp,http,96,0,S1,0,16,0,640,0,1,Attack
1e-06,udp,unknown,496,0,OTH,0,2,0,580,0,0,Normal
1.914695,udp,dns,0,0,OTH,0,10,0,280,0,1,Attack
0.0,tcp,dns,0,0,S1,0,2,0,128,0,1,Attack
0.944404,tcp,unknown,59500,0,OTH,0,74,74,63496,4440,0,Normal
1.927651,udp,dns,0,0,OTH,0,10,0,280,0,1,Attack
1.904942,udp,dns,0,0,OTH,0,10,0,280,0,1,Attack
1e-06,tcp,ssl,0,0,S1,0,2,0,120,0,1,Attack
1e-06,tcp,ssl,0,0,S1,0,2,0,120,0,1,Attack
0.967797,tcp,unknown,74762,0,OTH,0,96,94,79946,5640,0,Normal
1e-06,udp,unknown,274,0,OTH,0,2,0,358,0,0,Normal
0.090158,other,unknown,0,0,OTH,0,2,0,120,0,0,Normal
0.0,other,unknown,0,0,OTH,0,1,0,60,0,0,Normal
0.0,tcp,ssl,0,0,S1,0,2,0,120,0,1,Attack
0.960109,tcp,unknown,57750,0,OTH,0,78,78,61962,4680,0,Normal
6.7e-05,tcp,ssl,0,0,S1,0,2,0,120,0,1,Attack
0.0,other,unknown,0,0,OTH,0,1,0,60,0,0,Normal
0.968396,tcp,unknown,222314,260,OTH,0,190,130,232574,8048,0,Normal
2.8e-05,tcp,ssl,0,0,S1,0,2,0,120,0,1,Attack
1.890998,udp,dns,0,0,OTH,0,10,0,280,0,1,Attack
0.0,tcp,dns,0,0,S1,0,2,0,128,0,1,Attack
1.928573,udp,dns,0,0,OTH,0,10,0,280,0,1,Attack
0.0,tcp,ssl,0,0,S1,0,2,0,120,0,1,Attack
227.055326,tcp,dns,0,0,S1,0,4,0,256,0,1,Attack
29.028713,tcp,dns,0,0,S1,0,4,0,256,0,1,Attack
0.0,tcp,dns,0,0,S1,0,2,0,128,0,1,Attack
1e-06,udp,unknown,496,0,OTH,0,2,0,580,0,0,Normal
0.0,tcp,dns,0,0,S1,0,2,0,128,0,1,Attack
0.070003,udp,unknown,582,0,OTH,0,4,0,750,0,0,Normal
0.0,tcp,dns,0,0,S1,0,2,0,128,0,1,Attack
0.933731,tcp,unknown,102806,0,OTH,0,108,108,108638,6480,0,Normal
1.915542,udp,dns,0,0,OTH,0,10,0,280,0,1,Attack
0.0,tcp,dns,0,0,S1,0,2,0,128,0,1,Attack
0.92855,tcp,unknown,77400,0,OTH,0,96,96,82584,5760,0,Normal
0.0,udp,unknown,162,0,OTH,0,2,0,246,0,0,Normal
0.0,tcp,dns,0,0,S1,0,2,0,128,0,1,Attack
1e-06,tcp,dns,0,0,S1,0,2,0,128,0,1,Attack
258.455925,tcp,dns,0,0,S1,0,4,0,256,0,1,Attack
1.905106,udp,dns,0,0,OTH,0,10,0,280,0,1,Attack
69.029938,tcp,dns,0,0,S1,0,4,0,256,0,1,Attack
0.960489,tcp,unknown,101460,0,OTH,0,118,118,107832,7080,0,Normal
0.500479,udp,unknown,486,0,OTH,0,6,0,738,0,0,Normal
2.926243,tcp,http,84,0,S1,0,14,0,560,0,1,Attack
1.921846,udp,dns,0,0,OTH,0,10,0,280,0,1,Attack
0.0,tcp,ssl,0,0,S1,0,2,0,120,0,1,Attack
0.0,other,unknown,0,0,OTH,0,1,0,60,0,0,Normal
0.95075,tcp,unknown,71620,0,OTH,0,98,98,76912,5880,0,Normal
158.988638,tcp,dns,0,0,S1,0,4,0,256,0,1,Attack
0.062956,udp,unknown,1078,0,OTH,0,6,0,1330,0,0,Normal
0.977915,tcp,unknown,76906,0,OTH,0,94,94,81982,5640,0,Normal
0.036313,tcp,http,0,12,RSTR,0,2,2,120,80,1,Attack
1e-06,udp,unknown,496,0,OTH,0,2,0,580,0,0,Normal
1e-06,tcp,dns,0,0,S1,0,2,0,128,0,1,Attack
1e-06,udp,dhcp,1480,0,OTH,0,2,0,1564,0,0,Normal
1e-06,udp,unknown,86,0,OTH,0,2,0,170,0,0,Normal
1.915543,udp,dns,0,0,OTH,0,10,0,280,0,1,Attack
0.945781,tcp,unknown,79916,0,OTH,0,92,92,84884,5520,0,Normal
0.989647,tcp,unknown,87542,0,OTH,0,102,100,93050,6000,0,Normal
0.0,other,unknown,0,0,OTH,0,1,0,60,0,0,Normal
1.892316,udp,dns,0,0,OTH,0,10,0,280,0,1,Attack
1e-06,tcp,ssl,0,0,S1,0,2,0,120,0,1,Attack
0.991011,tcp,unknown,106710,0,OTH,0,120,120,113190,7200,0,Normal
1e-06,udp,dhcp,1480,0,OTH,0,2,0,1564,0,0,Normal
1e-06,udp,unknown,496,0,OTH,0,2,0,580,0,0,Normal
0.0,tcp,dns,0,0,S1,0,2,0,128,0,1,Attack
1e-06,udp,unknown,496,0,OTH,0,2,0,580,0,0,Normal
0.944922,tcp,unknown,116352,0,OTH,0,124,120,123048,7200,0,Normal
0.0,udp,unknown,86,0,OTH,0,2,0,170,0,0,Normal
0.0,udp,unknown,496,0,OTH,0,2,0,580,0,0,Normal
1.921476,udp,dns,0,0,OTH,0,10,0,280,0,1,Attack
0.959675,tcp,unknown,72568,0,OTH,0,90,90,77428,5400,0,Normal
1.92852,udp,dns,0,0,OTH,0,10,0,280,0,1,Attack
1e-06,tcp,dns,0,0,S1,0,2,0,128,0,1,Attack
0.0,other,unknown,0,0,OTH,0,1,0,60,0,0,Normal
0.0,tcp,ssl,0,0,S1,0,2,0,120,0,1,Attack
0.982767,tcp,unknown,79982,0,OTH,0,96,96,85166,5760,0,Normal
2.944991,tcp,http,84,0,S1,0,14,0,560,0,1,Attack
1e-06,udp,unknown,496,0,OTH,0,2,0,580,0,0,Normal
1.919283,udp,dns,0,0,OTH,0,10,0,280,0,1,Attack
0.965057,tcp,unknown,35222,0,OTH,0,70,70,39002,4200,0,Normal
1e-06,udp,unknown,496,0,OTH,0,2,0,580,0,0,Normal
1.933752,udp,dns,0,0,OTH,0,10,0,280,0,1,Attack
1e-06,tcp,dns,0,0,S1,0,2,0,128,0,1,Attack
0.95236,tcp,unknown,97310,0,OTH,0,115,116,103520,6960,0,Normal
1e-06,udp,unknown,496,0,OTH,0,2,0,580,0,0,Normal
1e-06,udp,dhcp,1480,0,OTH,0,2,0,1564,0,0,Normal
2.933235,tcp,http,84,0,S1,0,14,0,560,0,1,Attack
0.453099,other,unknown,0,0,OTH,0,2,0,120,0,0,Normal
1e-06,udp,unknown,496,0,OTH,0,2,0,580,0,0,Normal
0.986654,tcp,unknown,108408,0,OTH,0,128,130,115320,7800,0,Normal
0.0,tcp,ssl,0,0,S1,0,2,0,120,0,1,Attack
0.040166,tcp,unknown,4,12,RSTR,0,2,2,88,80,1,Attack
0.754986,udp,unknown,982,0,OTH,0,8,0,1318,0,0,Normal
0.977184,tcp,unknown,99930,0,OTH,0,114,114,106086,6840,0,Normal
0.984791,tcp,unknown,69580,0,OTH,0,100,100,74980,6000,0,Normal
0.0,tcp,ssl,0,0,S1,0,2,0,120,0,1,Attack
0.941237,tcp,unknown,88962,0,OTH,0,102,102,94470,6120,0,Normal
0.995308,tcp,unknown,67276,0,OTH,0,92,92,72244,5520,0,Normal
1.905237,udp,dns,0,0,OTH,0,10,0,280,0,1,Attack
0.250742,udp,unknown,324,0,OTH,0,4,0,492,0,0,Normal
0.0,tcp,ssl,0,0,S1,0,2,0,120,0,1,Attack
0.04466,udp,unknown,582,0,OTH,0,4,0,750,0,0,Normal
0.0,tcp,dns,0,0,S1,0,2,0,128,0,1,Attack
0.0,other,unknown,0,0,OTH,0,1,0,60,0,0,Normal
0.0,tcp,ssl,0,0,S1,0,2,0,120,0,1,Attack
0.007252,tcp,unknown,0,0,RSTO,0,2,2,120,120,0,Normal
0.445755,other,unknown,0,0,OTH,0,2,0,120,0,0,Normal
0.147618,tcp,unknown,15624,0,OTH,0,20,20,16704,1200,0,Normal
1.914475,udp,dns,0,0,OTH,0,10,0,280,0,1,Attack
0.0,tcp,dns,0,0,S1,0,2,0,128,0,1,Attack
0.966236,tcp,unknown,109442,0,OTH,0,116,116,115706,6960,0,Normal
0.0,tcp,dns,0,0,S1,0,2,0,128,0,1,Attack
1.890706,udp,dns,0,0,OTH,0,10,0,280,0,1,Attack
2.928518,tcp,http,84,0,S1,0,14,0,560,0,1,Attack
1e-06,tcp,dns,0,0,S1,0,2,0,128,0,1,Attack
0.0,tcp,dns,0,0,S1,0,2,0,128,0,1,Attack
2.912515,tcp,http,84,0,S1,0,14,0,560,0,1,Attack
1.91206,udp,dns,0,0,OTH,0,10,0,280,0,1,Attack
0.0,tcp,dns,0,0,S1,0,2,0,128,0,1,Attack
0.0,tcp,ssl,0,0,S1,0,2,0,120,0,1,Attack
0.0,tcp,ssl,0,0,S1,0,2,0,120,0,1,Attack
1.91302,udp,dns,0,0,OTH,0,10,0,280,0,1,Attack
2.940011,tcp,http,84,0,S1,0,14,0,560,0,1,Attack
0.993364,tcp,unknown,221090,0,OTH,0,204,202,232106,12120,0,Normal
0.0,udp,unknown,496,0,OTH,0,2,0,580,0,0,Normal
0.044465,other,unknown,0,0,OTH,0,2,0,120,0,0,Normal
1.894851,udp,dns,0,0,OTH,0,10,0,280,0,1,Attack
2.915476,tcp,http,84,0,S1,0,14,0,560,0,1,Attack
0.94453,tcp,unknown,73056,0,OTH,0,92,90,78024,5400,0,Normal
355.179311,udp,unknown,5600,0,OTH,0,140,0,9520,0,1,Attack
0.983245,tcp,unknown,114308,0,OTH,0,132,132,121436,7920,0,Normal
0.0,udp,unknown,496,0,OTH,0,2,0,580,0,0,Normal
1e-06,tcp,dns,0,0,S1,0,2,0,128,0,1,Attack
0.265703,udp,unknown,658,0,OTH,0,4,0,826,0,0,Normal
0.0,udp,unknown,274,0,OTH,0,2,0,358,0,0,Normal
0.0,tcp,dns,0,0,S1,0,2,0,128,0,1,Attack
1e-06,udp,unknown,496,0,OTH,0,2,0,580,0,0,Normal
0.0,tcp,ssl,0,0,S1,0,2,0,120,0,1,Attack
0.968663,tcp,unknown,81222,0,OTH,0,98,98,86514,5880,0,Normal
1.416895,udp,dns,0,0,OTH,0,8,0,224,0,1,Attack
1.915226,udp,dns,0,0,OTH,0,10,0,280,0,1,Attack
2.915729,tcp,http,84,0,S1,0,14,0,560,0,1,Attack
0.978208,tcp,unknown,68978,0,OTH,0,92,92,73946,5520,0,Normal
299.411285,tcp,dns,0,0,S1,0,4,0,256,0,1,Attack
0.965039,tcp,unknown,107370,0,OTH,0,112,106,113418,6360,0,Normal
3.427,tcp,http,96,0,S1,0,16,0,640,0,1,Attack
0.960405,tcp,unknown,75510,0,OTH,0,98,98,80802,5880,0,Normal
0.500724,udp,unknown,820,0,OTH,0,6,0,1072,0,0,Normal
0.973523,tcp,unknown,14038,0,OTH,0,72,72,17926,4320,0,Normal
1.910945,udp,dns,0,0,OTH,0,10,0,280,0,1,Attack
0.0,tcp,ssl,0,0,S1,0,2,0,120,0,1,Attack
0.0,other,unknown,0,0,OTH,0,1,0,60,0,0,Normal
0.0,other,unknown,0,0,OTH,0,1,0,60,0,0,Normal
0.0,other,unknown,0,0,OTH,0,1,0,60,0,0,Normal
1e-06,tcp,ssl,0,0,S1,0,2,0,120,0,1,Attack
2.906684,tcp,http,84,0,S1,0,14,0,560,0,1,Attack
1e-06,udp,dhcp,1480,0,OTH,0,2,0,1564,0,0,Normal
0.0,tcp,ssl,0,0,S1,0,2,0,120,0,1,Attack
0.0,tcp,dns,0,0,S1,0,2,0,128,0,1,Attack
0.973434,tcp,unknown,60862,0,OTH,0,82,82,65290,4920,0,Normal
1e-06,udp,unknown,496,0,OTH,0,2,0,580,0,0,Normal
0.989642,tcp,unknown,68128,0,OTH,0,98,98,73420,5880,0,Normal
122.03538,tcp,dns,0,0,S1,0,4,0,256,0,1,Attack
0.0,tcp,ssl,0,0,S1,0,2,0,120,0,1,Attack
1e-06,udp,unknown,274,0,OTH,0,2,0,358,0,0,Normal
0.941956,tcp,unknown,68130,0,OTH,0,88,88,72882,5280,0,Normal
298.863334,tcp,dns,0,0,S1,0,4,0,256,0,1,Attack
1.894621,udp,dns,0,0,OTH,0,10,0,280,0,1,Attack
0.995334,tcp,unknown,61632,0,OTH,0,82,82,66060,4920,0,Normal
118.097104,tcp,dns,0,0,S1,0,4,0,256,0,1,Attack
1e-06,udp,unknown,496,0,OTH,0,2,0,580,0,0,Normal
0.041106,tcp,unknown,4,12,RSTR,0,2,2,88,80,1,Attack
0.014612,tcp,unknown,4,12,RSTR,0,2,2,88,80,1,Attack
0.035639,tcp,unknown,4,12,RSTR,0,2,2,88,80,1,Attack
2.928875,tcp,http,84,0,S1,0,14,0,560,0,1,Attack
0.825604,tcp,unknown,129198,1316,S1,0,128,114,136138,8124,0,Normal
2.945805,tcp,http,84,0,S1,0,14,0,560,0,1,Attack
0.959853,tcp,unknown,101662,0,OTH,0,120,118,108142,7080,0,Normal
0.003981,tcp,unknown,1762,930,SF,0,14,10,2506,1466,1,Attack
0.287709,other,unknown,0,0,OTH,0,2,0,120,0,0,Normal
1e-06,tcp,dns,0,0,S1,0,2,0,128,0,1,Attack
0.0,tcp,dns,0,0,S1,0,2,0,128,0,1,Attack
1e-06,udp,dhcp,1480,0,OTH,0,2,0,1564,0,0,Normal
0.011325,tcp,unknown,4,12,RSTR,0,2,2,88,80,1,Attack
1.936395,udp,dns,0,0,OTH,0,10,0,280,0,1,Attack
0.967022,tcp,unknown,110906,0,OTH,0,122,120,117494,7200,0,Normal
0.979636,tcp,unknown,113208,0,OTH,0,126,126,120012,7560,0,Normal
0.0,tcp,dns,0,0,S1,0,2,0,128,0,1,Attack
1e-06,udp,unknown,496,0,OTH,0,2,0,580,0,0,Normal
1.905665,udp,dns,0,0,OTH,0,10,0,280,0,1,Attack
0.227093,other,unknown,0,0,OTH,0,2,0,120,0,0,Normal
0.514989,udp,unknown,820,0,OTH,0,6,0,1072,0,0,Normal
0.0,udp,unknown,496,0,OTH,0,2,0,580,0,0,Normal
0.981981,tcp,unknown,109620,0,OTH,0,116,114,115884,6840,0,Normal
0.0,tcp,dns,0,0,S1,0,2,0,128,0,1,Attack
1.915252,udp,dns,0,0,OTH,0,10,0,280,0,1,Attack
0.170763,other,unknown,0,0,OTH,0,2,0,120,0,0,Normal
1e-06,udp,unknown,274,0,OTH,0,2,0,358,0,0,Normal
0.969286,tcp,unknown,73972,0,OTH,0,80,82,78292,4920,0,Normal
0.984154,tcp,unknown,95250,0,OTH,0,112,108,101298,6480,0,Normal
1e-06,udp,dhcp,1480,0,OTH,0,2,0,1564,0,0,Normal
0.960044,tcp,unknown,113946,0,OTH,0,128,124,120858,7440,0,Normal
0.979791,udp,unknown,992,0,OTH,0,4,0,1160,0,0,Normal
1e-06,udp,unknown,496,0,OTH,0,2,0,580,0,0,Normal
0.987062,tcp,unknown,102600,0,OTH,0,110,102,108540,6120,0,Normal
3.423463,tcp,http,90,0,S1,0,15,0,600,0,1,Attack
0.986918,tcp,unknown,81374,0,OTH,0,98,98,86666,5880,0,Normal
10.9838,tcp,dns,0,0,S1,0,4,0,256,0,1,Attack
0.0,other,unknown,0,0,OTH,0,1,0,60,0,0,Normal
0.0,other,unknown,0,0,OTH,0,1,0,60,0,0,Normal
3.429583,tcp,http,96,0,S1,0,16,0,640,0,1,Attack
0.96812,tcp,unknown,55414,0,OTH,0,74,74,59410,4440,0,Normal
62.310819,tcp,dns,0,0,S1,0,4,0,256,0,1,Attack
0.512737,tcp,unknown,132350,1320,S1,0,120,108,138858,7768,0,Normal
0.940038,tcp,unknown,65814,0,OTH,0,94,94,70890,5640,0,Normal
0.975638,tcp,unknown,76854,0,OTH,0,96,96,82038,5760,0,Normal
1e-06,tcp,dns,0,0,S1,0,2,0,128,0,1,Attack
1e-06,tcp,dns,0,0,S1,0,2,0,128,0,1,Attack
0.963585,tcp,unknown,74552,0,OTH,0,90,90,79412,5400,0,Normal
0.610835,other,unknown,0,0,OTH,0,3,0,182,0,0,Normal
0.234988,udp,unknown,324,0,OTH,0,4,0,492,0,0,Normal
0.0,tcp,dns,0,0,S1,0,2,0,128,0,1,Attack
0.955266,tcp,unknown,116180,0,OTH,0,126,126,122984,7560,0,Normal
0.0,tcp,ssl,0,0,S1,0,2,0,120,0,1,Attack
1.889559,udp,dns,0,0,OTH,0,10,0,280,0,1,Attack
0.0,tcp,ssl,0,0,S1,0,2,0,120,0,1,Attack
0.0,tcp,dns,0,0,S1,0,2,0,128,0,1,Attack
0.0,tcp,dns,0,0,S1,0,2,0,128,0,1,Attack
1e-06,udp,unknown,496,0,OTH,0,2,0,580,0,0,Normal
0.076435,other,unknown,0,0,OTH,0,2,0,120,0,0,Normal
0.156233,tcp,unknown,12574,0,RSTO,0,18,16,13558,960,0,Normal
0.0,other,unknown,0,0,OTH,0,1,0,60,0,0,Normal
0.0,other,unknown,0,0,OTH,0,1,0,60,0,0,Normal
0.0,other,unknown,0,0,OTH,0,1,0,60,0,0,Normal
2.9113,tcp,http,84,0,S1,0,14,0,560,0,1,Attack
0.236139,other,unknown,0,0,OTH,0,2,0,120,0,0,Normal
0.0,tcp,dns,0,0,S1,0,2,0,128,0,1,Attack
0.0,tcp,dns,0,0,S1,0,2,0,128,0,1,Attack
1.921557,udp,dns,0,0,OTH,0,10,0,280,0,1,Attack
2.913754,tcp,http,84,0,S1,0,14,0,560,0,1,Attack
0.0,tcp,dns,0,0,S1,0,2,0,128,0,1,Attack
1.914902,udp,dns,0,0,OTH,0,10,0,280,0,1,Attack
1.910728,udp,dns,0,0,OTH,0,10,0,280,0,1,Attack
0.981275,tcp,unknown,95034,0,OTH,0,100,98,100434,5880,0,Normal
1.923375,udp,dns,0,0,OTH,0,10,0,280,0,1,Attack
0.05516,tcp,unknown,4,12,RSTR,0,2,2,88,80,1,Attack
1.910943,udp,dns,0,0,OTH,0,10,0,280,0,1,Attack
1e-06,tcp,dns,0,0,S1,0,2,0,128,0,1,Attack
0.905764,tcp,unknown,99366,1320,S1,0,108,94,105226,6928,0,Normal
1e-06,udp,unknown,496,0,OTH,0,2,0,580,0,0,Normal
1.912203,udp,dns,0,0,OTH,0,10,0,280,0,1,Attack
0.0,udp,unknown,274,0,OTH,0,2,0,358,0,0,Normal
1e-06,udp,unknown,496,0,OTH,0,2,0,580,0,0,Normal
0.97868,tcp,unknown,88438,0,OTH,0,102,102,93946,6120,0,Normal
30.033024,tcp,dns,0,0,S1,0,4,0,256,0,1,Attack
2.926463,tcp,http,84,0,S1,0,14,0,560,0,1,Attack
0.052611,tcp,unknown,4,12,RSTR,0,2,2,88,80,1,Attack
1e-06,udp,unknown,496,0,OTH,0,2,0,580,0,0,Normal
0.973884,tcp,unknown,77380,0,OTH,0,94,94,82456,5640,0,Normal
0.987449,tcp,unknown,73192,0,OTH,0,92,94,78160,5640,0,Normal
179.010202,tcp,dns,0,0,S1,0,6,0,384,0,1,Attack
2.938553,tcp,http,84,0,S1,0,14,0,560,0,1,Attack
1.9248,udp,dns,0,0,OTH,0,10,0,280,0,1,Attack
1.90486,udp,dns,0,0,OTH,0,10,0,280,0,1,Attack
0.0,tcp,dns,0,0,S1,0,2,0,128,0,1,Attack
1e-06,tcp,dns,0,0,S1,0,2,0,128,0,1,Attack
3.428854,tcp,http,96,0,S1,0,16,0,640,0,1,Attack
0.0,tcp,ssl,0,0,S1,0,2,0,120,0,1,Attack
0.0,other,unknown,0,0,OTH,0,1,0,60,0,0,Normal
1.8964,udp,dns,0,0,OTH,0,10,0,280,0,1,Attack
1.889411,udp,dns,0,0,OTH,0,10,0,280,0,1,Attack
175.584579,tcp,dns,0,0,S1,0,6,0,384,0,1,Attack
0.954272,tcp,unknown,70146,0,OTH,0,88,88,74898,5280,0,Normal
0.0,tcp,ssl,0,0,S1,0,2,0,120,0,1,Attack
0.956749,tcp,unknown,79924,0,OTH,0,94,94,85000,5640,0,Normal
0.0,other,unknown,0,0,OTH,0,1,0,60,0,0,Normal
0.966585,tcp,unknown,115472,0,OTH,0,132,132,122600,7920,0,Normal
2.917333,tcp,http,84,0,S1,0,14,0,560,0,1,Attack
0.0,udp,unknown,496,0,OTH,0,2,0,580,0,0,Normal
0.0,other,unknown,0,0,OTH,0,1,0,60,0,0,Normal
0.966284,tcp,unknown,77566,0,OTH,0,86,86,82210,5160,0,Normal
0.0,tcp,dns,0,0,S1,0,2,0,128,0,1,Attack
2.918704,tcp,http,84,0,S1,0,14,0,560,0,1,Attack
0.935104,tcp,unknown,75076,0,OTH,0,82,82,79504,4920,0,Normal
1e-06,udp,unknown,496,0,OTH,0,2,0,580,0,0,Normal
0.962699,tcp,unknown,79682,0,OTH,0,106,106,85406,6360,0,Normal
1e-06,tcp,dns,0,0,S1,0,2,0,128,0,1,Attack
1e-06,udp,unknown,496,0,OTH,0,2,0,580,0,0,Normal
0.009103,tcp,unknown,246,6284,SF,0,18,14,1198,7028,1,Attack
1e-06,udp,unknown,496,0,OTH,0,2,0,580,0,0,Normal
0.406307,tcp,unknown,106542,1320,S1,0,94,56,111646,4648,0,Normal
1.922564,udp,dns,0,0,OTH,0,9,0,252,0,1,Attack
0.96414,tcp,unknown,58338,0,OTH,0,74,74,62334,4440,0,Normal
3.429239,tcp,http,96,0,S1,0,16,0,640,0,1,Attack
0.915009,tcp,unknown,69692,230,OTH,0,92,78,74660,4898,0,Normal
0.553842,udp,unknown,12966,0,OTH,0,48,0,14310,0,1,Attack
1e-06,udp,unknown,496,0,OTH,0,2,0,580,0,0,Normal
0.0,tcp,dns,0,0,S1,0,2,0,128,0,1,Attack
1.921289,udp,dns,0,0,OTH,0,10,0,280,0,1,Attack
197.892428,tcp,dns,0,0,S1,0,6,0,384,0,1,Attack
1e-06,tcp,ssl,0,0,S1,0,2,0,120,0,1,Attack
0.994262,tcp,unknown,77426,0,OTH,0,98,98,82718,5880,0,Normal
0.972862,tcp,unknown,95784,0,OTH,0,122,122,102372,7320,0,Normal
1.910776,udp,dns,0,0,OTH,0,10,0,280,0,1,Attack
95.044503,tcp,dns,0,0,S1,0,4,0,256,0,1,Attack
1.903539,udp,dns,0,0,OTH,0,10,0,280,0,1,Attack
0.0,tcp,ssl,0,0,S1,0,2,0,120,0,1,Attack
0.0,tcp,ssl,0,0,S1,0,2,0,120,0,1,Attack
0.006522,tcp,http,0,12,RSTR,0,2,2,120,80,1,Attack
1.921553,udp,dns,0,0,OTH,0,10,0,280,0,1,Attack
0.0,tcp,dns,0,0,S1,0,2,0,128,0,1,Attack
3.42716,tcp,http,96,0,S1,0,16,0,640,0,1,Attack
0.0,udp,unknown,496,0,OTH,0,2,0,580,0,0,Normal
0.995984,tcp,unknown,113154,0,OTH,0,120,120,119634,7200,0,Normal
0.0,tcp,dns,0,0,S1,0,2,0,128,0,1,Attack
1.905121,udp,dns,0,0,OTH,0,10,0,280,0,1,Attack
1.418651,udp,dns,0,0,OTH,0,8,0,224,0,1,Attack
0.0,tcp,dns,0,0,S1,0,2,0,128,0,1,Attack
0.944942,tcp,unknown,83576,0,OTH,0,106,106,89300,6360,0,Normal
0.983706,tcp,unknown,76434,0,OTH,0,94,94,81510,5640,0,Normal
1e-06,udp,unknown,496,0,OTH,0,2,0,580,0,0,Normal
1e-06,udp,dhcp,1480,0,OTH,0,2,0,1564,0,0,Normal
2.908819,tcp,http,84,0,S1,0,14,0,560,0,1,Attack
1e-06,udp,unknown,496,0,OTH,0,2,0,580,0,0,Normal
1.891797,udp,dns,0,0,OTH,0,10,0,280,0,1,Attack
0.974969,other,unknown,0,0,OTH,0,2,0,122,0,0,Normal
0.966287,tcp,unknown,49980,0,OTH,0,72,72,53868,4320,0,Normal
0.052631,tcp,unknown,4,12,RSTR,0,2,2,88,80,1,Attack
1.912751,udp,dns,0,0,OTH,0,10,0,280,0,1,Attack
0.981961,tcp,unknown,96894,0,OTH,0,106,104,102618,6240,0,Normal
0.977827,tcp,unknown,113748,0,OTH,0,120,118,120228,7080,0,Normal
2.93539,tcp,http,84,0,S1,0,14,0,560,0,1,Attack
0.0,tcp,dns,0,0,S1,0,2,0,128,0,1,Attack
0.0,udp,unknown,178,0,OTH,0,2,0,262,0,0,Normal
0.0,other,unknown,0,0,OTH,0,1,0,60,0,0,Normal
1.904396,udp,dns,0,0,OTH,0,10,0,280,0,1,Attack
2.939145,tcp,http,84,0,S1,0,14,0,560,0,1,Attack
0.964095,tcp,unknown,102212,0,OTH,0,122,120,108800,7200,0,Normal
0.94064,other,unknown,0,0,OTH,0,2,0,120,0,0,Normal
0.95562,tcp,unknown,77116,0,OTH,0,94,94,82192,5640,0,Normal
303.903486,tcp,dns,0,0,S1,0,6,0,384,0,1,Attack
1.903816,udp,dns,0,0,OTH,0,10,0,280,0,1,Attack
1.529834,tcp,unknown,1560,1986,SF,0,24,20,2500,2754,1,Attack
0.495698,udp,unknown,486,0,OTH,0,6,0,738,0,0,Normal
0.0,tcp,dns,0,0,S1,0,2,0,128,0,1,Attack
0.0,tcp,dns,0,0,S1,0,2,0,128,0,1,Attack
1.889472,udp,dns,0,0,OTH,0,10,0,280,0,1,Attack
1e-06,udp,unknown,496,0,OTH,0,2,0,580,0,0,Normal
0.0,tcp,dns,0,0,S1,0,2,0,128,0,1,Attack
0.0,tcp,ssl,0,0,S1,0,2,0,120,0,1,Attack
0.0,udp,unknown,162,0,OTH,0,2,0,246,0,0,Normal
165.00395,tcp,dns,0,0,S1,0,4,0,256,0,1,Attack
0.991389,tcp,unknown,81282,0,OTH,0,102,102,86790,6120,0,Normal
0.980727,tcp,unknown,75218,0,OTH,0,92,92,80186,5520,0,Normal
0.0,tcp,dns,0,0,S1,0,2,0,128,0,1,Attack
1.913705,udp,dns,0,0,OTH,0,10,0,280,0,1,Attack
2.926479,tcp,http,84,0,S1,0,14,0,560,0,1,Attack
1.927693,udp,dns,0,0,OTH,0,9,0,252,0,1,Attack
1.059591,tcp,ssl,0,0,S1,0,4,0,240,0,1,Attack
2.912218,tcp,http,84,0,S1,0,14,0,560,0,1,Attack
65.973934,tcp,dns,0,0,S1,0,4,0,256,0,1,Attack
1e-06,tcp,ssl,0,0,S1,0,2,0,120,0,1,Attack
1e-06,udp,unknown,496,0,OTH,0,2,0,580,0,0,Normal
2.92237,tcp,http,84,0,S1,0,14,0,560,0,1,Attack
2.944654,tcp,http,84,0,S1,0,14,0,560,0,1,Attack
0.0,other,unknown,0,0,OTH,0,1,0,60,0,0,Normal
1e-06,tcp,ssl,0,0,S1,0,2,0,120,0,1,Attack
2.944674,tcp,http,84,0,S1,0,14,0,560,0,1,Attack
1e-06,tcp,dns,0,0,S1,0,2,0,128,0,1,Attack
3.424509,tcp,http,96,0,S1,0,16,0,640,0,1,Attack
0.0,udp,unknown,86,0,OTH,0,2,0,170,0,0,Normal
0.963089,tcp,unknown,106402,0,OTH,0,120,120,112882,7200,0,Normal
0.255473,udp,unknown,658,0,OTH,0,4,0,826,0,0,Normal
0.964533,tcp,unknown,79696,0,OTH,0,102,102,85204,6120,0,Normal
1.903718,udp,dns,0,0,OTH,0,10,0,280,0,1,Attack
0.995868,tcp,unknown,78472,0,OTH,0,98,98,83764,5880,0,Normal
0.501568,udp,unknown,820,0,OTH,0,6,0,1072,0,0,Normal
0.851868,other,unknown,0,0,OTH,0,2,0,120,0,0,Normal
2.937691,tcp,http,84,0,S1,0,14,0,560,0,1,Attack
1.908739,udp,dns,0,0,OTH,0,10,0,280,0,1,Attack
1e-06,udp,unknown,496,0,OTH,0,2,0,580,0,0,Normal
0.967801,tcp,unknown,81350,0,OTH,0,98,100,86642,6000,0,Normal
0.0,tcp,dns,0,0,S1,0,2,0,128,0,1,Attack
0.971707,tcp,unknown,110074,0,OTH,0,122,122,116662,7320,0,Normal
1e-06,udp,unknown,496,0,OTH,0,2,0,580,0,0,Normal
0.0,other,unknown,0,0,OTH,0,1,0,60,0,0,Normal
1e-06,tcp,dns,0,0,S1,0,2,0,128,0,1,Attack
0.0,other,unknown,0,0,OTH,0,1,0,60,0,0,Normal
0.134854,udp,unknown,1096,0,OTH,0,8,0,1432,0,0,Normal
0.223885,other,unknown,0,0,OTH,0,2,0,120,0,0,Normal
0.986338,tcp,unknown,96036,0,OTH,0,112,106,102084,6360,0,Normal
0.970002,tcp,unknown,93744,0,OTH,0,106,106,99468,6360,0,Normal
0.0,tcp,ssl,0,0,S1,0,2,0,120,0,1,Attack
1.903601,udp,dns,0,0,OTH,0,10,0,280,0,1,Attack
1e-06,udp,dhcp,1480,0,OTH,0,2,0,1564,0,0,Normal
0.0,tcp,ssl,0,0,S1,0,2,0,120,0,1,Attack
2.947074,tcp,http,84,0,S1,0,14,0,560,0,1,Attack
0.949037,tcp,unknown,77552,0,OTH,0,98,98,82844,5880,0,Normal
0.0,tcp,dns,0,0,S1,0,2,0,128,0,1,Attack
1.914161,udp,dns,0,0,OTH,0,10,0,280,0,1,Attack
0.0,udp,unknown,496,0,OTH,0,2,0,580,0,0,Normal
0.0,tcp,ssl,0,0,S1,0,2,0,120,0,1,Attack
0.0,other,unknown,0,0,OTH,0,1,0,60,0,0,Normal
1.913669,udp,dns,0,0,OTH,0,10,0,280,0,1,Attack
1.914262,udp,dns,0,0,OTH,0,10,0,280,0,1,Attack
0.927942,tcp,unknown,102400,0,OTH,0,116,116,108664,6960,0,Normal
0.965361,tcp,unknown,102306,0,OTH,0,116,116,108570,6960,0,Normal
0.0,tcp,ssl,0,0,S1,0,2,0,120,0,1,Attack
1.908,udp,dns,0,0,OTH,0,10,0,280,0,1,Attack
1e-06,udp,unknown,496,0,OTH,0,2,0,580,0,0,Normal
1.935678,udp,dns,0,0,OTH,0,10,0,280,0,1,Attack
2.931668,tcp,http,84,0,S1,0,14,0,560,0,1,Attack
1e-06,tcp,ssl,0,0,S1,0,2,0,120,0,1,Attack
1e-06,tcp,dns,0,0,S1,0,2,0,128,0,1,Attack
195.27631,tcp,dns,0,0,S1,0,6,0,384,0,1,Attack
0.0,other,unknown,0,0,OTH,0,1,0,60,0,0,Normal
0.023588,tcp,unknown,4,12,RSTR,0,2,2,88,80,1,Attack
1.921466,udp,dns,0,0,OTH,0,10,0,280,0,1,Attack
0.0,tcp,ssl,0,0,S1,0,2,0,120,0,1,Attack
0.0,udp,unknown,496,0,OTH,0,2,0,580,0,0,Normal
0.97598,tcp,unknown,80262,0,OTH,0,94,92,85338,5520,0,Normal
0.0,tcp,ssl,0,0,S1,0,2,0,120,0,1,Attack
0.980186,tcp,unknown,111218,0,OTH,0,122,120,117806,7200,0,Normal
1e-06,udp,unknown,496,0,OTH,0,2,0,580,0,0,Normal
0.0,udp,unknown,496,0,OTH,0,2,0,580,0,0,Normal
1e-06,udp,unknown,496,0,OTH,0,2,0,580,0,0,Normal
1.910744,udp,dns,0,0,OTH,0,10,0,280,0,1,Attack
1.891665,udp,dns,0,0,OTH,0,10,0,280,0,1,Attack
0.0,tcp,ssl,0,0,S1,0,2,0,120,0,1,Attack
2.905824,tcp,http,84,0,S1,0,14,0,560,0,1,Attack
1e-06,udp,unknown,496,0,OTH,0,2,0,580,0,0,Normal
0.0,tcp,dns,0,0,S1,0,2,0,128,0,1,Attack
2.941681,tcp,http,84,0,S1,0,14,0,560,0,1,Attack
0.0,udp,unknown,86,0,OTH,0,2,0,170,0,0,Normal
231.066763,tcp,dns,0,0,S1,0,4,0,256,0,1,Attack
1.912225,udp,dns,0,0,OTH,0,10,0,280,0,1,Attack
0.0,tcp,dns,0,0,S1,0,2,0,128,0,1,Attack
0.0,other,unknown,0,0,OTH,0,1,0,60,0,0,Normal
0.943439,tcp,unknown,100494,0,OTH,0,100,100,105894,6000,0,Normal
0.0,tcp,ssl,0,0,S1,0,2,0,120,0,1,Attack
0.61094,udp,unknown,820,0,OTH,0,6,0,1072,0,0,Normal
0.970438,tcp,unknown,81782,0,OTH,0,110,110,87726,6600,0,Normal
0.963643,tcp,unknown,71880,0,OTH,0,98,98,77172,5880,0,Normal
0.0,tcp,dns,0,0,S1,0,2,0,128,0,1,Attack
1.905298,udp,dns,0,0,OTH,0,10,0,280,0,1,Attack
0.0,other,unknown,0,0,OTH,0,1,0,60,0,0,Normal
0.0,other,unknown,0,0,OTH,0,1,0,60,0,0,Normal
0.971013,tcp,unknown,108196,0,OTH,0,110,110,114136,6600,0,Normal
1e-06,udp,dhcp,1480,0,OTH,0,2,0,1564,0,0,Normal
0.499079,udp,unknown,486,0,OTH,0,6,0,738,0,0,Normal
1.923413,udp,dns,0,0,OTH,0,10,0,280,0,1,Attack
1.901949,udp,dns,0,0,OTH,0,10,0,280,0,1,Attack
0.644264,other,unknown,0,0,OTH,0,2,0,120,0,0,Normal
0.0,tcp,ssl,0,0,S1,0,2,0,120,0,1,Attack
2.927196,tcp,http,84,0,S1,0,14,0,560,0,1,Attack
1.901326,udp,dns,0,0,OTH,0,10,0,280,0,1,Attack
0.0,tcp,ssl,0,0,S1,0,2,0,120,0,1,Attack
0.005807,tcp,unknown,4,12,RSTR,0,2,2,88,80,1,Attack
0.958351,tcp,unknown,269214,1128,OTH,0,228,156,281526,10440,0,Normal
0.964889,tcp,unknown,91392,0,OTH,0,106,106,97116,6360,0,Normal
0.0,tcp,ssl,0,0,S1,0,2,0,120,0,1,Attack
1e-06,udp,unknown,274,0,OTH,0,2,0,358,0,0,Normal
0.963839,tcp,unknown,103892,0,OTH,0,120,120,110372,7200,0,Normal
0.214871,other,unknown,0,0,OTH,0,2,0,120,0,0,Normal
1e-06,udp,dhcp,1480,0,OTH,0,2,0,1564,0,0,Normal
0.951291,tcp,unknown,78340,0,OTH,0,96,96,83524,5760,0,Normal
0.019852,other,unknown,0,0,OTH,0,2,0,120,0,0,Normal
1e-06,udp,dhcp,1480,0,OTH,0,2,0,1564,0,0,Normal
3.427919,tcp,http,90,0,S1,0,15,0,600,0,1,Attack
1e-06,udp,unknown,496,0,OTH,0,2,0,580,0,0,Normal
0.987949,tcp,unknown,111410,0,OTH,0,118,118,117782,7080,0,Normal
0.942953,tcp,unknown,67540,0,OTH,0,88,88,72292,5280,0,Normal
1e-06,tcp,ssl,0,0,S1,0,2,0,120,0,1,Attack
8.996743,tcp,dns,0,0,S1,0,4,0,256,0,1,Attack
0.944639,tcp,unknown,86334,0,OTH,0,98,98,91626,5880,0,Normal
2.920748,tcp,http,84,0,S1,0,14,0,560,0,1,Attack
0.975671,tcp,unknown,78328,0,OTH,0,94,94,83404,5640,0,Normal
0.008307,tcp,unknown,4,12,RSTR,0,2,2,88,80,1,Attack
0.004226,tcp,unknown,1762,930,SF,0,12,10,2402,1466,1,Attack
3.423464,tcp,http,96,0,S1,0,16,0,640,0,1,Attack
0.0,tcp,dns,0,0,S1,0,2,0,128,0,1,Attack
175.580869,tcp,dns,0,0,S1,0,4,0,256,0,1,Attack
0.979473,tcp,unknown,78276,0,OTH,0,96,96,83460,5760,0,Normal
0.012064,tcp,unknown,4,12,RSTR,0,2,2,88,80,1,Attack
0.986385,tcp,unknown,51208,0,OTH,0,72,72,55096,4320,0,Normal
0.964156,tcp,unknown,75324,0,OTH,0,94,94,80400,5640,0,Normal
1e-06,udp,unknown,274,0,OTH,0,2,0,358,0,0,Normal
0.962173,tcp,unknown,100746,0,OTH,0,112,112,106794,6720,0,Normal
2.939793,tcp,http,84,0,S1,0,14,0,560,0,1,Attack
1e-06,udp,unknown,496,0,OTH,0,2,0,580,0,0,Normal
0.0,tcp,ssl,0,0,S1,0,2,0,120,0,1,Attack
3.428213,tcp,http,96,0,S1,0,16,0,640,0,1,Attack
0.0,tcp,ssl,0,0,S1,0,2,0,120,0,1,Attack
0.0,tcp,dns,0,0,S1,0,2,0,128,0,1,Attack
0.0,tcp,ssl,0,0,S1,0,2,0,120,0,1,Attack
1e-06,tcp,dns,0,0,S1,0,2,0,128,0,1,Attack
0.0,tcp,ssl,0,0,S1,0,2,0,120,0,1,Attack
0.0,tcp,dns,0,0,S1,0,2,0,128,0,1,Attack
0.956792,tcp,unknown,77626,0,OTH,0,100,100,83026,6000,0,Normal
3.427004,tcp,http,96,0,S1,0,16,0,640,0,1,Attack
0.0,udp,unknown,496,0,OTH,0,2,0,580,0,0,Normal
1e-06,udp,unknown,28,0,OTH,0,4,0,140,0,1,Attack
2.938797,tcp,http,84,0,S1,0,14,0,560,0,1,Attack
0.0,tcp,dns,0,0,S1,0,2,0,128,0,1,Attack
0.977755,tcp,unknown,71252,0,OTH,0,98,98,76544,5880,0,Normal
1e-06,udp,unknown,496,0,OTH,0,2,0,580,0,0,Normal
2.906797,tcp,http,84,0,S1,0,14,0,560,0,1,Attack
0.963678,tcp,unknown,104220,0,OTH,0,114,114,110376,6840,0,Normal
0.963548,tcp,unknown,49444,0,OTH,0,76,76,53548,4560,0,Normal
0.141639,other,unknown,0,0,OTH,0,3,0,180,0,0,Normal
2.918797,tcp,http,84,0,S1,0,14,0,560,0,1,Attack
0.569308,other,unknown,0,0,OTH,0,4,0,242,0,0,Normal
0.0,tcp,dns,0,0,S1,0,2,0,128,0,1,Attack
0.0,tcp,dns,0,0,S1,0,2,0,128,0,1,Attack
0.01024,tcp,unknown,4,12,RSTR,0,2,2,88,80,1,Attack
0.166202,other,unknown,0,0,OTH,0,2,0,120,0,0,Normal
1e-06,udp,unknown,496,0,OTH,0,2,0,580,0,0,Normal
1e-06,tcp,dns,0,0,S1,0,2,0,128,0,1,Attack
0.0,tcp,ssl,0,0,S1,0,2,0,120,0,1,Attack
26.024006,tcp,dns,0,0,S1,0,4,0,256,0,1,Attack
1.907181,udp,dns,0,0,OTH,0,10,0,280,0,1,Attack
0.187051,other,unknown,0,0,OTH,0,2,0,120,0,0,Normal
1.890747,udp,dns,0,0,OTH,0,10,0,280,0,1,Attack
0.969352,tcp,unknown,126898,0,OTH,0,136,136,134242,8160,0,Normal
10.984407,tcp,dns,0,0,S1,0,4,0,256,0,1,Attack
0.94801,tcp,unknown,68342,0,OTH,0,88,88,73094,5280,0,Normal
0.0,tcp,dns,0,0,S1,0,2,0,128,0,1,Attack
0.971141,tcp,unknown,51244,0,OTH,0,70,70,55024,4200,0,Normal
0.0,tcp,ssl,0,0,S1,0,2,0,120,0,1,Attack
0.987033,tcp,unknown,55570,0,OTH,0,82,82,59998,4920,0,Normal
1.889528,udp,dns,0,0,OTH,0,10,0,280,0,1,Attack
1e-06,udp,unknown,496,0,OTH,0,2,0,580,0,0,Normal
0.0,tcp,dns,0,0,S1,0,2,0,128,0,1,Attack
0.057975,other,unknown,0,0,OTH,0,2,0,120,0,0,Normal
0.394065,tcp,unknown,10204,0,RSTO,0,26,24,11620,1440,0,Normal
0.984095,tcp,unknown,94858,0,OTH,0,110,110,100798,6600,0,Normal
1.416148,udp,dns,0,0,OTH,0,8,0,224,0,1,Attack
0.0,tcp,dns,0,0,S1,0,2,0,128,0,1,Attack
1e-06,udp,unknown,496,0,OTH,0,2,0,580,0,0,Normal
176.00665,tcp,dns,0,0,S1,0,4,0,256,0,1,Attack
1.923073,udp,dns,0,0,OTH,0,10,0,280,0,1,Attack
2.937968,tcp,http,84,0,S1,0,14,0,560,0,1,Attack
2.930551,tcp,http,84,0,S1,0,14,0,560,0,1,Attack
0.0,other,unknown,0,0,OTH,0,1,0,60,0,0,Normal
153.798053,tcp,http,0,24,RSTR,0,4,4,240,160,1,Attack
2.939907,tcp,http,84,0,S1,0,14,0,560,0,1,Attack
280.995587,tcp,dns,0,0,S1,0,6,0,384,0,1,Attack
1e-06,tcp,ssl,0,0,S1,0,2,0,120,0,1,Attack
198.020181,tcp,dns,0,0,S1,0,4,0,256,0,1,Attack
0.0,tcp,dns,0,0,S1,0,2,0,128,0,1,Attack
0.0,tcp,dns,0,0,S1,0,2,0,128,0,1,Attack
0.453058,udp,unknown,486,0,OTH,0,6,0,738,0,0,Normal
0.0,other,unknown,0,0,OTH,0,1,0,60,0,0,Normal
0.970062,tcp,unknown,66918,0,OTH,0,90,90,71778,5400,0,Normal
1e-06,udp,dhcp,1480,0,OTH,0,2,0,1564,0,0,Normal
0.143876,tcp,unknown,1942,1320,S1,0,14,16,2726,2248,0,Normal
2.947049,tcp,http,84,0,S1,0,14,0,560,0,1,Attack
0.9755,tcp,unknown,98658,0,OTH,0,114,110,104814,6600,0,Normal
1.912039,udp,dns,0,0,OTH,0,10,0,280,0,1,Attack
1.915473,udp,dns,0,0,OTH,0,10,0,280,0,1,Attack
0.500945,udp,unknown,820,0,OTH,0,6,0,1072,0,0,Normal
0.0,tcp,ssl,0,0,S1,0,2,0,120,0,1,Attack
1e-06,udp,unknown,496,0,OTH,0,2,0,580,0,0,Normal
1.933967,udp,dns,0,0,OTH,0,9,0,252,0,1,Attack
0.560077,other,unknown,0,0,OTH,0,2,0,120,0,0,Normal
3.427397,tcp,http,96,0,S1,0,16,0,640,0,1,Attack
0.0,other,unknown,0,0,OTH,0,1,0,60,0,0,Normal
0.252204,udp,unknown,324,0,OTH,0,4,0,492,0,0,Normal
0.984125,tcp,unknown,64292,0,OTH,0,84,84,68828,5040,0,Normal
3.42809,tcp,http,96,0,S1,0,16,0,640,0,1,Attack
1e-06,udp,unknown,496,0,OTH,0,2,0,580,0,0,Normal
0.987426,tcp,unknown,105752,0,OTH,0,124,124,112448,7440,0,Normal
0.0,tcp,ssl,0,0,S1,0,2,0,120,0,1,Attack
1.921382,udp,dns,0,0,OTH,0,10,0,280,0,1,Attack
0.356562,other,unknown,0,0,OTH,0,2,0,120,0,0,Normal
3.424247,tcp,http,90,0,S1,0,15,0,600,0,1,Attack
3.42723,tcp,http,96,0,S1,0,16,0,640,0,1,Attack
1.904808,udp,dns,0,0,OTH,0,10,0,280,0,1,Attack
2.923302,tcp,http,84,0,S1,0,14,0,560,0,1,Attack
0.0,udp,unknown,274,0,OTH,0,2,0,358,0,0,Normal
1.889516,udp,dns,0,0,OTH,0,10,0,280,0,1,Attack
0.0,other,unknown,0,0,OTH,0,1,0,60,0,0,Normal
0.982022,tcp,unknown,108770,0,OTH,0,126,126,115574,7560,0,Normal
0.96985,tcp,unknown,85104,0,OTH,0,100,100,90504,6000,0,Normal
0.0,tcp,dns,0,0,S1,0,2,0,128,0,1,Attack
2.939739,tcp,http,84,0,S1,0,14,0,560,0,1,Attack
0.518553,udp,unknown,486,0,OTH,0,6,0,738,0,0,Normal
0.0,tcp,ssl,0,0,S1,0,2,0,120,0,1,Attack
1.928944,udp,dns,0,0,OTH,0,10,0,280,0,1,Attack
0.34185,other,unknown,0,0,OTH,0,2,0,120,0,0,Normal
0.0,udp,unknown,274,0,OTH,0,2,0,358,0,0,Normal
0.0,udp,unknown,274,0,OTH,0,2,0,358,0,0,Normal
0.178722,tcp,unknown,16542,1320,S1,0,22,22,17746,2608,0,Normal
1.901626,udp,dns,0,0,OTH,0,10,0,280,0,1,Attack
1.891455,udp,dns,0,0,OTH,0,10,0,280,0,1,Attack
0.0,udp,dhcp,1480,0,OTH,0,2,0,1564,0,0,Normal
1e-06,udp,unknown,496,0,OTH,0,2,0,580,0,0,Normal
0.0,tcp,ssl,0,0,S1,0,2,0,120,0,1,Attack
0.979629,tcp,unknown,111708,0,OTH,0,120,120,118188,7200,0,Normal
0.957755,tcp,unknown,86142,0,OTH,0,92,94,91110,5640,0,Normal
1e-06,udp,unknown,86,0,OTH,0,2,0,170,0,0,Normal
3.424103,tcp,http,96,0,S1,0,16,0,640,0,1,Attack
0.979623,tcp,unknown,63562,0,OTH,0,84,84,68098,5040,0,Normal
1.889255,udp,dns,0,0,OTH,0,10,0,280,0,1,Attack
0.965511,tcp,unknown,67086,0,OTH,0,94,94,72162,5640,0,Normal
0.947517,tcp,unknown,78466,0,OTH,0,104,104,84082,6240,0,Normal
0.925522,tcp,unknown,110942,0,OTH,0,124,114,117638,6840,0,Normal
0.964835,tcp,unknown,104450,0,OTH,0,118,118,110822,7080,0,Normal
1e-06,udp,unknown,496,0,OTH,0,2,0,580,0,0,Normal
0.889981,tcp,unknown,99896,0,OTH,0,110,110,105836,6600,0,Normal
2.918306,tcp,http,84,0,S1,0,14,0,560,0,1,Attack
1e-06,tcp,dns,0,0,S1,0,2,0,128,0,1,Attack
0.0,udp,unknown,496,0,OTH,0,2,0,580,0,0,Normal
0.0331,other,unknown,0,0,OTH,0,2,0,120,0,0,Normal
2.1e-05,tcp,ssl,0,0,S1,0,2,0,120,0,1,Attack
1e-06,udp,unknown,496,0,OTH,0,2,0,580,0,0,Normal
1.897237,udp,dns,0,0,OTH,0,10,0,280,0,1,Attack
69.029461,tcp,dns,0,0,S1,0,4,0,256,0,1,Attack
0.966516,tcp,unknown,78222,0,OTH,0,90,90,83082,5400,0,Normal
1.926075,udp,dns,0,0,OTH,0,10,0,280,0,1,Attack
137.070418,tcp,dns,0,0,S1,0,6,0,384,0,1,Attack
1e-06,udp,unknown,496,0,OTH,0,2,0,580,0,0,Normal
0.973066,tcp,unknown,71682,0,OTH,0,96,96,76866,5760,0,Normal
0.0,tcp,ssl,0,0,S1,0,2,0,120,0,1,Attack
0.90898,other,unknown,0,0,OTH,0,2,0,120,0,0,Normal
0.247203,udp,unknown,324,0,OTH,0,4,0,492,0,0,Normal
0.987038,tcp,unknown,117936,0,OTH,0,126,126,124740,7560,0,Normal
0.976793,tcp,unknown,70576,0,OTH,0,82,82,75004,4920,0,Normal
0.995526,tcp,unknown,103494,0,OTH,0,122,122,110082,7320,0,Normal
3.42913,tcp,http,96,0,S1,0,16,0,640,0,1,Attack
273.299534,tcp,dns,0,0,S1,0,6,0,384,0,1,Attack
0.421004,other,unknown,0,0,OTH,0,2,0,120,0,0,Normal
1e-06,tcp,dns,0,0,S1,0,2,0,128,0,1,Attack
0.008648,tcp,unknown,4,12,RSTR,0,2,2,88,80,1,Attack
1e-06,udp,unknown,274,0,OTH,0,2,0,358,0,0,Normal
0.0,tcp,ssl,0,0,S1,0,2,0,120,0,1,Attack
1e-06,udp,unknown,496,0,OTH,0,2,0,580,0,0,Normal
2.944382,tcp,http,84,0,S1,0,14,0,560,0,1,Attack
2.94424,tcp,http,84,0,S1,0,14,0,560,0,1,Attack
0.961686,tcp,unknown,105014,0,OTH,0,120,120,111494,7200,0,Normal
0.0,tcp,ssl,0,0,S1,0,2,0,120,0,1,Attack
1e-06,udp,dhcp,1480,0,OTH,0,2,0,1564,0,0,Normal
1e-06,udp,unknown,496,0,OTH,0,2,0,580,0,0,Normal
153.995732,tcp,dns,0,0,S1,0,4,0,256,0,1,Attack
0.0,other,unknown,0,0,OTH,0,1,0,60,0,0,Normal
0.940635,tcp,unknown,102746,0,OTH,0,112,108,108794,6480,0,Normal
0.008716,tcp,http,0,12,RSTR,0,2,2,120,80,1,Attack
2.933861,tcp,http,84,0,S1,0,14,0,560,0,1,Attack
3.429082,tcp,http,96,0,S1,0,16,0,640,0,1,Attack
0.979309,tcp,unknown,77262,0,OTH,0,92,92,82230,5520,0,Normal
1e-06,udp,unknown,496,0,OTH,0,2,0,580,0,0,Normal
0.646951,udp,unknown,324,0,OTH,0,4,0,492,0,0,Normal
1e-06,tcp,dns,0,0,S1,0,2,0,128,0,1,Attack
0.970975,tcp,unknown,110816,0,OTH,0,126,124,117620,7440,0,Normal
1.905753,udp,dns,0,0,OTH,0,10,0,280,0,1,Attack
131.999801,tcp,dns,0,0,S1,0,4,0,256,0,1,Attack
2.939797,tcp,http,84,0,S1,0,14,0,560,0,1,Attack
0.0,other,unknown,0,0,OTH,0,1,0,60,0,0,Normal
0.975157,tcp,unknown,57090,0,OTH,0,76,76,61194,4560,0,Normal
2.927499,tcp,http,84,0,S1,0,14,0,560,0,1,Attack
2.940476,tcp,http,84,0,S1,0,14,0,560,0,1,Attack
0.965241,tcp,unknown,86680,0,OTH,0,102,102,92188,6120,0,Normal
0.997261,tcp,unknown,89570,0,OTH,0,104,104,95186,6240,0,Normal
1e-06,udp,unknown,496,0,OTH,0,2,0,580,0,0,Normal
1e-06,tcp,dns,0,0,S1,0,2,0,128,0,1,Attack
1e-06,tcp,ssl,0,0,S1,0,2,0,120,0,1,Attack
0.0,udp,dhcp,1480,0,OTH,0,2,0,1564,0,0,Normal
2.914482,tcp,http,84,0,S1,0,14,0,560,0,1,Attack
0.013036,tcp,unknown,4,12,RSTR,0,2,2,88,80,1,Attack
0.966323,tcp,unknown,58310,0,OTH,0,74,74,62306,4440,0,Normal
1.890908,udp,dns,0,0,OTH,0,10,0,280,0,1,Attack
1.415131,udp,dns,0,0,OTH,0,8,0,224,0,1,Attack
0.556225,other,unknown,0,0,OTH,0,2,0,120,0,0,Normal
0.96608,tcp,unknown,64798,0,OTH,0,78,78,69010,4680,0,Normal
7.004402,tcp,dns,0,0,S1,0,4,0,256,0,1,Attack
1.912121,udp,dns,0,0,OTH,0,10,0,280,0,1,Attack
0.752993,udp,unknown,982,0,OTH,0,8,0,1318,0,0,Normal
55.072602,tcp,dns,0,0,S1,0,4,0,256,0,1,Attack
0.984063,tcp,unknown,49142,0,OTH,0,88,88,53894,5280,0,Normal
0.053304,tcp,unknown,4,12,RSTR,0,2,2,88,80,1,Attack
2.919397,tcp,http,84,0,S1,0,14,0,560,0,1,Attack
1.900331,udp,dns,0,0,OTH,0,10,0,280,0,1,Attack
0.991547,tcp,unknown,47828,0,OTH,0,74,74,51824,4440,0,Normal
1.901851,udp,dns,0,0,OTH,0,10,0,280,0,1,Attack
0.964539,tcp,unknown,77294,0,OTH,0,102,102,82802,6120,0,Normal
0.942754,tcp,unknown,115132,0,OTH,0,120,120,121612,7200,0,Normal
2.931589,tcp,http,84,0,S1,0,14,0,560,0,1,Attack
0.780041,other,unknown,0,0,OTH,0,3,0,182,0,0,Normal
0.0,tcp,dns,0,0,S1,0,2,0,128,0,1,Attack
0.961181,tcp,unknown,73218,0,OTH,0,94,94,78294,5640,0,Normal
1e-06,udp,unknown,496,0,OTH,0,2,0,580,0,0,Normal
0.0,other,unknown,0,0,OTH,0,1,0,60,0,0,Normal
0.964519,tcp,unknown,45650,0,OTH,0,72,72,49538,4320,0,Normal
0.328129,other,unknown,0,0,OTH,0,2,0,120,0,0,Normal
0.0,udp,unknown,162,0,OTH,0,2,0,246,0,0,Normal
2.940663,tcp,http,84,0,S1,0,14,0,560,0,1,Attack
1e-06,tcp,ssl,0,0,S1,0,2,0,120,0,1,Attack
1e-06,tcp,ssl,0,0,S1,0,2,0,120,0,1,Attack
0.75062,udp,unknown,982,0,OTH,0,8,0,1318,0,0,Normal
0.164499,udp,unknown,1096,0,OTH,0,8,0,1432,0,0,Normal
1.89059,udp,dns,0,0,OTH,0,10,0,280,0,1,Attack
1.924028,udp,dns,0,0,OTH,0,10,0,280,0,1,Attack
0.0,tcp,dns,0,0,S1,0,2,0,128,0,1,Attack
0.0,udp,unknown,86,0,OTH,0,2,0,170,0,0,Normal
0.967409,tcp,unknown,48106,0,OTH,0,70,70,51886,4200,0,Normal
0.96263,tcp,unknown,117864,0,OTH,0,130,130,124884,7800,0,Normal
0.0,tcp,dns,0,0,S1,0,2,0,128,0,1,Attack
0.0,udp,dhcp,1480,0,OTH,0,2,0,1564,0,0,Normal
0.455373,tcp,unknown,174636,1320,S1,0,138,78,182116,5968,0,Normal
1.905386,udp,dns,0,0,OTH,0,10,0,280,0,1,Attack
0.0,tcp,ssl,0,0,S1,0,2,0,120,0,1,Attack
0.965354,tcp,unknown,37730,0,OTH,0,72,72,41618,4320,0,Normal
3.428197,tcp,http,96,0,S1,0,16,0,640,0,1,Attack
0.995781,tcp,unknown,69040,0,OTH,0,94,94,74116,5640,0,Normal
3.427793,tcp,http,96,0,S1,0,16,0,640,0,1,Attack
2.948202,tcp,http,84,0,S1,0,14,0,560,0,1,Attack
0.9749,tcp,unknown,76844,0,OTH,0,94,94,81920,5640,0,Normal
0.983935,tcp,unknown,62848,0,OTH,0,72,72,66736,4320,0,Normal
0.0,other,unknown,0,0,OTH,0,1,0,60,0,0,Normal
1.903736,udp,dns,0,0,OTH,0,10,0,280,0,1,Attack
0.0,tcp,ssl,0,0,S1,0,2,0,120,0,1,Attack
1.889479,udp,dns,0,0,OTH,0,10,0,280,0,1,Attack
1e-06,tcp,ssl,0,0,S1,0,2,0,120,0,1,Attack
0.0,tcp,dns,0,0,S1,0,2,0,128,0,1,Attack
0.0,tcp,dns,0,0,S1,0,2,0,128,0,1,Attack
0.0,tcp,dns,0,0,S1,0,2,0,128,0,1,Attack
0.970312,tcp,unknown,77108,0,OTH,0,104,104,82724,6240,0,Normal
0.970532,tcp,unknown,44362,0,OTH,0,72,72,48250,4320,0,Normal
1e-06,tcp,dns,0,0,S1,0,2,0,128,0,1,Attack
181.922039,tcp,dns,0,0,S1,0,8,0,512,0,1,Attack
0.0,tcp,dns,0,0,S1,0,2,0,128,0,1,Attack
0.227151,udp,unknown,658,0,OTH,0,4,0,826,0,0,Normal
0.974944,tcp,unknown,104832,0,OTH,0,120,116,111312,6960,0,Normal
0.531818,other,unknown,0,0,OTH,0,2,0,120,0,0,Normal
1.907207,udp,dns,0,0,OTH,0,10,0,280,0,1,Attack
1.418335,udp,dns,0,0,OTH,0,8,0,224,0,1,Attack
0.0,udp,unknown,496,0,OTH,0,2,0,580,0,0,Normal
0.0,tcp,dns,0,0,S1,0,2,0,128,0,1,Attack
0.970372,tcp,unknown,59820,0,OTH,0,80,80,64140,4800,0,Normal
1e-06,udp,unknown,496,0,OTH,0,2,0,580,0,0,Normal
1e-06,udp,unknown,496,0,OTH,0,2,0,580,0,0,Normal
0.0,other,unknown,0,0,OTH,0,1,0,60,0,0,Normal
0.94368,tcp,unknown,113964,0,OTH,0,122,122,120552,7320,0,Normal
0.949738,tcp,unknown,72044,0,OTH,0,88,88,76796,5280,0,Normal
2.948218,tcp,http,84,0,S1,0,14,0,560,0,1,Attack
0.984688,tcp,unknown,35474,0,OTH,0,72,72,39362,4320,0,Normal
0.964304,tcp,unknown,107822,0,OTH,0,126,124,114626,7440,0,Normal
1.918985,udp,dns,0,0,OTH,0,10,0,280,0,1,Attack
0.75498,udp,unknown,982,0,OTH,0,8,0,1318,0,0,Normal
1e-06,udp,unknown,496,0,OTH,0,2,0,580,0,0,Normal
0.0,other,unknown,0,0,OTH,0,1,0,60,0,0,Normal
0.0,tcp,ssl,0,0,S1,0,2,0,120,0,1,Attack
0.004193,tcp,unknown,246,6284,SF,0,14,12,990,6924,1,Attack
0.971741,tcp,unknown,90346,0,OTH,0,100,100,95746,6000,0,Normal
1e-06,udp,unknown,496,0,OTH,0,2,0,580,0,0,Normal
1e-06,udp,unknown,496,0,OTH,0,2,0,580,0,0,Normal
2.906965,tcp,http,84,0,S1,0,14,0,560,0,1,Attack
1.90683,udp,dns,0,0,OTH,0,10,0,280,0,1,Attack
1e-06,udp,unknown,496,0,OTH,0,2,0,580,0,0,Normal
2.936921,tcp,http,84,0,S1,0,14,0,560,0,1,Attack
1e-06,udp,unknown,496,0,OTH,0,2,0,580,0,0,Normal
0.463872,tcp,unknown,121090,1320,S1,0,106,68,126830,5368,0,Normal
3.428397,tcp,http,96,0,S1,0,16,0,640,0,1,Attack
2.940012,tcp,http,84,0,S1,0,14,0,560,0,1,Attack
3.432683,tcp,http,96,0,S1,0,16,0,640,0,1,Attack
0.0,tcp,dns,0,0,S1,0,2,0,128,0,1,Attack
0.0,udp,unknown,496,0,OTH,0,2,0,580,0,0,Normal
0.993839,tcp,unknown,118034,0,OTH,0,134,132,125270,7920,0,Normal
0.503365,udp,unknown,486,0,OTH,0,6,0,738,0,0,Normal
0.0,tcp,ssl,0,0,S1,0,2,0,120,0,1,Attack
0.948485,tcp,unknown,74146,0,OTH,0,94,94,79222,5640,0,Normal
0.994399,tcp,unknown,51078,0,OTH,0,72,72,54966,4320,0,Normal
0.962168,tcp,unknown,65760,0,OTH,0,86,86,70404,5160,0,Normal
1.922276,udp,dns,0,0,OTH,0,10,0,280,0,1,Attack
0.0,other,unknown,0,0,OTH,0,1,0,60,0,0,Normal
2.944691,tcp,http,84,0,S1,0,14,0,560,0,1,Attack
0.004031,tcp,unknown,1132,1062,SF,0,16,12,1980,1702,1,Attack
0.453558,other,unknown,0,0,OTH,0,2,0,122,0,0,Normal
2.930747,tcp,http,84,0,S1,0,14,0,560,0,1,Attack
1.902867,udp,dns,0,0,OTH,0,10,0,280,0,1,Attack
1.889275,udp,dns,0,0,OTH,0,10,0,280,0,1,Attack
1e-06,tcp,ssl,0,0,S1,0,2,0,120,0,1,Attack
0.0,tcp,ssl,0,0,S1,0,2,0,120,0,1,Attack
0.939877,tcp,unknown,80864,0,OTH,0,94,94,85940,5640,0,Normal
0.0,tcp,dns,0,0,S1,0,2,0,128,0,1,Attack
0.021472,tcp,unknown,4,12,RSTR,0,2,2,88,80,1,Attack
0.991212,tcp,unknown,79710,0,OTH,0,102,102,85218,6120,0,Normal
1e-06,udp,unknown,496,0,OTH,0,2,0,580,0,0,Normal
0.98211,tcp,unknown,71692,0,OTH,0,95,96,76822,5760,0,Normal
1.918874,udp,dns,0,0,OTH,0,10,0,280,0,1,Attack
0.0,tcp,ssl,0,0,S1,0,2,0,120,0,1,Attack
1.890332,udp,dns,0,0,OTH,0,10,0,280,0,1,Attack
0.005037,tcp,unknown,4,12,RSTR,0,2,2,88,80,1,Attack
10.976339,tcp,dns,0,0,S1,0,4,0,256,0,1,Attack
0.0,tcp,dns,0,0,S1,0,2,0,128,0,1,Attack
0.962692,tcp,unknown,64120,0,OTH,0,84,84,68656,5040,0,Normal
0.49969,udp,unknown,820,0,OTH,0,6,0,1072,0,0,Normal
0.0,tcp,ssl,0,0,S1,0,2,0,120,0,1,Attack
0.0,other,unknown,0,0,OTH,0,1,0,60,0,0,Normal
1e-06,tcp,dns,0,0,S1,0,2,0,128,0,1,Attack
0.0,udp,unknown,496,0,OTH,0,2,0,580,0,0,Normal
0.980943,tcp,unknown,112590,0,OTH,0,128,128,119502,7680,0,Normal
0.58141,tcp,unknown,101176,1320,S1,0,96,68,106376,5368,0,Normal
0.959076,tcp,unknown,66762,0,OTH,0,86,86,71406,5160,0,Normal
0.0,other,unknown,0,0,OTH,0,1,0,60,0,0,Normal
0.97017,tcp,unknown,77536,0,OTH,0,94,94,82612,5640,0,Normal
0.0,udp,unknown,496,0,OTH,0,2,0,580,0,0,Normal
1.914666,udp,dns,0,0,OTH,0,10,0,280,0,1,Attack
1.928395,udp,dns,0,0,OTH,0,9,0,252,0,1,Attack
0.170896,udp,unknown,1096,0,OTH,0,8,0,1432,0,0,Normal
3.428133,tcp,http,96,0,S1,0,16,0,640,0,1,Attack
0.0,other,unknown,0,0,OTH,0,1,0,60,0,0,Normal
1.889222,udp,dns,0,0,OTH,0,10,0,280,0,1,Attack
1e-06,tcp,ssl,0,0,S1,0,2,0,120,0,1,Attack
0.975933,tcp,unknown,55836,0,OTH,0,76,76,59940,4560,0,Normal
1e-06,udp,unknown,496,0,OTH,0,2,0,580,0,0,Normal
0.0,tcp,ssl,0,0,S1,0,2,0,120,0,1,Attack
1e-06,tcp,dns,0,0,S1,0,2,0,128,0,1,Attack
0.0,tcp,dns,0,0,S1,0,2,0,128,0,1,Attack
0.459551,tcp,unknown,62164,1320,S1,0,72,74,66080,5728,0,Normal
0.028688,udp,unknown,582,0,OTH,0,4,0,750,0,0,Normal
0.0,tcp,dns,0,0,S1,0,2,0,128,0,1,Attack
0.963203,tcp,unknown,82662,0,OTH,0,92,86,87630,5160,0,Normal
0.980497,tcp,unknown,105548,0,OTH,0,124,122,112244,7320,0,Normal
0.948967,tcp,unknown,93284,0,OTH,0,108,108,99116,6480,0,Normal
0.966203,tcp,unknown,111398,0,OTH,0,130,130,118418,7800,0,Normal
0.75421,udp,unknown,982,0,OTH,0,8,0,1318,0,0,Normal
0.01611,tcp,unknown,4,12,RSTR,0,2,2,88,80,1,Attack
0.9316,tcp,unknown,111684,0,OTH,0,122,120,118272,7200,0,Normal
2.930561,tcp,http,84,0,S1,0,14,0,560,0,1,Attack
0.0,udp,dhcp,1480,0,OTH,0,2,0,1564,0,0,Normal
0.0,other,unknown,0,0,OTH,0,1,0,60,0,0,Normal
0.0,udp,unknown,496,0,OTH,0,2,0,580,0,0,Normal
1.905101,udp,dns,0,0,OTH,0,10,0,280,0,1,Attack
0.0,tcp,ssl,0,0,S1,0,2,0,120,0,1,Attack
3.42837,tcp,http,96,0,S1,0,16,0,640,0,1,Attack
1e-06,udp,unknown,162,0,OTH,0,2,0,246,0,0,Normal
0.0,other,unknown,0,0,OTH,0,1,0,60,0,0,Normal
0.492828,other,unknown,0,0,OTH,0,2,0,120,0,0,Normal
2.947764,tcp,http,84,0,S1,0,14,0,560,0,1,Attack
0.972936,tcp,unknown,114704,0,OTH,0,120,120,121184,7200,0,Normal
0.004917,tcp,http,0,12,RSTR,0,2,2,120,80,1,Attack
0.0,udp,unknown,274,0,OTH,0,2,0,358,0,0,Normal
0.0,tcp,ssl,0,0,S1,0,2,0,120,0,1,Attack
0.264215,tcp,unknown,19770,230,RSTO,0,24,20,21066,1418,0,Normal
2.910603,tcp,http,84,0,S1,0,14,0,560,0,1,Attack
0.988956,tcp,unknown,76444,0,OTH,0,100,100,81844,6000,0,Normal
1.892517,udp,dns,0,0,OTH,0,10,0,280,0,1,Attack
0.940036,tcp,unknown,79978,0,OTH,0,98,98,85270,5880,0,Normal
236.14893,tcp,dns,0,0,S1,0,4,0,256,0,1,Attack
0.143047,udp,unknown,1096,0,OTH,0,8,0,1432,0,0,Normal
1e-06,tcp,ssl,0,0,S1,0,2,0,120,0,1,Attack
0.575852,other,unknown,0,0,OTH,0,2,0,120,0,0,Normal
0.0,other,unknown,0,0,OTH,0,1,0,60,0,0,Normal
26.023391,tcp,dns,0,0,S1,0,4,0,256,0,1,Attack
2.947855,tcp,http,84,0,S1,0,14,0,560,0,1,Attack
0.974249,tcp,unknown,96166,0,OTH,0,106,100,101890,6000,0,Normal
1e-06,udp,unknown,496,0,OTH,0,2,0,580,0,0,Normal
0.941554,tcp,unknown,118216,0,OTH,0,122,122,124804,7320,0,Normal
2.939739,tcp,http,84,0,S1,0,14,0,560,0,1,Attack
0.247683,udp,unknown,658,0,OTH,0,4,0,826,0,0,Normal
0.959225,tcp,unknown,73546,0,OTH,0,92,92,78514,5520,0,Normal
0.934645,tcp,unknown,70502,0,OTH,0,90,90,75362,5400,0,Normal
0.013638,udp,unknown,582,0,OTH,0,4,0,750,0,0,Normal
1e-06,udp,unknown,496,0,OTH,0,2,0,580,0,0,Normal
0.0,tcp,ssl,0,0,S1,0,2,0,120,0,1,Attack
0.0,udp,unknown,16,0,OTH,0,2,0,72,0,1,Attack
0.944705,tcp,unknown,122278,0,OTH,0,118,116,128650,6960,0,Normal
1.906152,udp,dns,0,0,OTH,0,10,0,280,0,1,Attack
2.906723,tcp,http,84,0,S1,0,14,0,560,0,1,Attack
0.0,tcp,dns,0,0,S1,0,2,0,128,0,1,Attack
1.915658,udp,dns,0,0,OTH,0,10,0,280,0,1,Attack
0.0,tcp,dns,0,0,S1,0,2,0,128,0,1,Attack
0.0,tcp,dns,0,0,S1,0,2,0,128,0,1,Attack
0.518983,udp,unknown,486,0,OTH,0,6,0,738,0,0,Normal
0.0,udp,dhcp,1480,0,OTH,0,2,0,1564,0,0,Normal
0.979395,tcp,unknown,118640,0,OTH,0,130,130,125660,7800,0,Normal
0.502442,udp,unknown,870,0,OTH,0,8,0,1206,0,0,Normal
2.947873,tcp,http,84,0,S1,0,14,0,560,0,1,Attack
0.018542,tcp,unknown,4,12,RSTR,0,2,2,88,80,1,Attack
1e-06,udp,unknown,496,0,OTH,0,2,0,580,0,0,Normal
0.0,tcp,dns,0,0,S1,0,2,0,128,0,1,Attack
1e-06,udp,unknown,496,0,OTH,0,2,0,580,0,0,Normal
1e-06,udp,unknown,496,0,OTH,0,2,0,580,0,0,Normal
0.00392,tcp,http,0,12,RSTR,0,2,2,120,80,1,Attack
0.0,tcp,dns,0,0,S1,0,2,0,128,0,1,Attack
0.751942,udp,unknown,982,0,OTH,0,8,0,1318,0,0,Normal
258.91236,tcp,dns,0,0,S1,0,4,0,256,0,1,Attack
1.889594,udp,dns,0,0,OTH,0,10,0,280,0,1,Attack
1e-06,tcp,dns,0,0,S1,0,2,0,128,0,1,Attack
2.935424,tcp,http,84,0,S1,0,14,0,560,0,1,Attack
0.983467,tcp,unknown,75862,0,OTH,0,98,98,81154,5880,0,Normal
0.0,udp,unknown,496,0,OTH,0,2,0,580,0,0,Normal
1.914557,udp,dns,0,0,OTH,0,10,0,280,0,1,Attack
1.921115,udp,dns,0,0,OTH,0,10,0,280,0,1,Attack
0.955118,tcp,unknown,68784,0,OTH,0,82,82,73212,4920,0,Normal
0.960317,tcp,unknown,79224,0,OTH,0,88,84,83976,5040,0,Normal
0.875806,tcp,unknown,100238,0,OTH,0,104,96,105854,5760,0,Normal
2.94685,tcp,http,84,0,S1,0,14,0,560,0,1,Attack
0.0,tcp,ssl,0,0,S1,0,2,0,120,0,1,Attack
1e-06,udp,dhcp,1480,0,OTH,0,2,0,1564,0,0,Normal
0.105644,other,unknown,0,0,OTH,0,2,0,120,0,0,Normal
0.973998,tcp,unknown,78756,0,OTH,0,94,94,83832,5640,0,Normal
1.893899,udp,dns,0,0,OTH,0,10,0,280,0,1,Attack
1e-06,udp,unknown,496,0,OTH,0,2,0,580,0,0,Normal
0.0,tcp,ssl,0,0,S1,0,2,0,120,0,1,Attack
1.913666,udp,dns,0,0,OTH,0,10,0,280,0,1,Attack
1e-06,udp,unknown,496,0,OTH,0,2,0,580,0,0,Normal
0.0,tcp,ssl,0,0,S1,0,2,0,120,0,1,Attack
0.978724,tcp,unknown,75294,0,OTH,0,98,98,80586,5880,0,Normal
3.427277,tcp,http,90,0,S1,0,15,0,600,0,1,Attack
1.92175,udp,dns,0,0,OTH,0,10,0,280,0,1,Attack
1.921817,udp,dns,0,0,OTH,0,10,0,280,0,1,Attack
0.0,udp,unknown,274,0,OTH,0,2,0,358,0,0,Normal
3.424194,tcp,http,96,0,S1,0,16,0,640,0,1,Attack
175.585186,tcp,dns,0,0,S1,0,6,0,384,0,1,Attack
0.973307,tcp,unknown,32892,0,OTH,0,72,74,36780,4440,0,Normal
0.965794,tcp,unknown,106220,0,OTH,0,118,118,112592,7080,0,Normal
2.933589,tcp,http,84,0,S1,0,14,0,560,0,1,Attack
0.0,tcp,ssl,0,0,S1,0,2,0,120,0,1,Attack
0.932246,tcp,unknown,45822,0,OTH,0,60,60,49062,3600,0,Normal
1.925283,udp,dns,0,0,OTH,0,10,0,280,0,1,Attack
0.474591,udp,unknown,486,0,OTH,0,6,0,738,0,0,Normal
2.931579,tcp,http,84,0,S1,0,14,0,560,0,1,Attack
1e-06,udp,unknown,496,0,OTH,0,2,0,580,0,0,Normal
0.107786,tcp,unknown,7010,0,RSTO,0,12,10,7670,600,0,Normal
1e-06,tcp,dns,0,0,S1,0,2,0,128,0,1,Attack
0.929058,tcp,unknown,84978,0,OTH,0,84,84,89514,5040,0,Normal
0.0,tcp,dns,0,0,S1,0,2,0,128,0,1,Attack
0.995956,tcp,unknown,110354,0,OTH,0,126,126,117158,7560,0,Normal
0.969325,tcp,unknown,72976,230,OTH,0,100,102,78376,6338,0,Normal
0.0,tcp,dns,0,0,S1,0,2,0,128,0,1,Attack
0.0,tcp,dns,0,0,S1,0,2,0,128,0,1,Attack
0.0,tcp,ssl,0,0,S1,0,2,0,120,0,1,Attack
1.8e-05,tcp,ssl,0,0,S1,0,2,0,120,0,1,Attack
0.632206,tcp,unknown,26952,0,RSTO,0,48,46,29556,2760,0,Normal
0.978444,tcp,unknown,84412,0,OTH,0,98,98,89704,5880,0,Normal
0.985667,tcp,unknown,31128,0,OTH,0,72,72,35016,4320,0,Normal
1e-06,udp,unknown,496,0,OTH,0,2,0,580,0,0,Normal
0.975469,tcp,unknown,108502,0,OTH,0,128,128,115414,7680,0,Normal
0.0,other,unknown,0,0,OTH,0,1,0,60,0,0,Normal
3.428839,tcp,http,96,0,S1,0,16,0,640,0,1,Attack
1.895643,udp,dns,0,0,OTH,0,10,0,280,0,1,Attack
0.0,tcp,dns,0,0,S1,0,2,0,128,0,1,Attack
0.987454,tcp,unknown,81538,0,OTH,0,104,104,87154,6240,0,Normal
1.418499,udp,dns,0,0,OTH,0,8,0,224,0,1,Attack
2.944816,tcp,http,84,0,S1,0,14,0,560,0,1,Attack
1e-06,udp,unknown,496,0,OTH,0,2,0,580,0,0,Normal
0.963397,tcp,unknown,80012,0,OTH,0,96,94,85196,5640,0,Normal
0.0,tcp,ssl,0,0,S1,0,2,0,120,0,1,Attack
0.954369,tcp,unknown,79272,0,OTH,0,96,94,84456,5640,0,Normal
2.947443,tcp,http,84,0,S1,0,14,0,560,0,1,Attack
0.0,tcp,dns,0,0,S1,0,2,0,128,0,1,Attack
2.930227,tcp,http,84,0,S1,0,14,0,560,0,1,Attack
0.981479,tcp,unknown,108760,0,OTH,0,126,126,115564,7560,0,Normal
0.0,tcp,ssl,0,0,S1,0,2,0,120,0,1,Attack
0.0,tcp,dns,0,0,S1,0,2,0,128,0,1,Attack
1e-06,udp,unknown,496,0,OTH,0,2,0,580,0,0,Normal
0.122307,tcp,unknown,10690,0,RSTO,0,14,12,11458,720,0,Normal
0.94605,tcp,unknown,58850,0,OTH,0,76,76,62954,4560,0,Normal
2.920925,tcp,http,84,0,S1,0,14,0,560,0,1,Attack
0.985232,tcp,unknown,85478,0,OTH,0,110,110,91418,6600,0,Normal
1.9137,udp,dns,0,0,OTH,0,10,0,280,0,1,Attack
0.991625,tcp,unknown,105944,0,OTH,0,120,118,112424,7080,0,Normal
0.0,tcp,dns,0,0,S1,0,2,0,128,0,1,Attack
0.997041,tcp,unknown,94376,0,OTH,0,114,114,100532,6840,0,Normal
269.081703,tcp,dns,0,0,S1,0,4,0,256,0,1,Attack
26.020166,tcp,dns,0,0,S1,0,4,0,256,0,1,Attack
0.0,tcp,dns,0,0,S1,0,2,0,128,0,1,Attack
2.944738,tcp,http,84,0,S1,0,14,0,560,0,1,Attack
0.502949,udp,unknown,486,0,OTH,0,6,0,738,0,0,Normal
0.966029,tcp,unknown,77892,0,OTH,0,104,104,83508,6240,0,Normal
2.944775,tcp,http,84,0,S1,0,14,0,560,0,1,Attack
2.941691,tcp,http,84,0,S1,0,14,0,560,0,1,Attack
0.0,other,unknown,0,0,OTH,0,1,0,60,0,0,Normal
1e-06,udp,unknown,496,0,OTH,0,2,0,580,0,0,Normal
0.986083,tcp,unknown,97632,0,OTH,0,112,110,103680,6600,0,Normal
0.0,tcp,ssl,0,0,S1,0,2,0,120,0,1,Attack
2.938805,tcp,http,84,0,S1,0,14,0,560,0,1,Attack
2.927382,tcp,http,84,0,S1,0,14,0,560,0,1,Attack
7.692258,tcp,dns,0,0,S1,0,4,0,256,0,1,Attack
0.966335,tcp,unknown,30396,0,OTH,0,72,72,34284,4320,0,Normal
0.027652,tcp,unknown,4,12,RSTR,0,2,2,88,80,1,Attack
1e-06,udp,unknown,496,0,OTH,0,2,0,580,0,0,Normal
0.309445,tcp,unknown,43406,0,RSTO,0,48,46,46010,2760,0,Normal
2.944683,tcp,http,84,0,S1,0,14,0,560,0,1,Attack
1.889658,udp,dns,0,0,OTH,0,10,0,280,0,1,Attack
0.980505,tcp,unknown,79888,0,OTH,0,98,98,85180,5880,0,Normal
0.970551,udp,unknown,582,0,OTH,0,4,0,750,0,0,Normal
1e-06,udp,unknown,496,0,OTH,0,2,0,580,0,0,Normal
0.989955,tcp,unknown,113438,0,OTH,0,122,122,120026,7320,0,Normal
0.0,tcp,ssl,0,0,S1,0,2,0,120,0,1,Attack
0.0,tcp,dns,0,0,S1,0,2,0,128,0,1,Attack
1.892163,udp,dns,0,0,OTH,0,10,0,280,0,1,Attack
2.938998,tcp,http,84,0,S1,0,14,0,560,0,1,Attack
0.0,tcp,dns,0,0,S1,0,2,0,128,0,1,Attack
0.930739,tcp,unknown,91528,0,OTH,0,98,98,96820,5880,0,Normal
1e-06,tcp,ssl,0,0,S1,0,2,0,120,0,1,Attack
0.0,tcp,ssl,0,0,S1,0,2,0,120,0,1,Attack
1.416883,udp,dns,0,0,OTH,0,8,0,224,0,1,Attack
1.921846,udp,dns,0,0,OTH,0,10,0,280,0,1,Attack
0.999863,tcp,unknown,60460,0,OTH,0,82,82,64888,4920,0,Normal
1e-06,udp,unknown,496,0,OTH,0,2,0,580,0,0,Normal
0.989669,tcp,unknown,72490,0,OTH,0,96,96,77674,5760,0,Normal
0.0,tcp,ssl,0,0,S1,0,2,0,120,0,1,Attack
0.500443,udp,unknown,820,0,OTH,0,6,0,1072,0,0,Normal
0.000156,udp,unknown,822,0,OTH,0,6,0,1074,0,0,Normal
0.980192,tcp,unknown,79014,0,OTH,0,100,98,84414,5880,0,Normal
3.2e-05,tcp,ssl,0,0,S1,0,2,0,120,0,1,Attack
1.915784,udp,dns,0,0,OTH,0,10,0,280,0,1,Attack
0.0,tcp,dns,0,0,S1,0,2,0,128,0,1,Attack
153.007418,tcp,dns,0,0,S1,0,4,0,256,0,1,Attack
0.241383,udp,unknown,658,0,OTH,0,4,0,826,0,0,Normal
0.978903,tcp,unknown,103430,0,OTH,0,122,120,110018,7200,0,Normal
2.933608,tcp,http,84,0,S1,0,14,0,560,0,1,Attack
0.0,tcp,dns,0,0,S1,0,2,0,128,0,1,Attack
0.0,tcp,dns,0,0,S1,0,2,0,128,0,1,Attack
0.247796,other,unknown,0,0,OTH,0,2,0,120,0,0,Normal
2.907776,tcp,http,84,0,S1,0,14,0,560,0,1,Attack
1.9122,udp,dns,0,0,OTH,0,10,0,280,0,1,Attack
0.018909,tcp,unknown,4,12,RSTR,0,2,2,88,80,1,Attack
1e-06,udp,unknown,496,0,OTH,0,2,0,580,0,0,Normal
2.919434,tcp,http,84,0,S1,0,14,0,560,0,1,Attack
1e-06,udp,unknown,496,0,OTH,0,2,0,580,0,0,Normal
0.981304,tcp,unknown,122336,0,OTH,0,128,128,129248,7680,0,Normal
0.955421,tcp,unknown,76286,0,OTH,0,94,94,81362,5640,0,Normal
0.971013,tcp,unknown,114820,0,OTH,0,132,124,121948,7440,0,Normal
1.927119,udp,dns,0,0,OTH,0,9,0,252,0,1,Attack
0.987664,tcp,unknown,106606,0,OTH,0,118,118,112978,7080,0,Normal
2.90843,tcp,http,84,0,S1,0,14,0,560,0,1,Attack
0.958273,tcp,unknown,97680,0,OTH,0,100,100,103080,6000,0,Normal
0.940137,tcp,unknown,38792,0,OTH,0,60,60,42032,3600,0,Normal
1.892316,udp,dns,0,0,OTH,0,10,0,280,0,1,Attack
1e-06,tcp,ssl,0,0,S1,0,2,0,120,0,1,Attack
2.933114,tcp,http,84,0,S1,0,14,0,560,0,1,Attack
0.0,tcp,ssl,0,0,S1,0,2,0,120,0,1,Attack
0.937495,tcp,unknown,76982,0,OTH,0,96,96,82166,5760,0,Normal
0.0,tcp,dns,0,0,S1,0,2,0,128,0,1,Attack
1e-06,tcp,ssl,0,0,S1,0,2,0,120,0,1,Attack
0.087773,other,unknown,0,0,OTH,0,2,0,120,0,0,Normal
0.0,tcp,ssl,0,0,S1,0,2,0,120,0,1,Attack
0.559235,other,unknown,0,0,OTH,0,2,0,120,0,0,Normal
0.0,tcp,dns,0,0,S1,0,2,0,128,0,1,Attack
1e-06,tcp,dns,0,0,S1,0,2,0,128,0,1,Attack
0.960341,tcp,unknown,68448,0,OTH,0,92,92,73416,5520,0,Normal
196.96315,tcp,dns,0,0,S1,0,4,0,256,0,1,Attack
0.0,tcp,ssl,0,0,S1,0,2,0,120,0,1,Attack
0.942422,tcp,unknown,32970,0,OTH,0,60,60,36210,3600,0,Normal
0.992041,tcp,unknown,82712,0,OTH,0,96,96,87896,5760,0,Normal
0.957576,tcp,unknown,71752,0,OTH,0,94,94,76828,5640,0,Normal
0.0,udp,unknown,496,0,OTH,0,2,0,580,0,0,Normal
1e-06,udp,unknown,496,0,OTH,0,2,0,580,0,0,Normal
1e-06,udp,dhcp,1480,0,OTH,0,2,0,1564,0,0,Normal
0.970524,tcp,unknown,91582,0,OTH,0,102,102,97090,6120,0,Normal
3.427343,tcp,http,90,0,S1,0,15,0,600,0,1,Attack
2.930851,tcp,http,84,0,S1,0,14,0,560,0,1,Attack
0.962444,tcp,unknown,98224,0,OTH,0,114,114,104380,6840,0,Normal
0.246427,udp,unknown,708,0,OTH,0,6,0,960,0,0,Normal
0.979737,tcp,unknown,110238,0,OTH,0,120,114,116718,6840,0,Normal
1e-06,tcp,dns,0,0,S1,0,2,0,128,0,1,Attack
0.982697,tcp,unknown,82976,0,OTH,0,100,100,88376,6000,0,Normal
3.423995,tcp,http,90,0,S1,0,15,0,600,0,1,Attack
1e-06,tcp,dns,0,0,S1,0,2,0,128,0,1,Attack
2.935837,tcp,http,84,0,S1,0,14,0,560,0,1,Attack
2.906561,tcp,http,84,0,S1,0,14,0,560,0,1,Attack
2.906944,tcp,http,84,0,S1,0,14,0,560,0,1,Attack
0.0,other,unknown,0,0,OTH,0,1,0,60,0,0,Normal
0.251218,udp,unknown,658,0,OTH,0,4,0,826,0,0,Normal
0.751458,udp,unknown,982,0,OTH,0,8,0,1318,0,0,Normal
3.423434,tcp,http,96,0,S1,0,16,0,640,0,1,Attack
0.0,other,unknown,0,0,OTH,0,1,0,60,0,0,Normal
1e-06,udp,dhcp,1480,0,OTH,0,2,0,1564,0,0,Normal
1.914721,udp,dns,0,0,OTH,0,10,0,280,0,1,Attack
0.0,tcp,ssl,0,0,S1,0,2,0,120,0,1,Attack
1.890735,udp,dns,0,0,OTH,0,10,0,280,0,1,Attack
1.88978,udp,dns,0,0,OTH,0,10,0,280,0,1,Attack
0.95919,tcp,unknown,87604,0,OTH,0,98,96,92896,5760,0,Normal
0.964382,tcp,unknown,74186,0,OTH,0,90,90,79046,5400,0,Normal
0.0,other,unknown,0,0,OTH,0,1,0,60,0,0,Normal
0.372585,other,unknown,0,0,OTH,0,2,0,120,0,0,Normal
1.901206,udp,dns,0,0,OTH,0,10,0,280,0,1,Attack
0.991941,tcp,unknown,112576,0,OTH,0,130,128,119596,7680,0,Normal
0.0,tcp,ssl,0,0,S1,0,2,0,120,0,1,Attack
1e-06,tcp,dns,0,0,S1,0,2,0,128,0,1,Attack
0.0,tcp,ssl,0,0,S1,0,2,0,120,0,1,Attack
0.97504,tcp,unknown,162348,1320,S1,0,156,110,170800,7888,0,Normal
0.0,tcp,ssl,0,0,S1,0,2,0,120,0,1,Attack
2.944233,tcp,http,84,0,S1,0,14,0,560,0,1,Attack
0.012088,other,unknown,0,0,OTH,0,2,0,120,0,0,Normal
0.935908,tcp,unknown,85328,0,OTH,0,102,102,90836,6120,0,Normal
2.930096,tcp,http,84,0,S1,0,14,0,560,0,1,Attack
0.0,tcp,dns,0,0,S1,0,2,0,128,0,1,Attack
0.0,tcp,ssl,0,0,S1,0,2,0,120,0,1,Attack
0.959397,tcp,unknown,104878,0,OTH,0,118,118,111250,7080,0,Normal
1.922629,udp,dns,0,0,OTH,0,10,0,280,0,1,Attack
1e-06,udp,unknown,496,0,OTH,0,2,0,580,0,0,Normal
0.186939,other,unknown,0,0,OTH,0,2,0,120,0,0,Normal
0.0,other,unknown,0,0,OTH,0,1,0,60,0,0,Normal
1e-06,udp,unknown,496,0,OTH,0,2,0,580,0,0,Normal
1.914763,udp,dns,0,0,OTH,0,10,0,280,0,1,Attack
0.940963,tcp,unknown,118984,0,OTH,0,134,134,126220,8040,0,Normal
0.947945,tcp,unknown,81004,0,OTH,0,94,92,86080,5520,0,Normal
1.912081,udp,dns,0,0,OTH,0,10,0,280,0,1,Attack
0.0,tcp,ssl,0,0,S1,0,2,0,120,0,1,Attack
0.981821,tcp,unknown,80618,0,OTH,0,102,102,86126,6120,0,Normal
1.920731,udp,dns,0,0,OTH,0,10,0,280,0,1,Attack
1.892551,udp,dns,0,0,OTH,0,10,0,280,0,1,Attack
3.4328,tcp,http,96,0,S1,0,16,0,640,0,1,Attack
0.0,tcp,dns,0,0,S1,0,2,0,128,0,1,Attack
0.9238,tcp,unknown,63548,0,OTH,0,82,82,67976,4920,0,Normal
3.428443,tcp,http,96,0,S1,0,16,0,640,0,1,Attack
0.0,tcp,ssl,0,0,S1,0,2,0,120,0,1,Attack
1e-06,udp,dhcp,1480,0,OTH,0,2,0,1564,0,0,Normal
1e-06,udp,unknown,496,0,OTH,0,2,0,580,0,0,Normal
0.990988,tcp,unknown,52096,0,OTH,0,76,76,56200,4560,0,Normal
0.954711,tcp,unknown,108024,0,OTH,0,124,122,114720,7320,0,Normal
0.0,udp,dhcp,1480,0,OTH,0,2,0,1564,0,0,Normal
2.906997,tcp,http,84,0,S1,0,14,0,560,0,1,Attack
2.917339,tcp,http,84,0,S1,0,14,0,560,0,1,Attack
1.418355,udp,dns,0,0,OTH,0,8,0,224,0,1,Attack
1.90804,udp,dns,0,0,OTH,0,10,0,280,0,1,Attack
0.0,tcp,ssl,0,0,S1,0,2,0,120,0,1,Attack
0.0,tcp,ssl,0,0,S1,0,2,0,120,0,1,Attack
176.155532,tcp,dns,0,0,S1,0,4,0,256,0,1,Attack
0.949326,tcp,unknown,96924,0,OTH,0,120,118,103404,7080,0,Normal
1e-06,tcp,dns,0,0,S1,0,2,0,128,0,1,Attack
0.947539,tcp,unknown,91332,0,OTH,0,106,106,97056,6360,0,Normal
0.986166,tcp,unknown,78108,0,OTH,0,98,98,83400,5880,0,Normal
0.638167,udp,unknown,324,0,OTH,0,4,0,492,0,0,Normal
0.0,tcp,dns,0,0,S1,0,2,0,128,0,1,Attack
0.957735,tcp,unknown,53196,0,OTH,0,82,82,57624,4920,0,Normal
0.992255,tcp,unknown,138264,0,OTH,0,144,136,146040,8160,0,Normal
0.968999,tcp,unknown,30356,0,OTH,0,72,72,34244,4320,0,Normal
2.913467,tcp,http,84,0,S1,0,14,0,560,0,1,Attack
2.907814,tcp,http,84,0,S1,0,14,0,560,0,1,Attack
0.0,tcp,dns,0,0,S1,0,2,0,128,0,1,Attack
1e-06,udp,unknown,496,0,OTH,0,2,0,580,0,0,Normal
0.818781,other,unknown,0,0,OTH,0,2,0,120,0,0,Normal
0.965779,tcp,unknown,39438,0,OTH,0,70,70,43218,4200,0,Normal
0.9688,tcp,unknown,104048,0,OTH,0,118,118,110420,7080,0,Normal
87.619277,tcp,dns,0,0,S1,0,4,0,256,0,1,Attack
1e-06,tcp,dns,0,0,S1,0,2,0,128,0,1,Attack
1e-06,udp,unknown,496,0,OTH,0,2,0,580,0,0,Normal
0.0,tcp,dns,0,0,S1,0,2,0,128,0,1,Attack
0.0,other,unknown,0,0,OTH,0,1,0,60,0,0,Normal
0.965356,tcp,unknown,42690,0,OTH,0,74,72,46686,4320,0,Normal
0.0,other,unknown,0,0,OTH,0,1,0,60,0,0,Normal
0.985712,tcp,unknown,79120,0,OTH,0,98,98,84412,5880,0,Normal
0.116913,udp,unknown,1096,0,OTH,0,8,0,1432,0,0,Normal
0.0,other,unknown,0,0,OTH,0,1,0,60,0,0,Normal
0.0,udp,unknown,274,0,OTH,0,2,0,358,0,0,Normal
0.0,udp,unknown,274,0,OTH,0,2,0,358,0,0,Normal
0.528773,udp,unknown,486,0,OTH,0,6,0,738,0,0,Normal
1e-06,udp,unknown,274,0,OTH,0,2,0,358,0,0,Normal
0.0,tcp,ssl,0,0,S1,0,2,0,120,0,1,Attack
1.924906,udp,dns,0,0,OTH,0,10,0,280,0,1,Attack
1e-06,udp,unknown,496,0,OTH,0,2,0,580,0,0,Normal
0.0,other,unknown,0,0,OTH,0,1,0,60,0,0,Normal
0.983485,tcp,unknown,52282,0,OTH,0,72,72,56170,4320,0,Normal
0.965566,tcp,unknown,104364,0,OTH,0,112,112,110412,6720,0,Normal
2.922246,tcp,http,84,0,S1,0,14,0,560,0,1,Attack
0.0,tcp,ssl,0,0,S1,0,2,0,120,0,1,Attack
0.934508,tcp,unknown,91278,0,OTH,0,108,108,97110,6480,0,Normal
0.008065,tcp,unknown,4,12,RSTR,0,2,2,88,80,1,Attack
0.50024,udp,unknown,820,0,OTH,0,6,0,1072,0,0,Normal
1e-06,tcp,dns,0,0,S1,0,2,0,128,0,1,Attack
1.909373,udp,dns,0,0,OTH,0,10,0,280,0,1,Attack
0.0,tcp,ssl,0,0,S1,0,2,0,120,0,1,Attack
0.970562,tcp,unknown,86916,0,OTH,0,100,100,92316,6000,0,Normal
0.008733,tcp,unknown,4,12,RSTR,0,2,2,88,80,1,Attack
0.966195,tcp,unknown,92990,0,OTH,0,108,108,98822,6480,0,Normal
0.005809,tcp,unknown,1132,1062,SF,0,16,14,1980,1806,1,Attack
0.989896,tcp,unknown,106656,0,OTH,0,106,104,112380,6240,0,Normal
1.89885,udp,dns,0,0,OTH,0,10,0,280,0,1,Attack
1.915559,udp,dns,0,0,OTH,0,10,0,280,0,1,Attack
0.764643,udp,unknown,982,0,OTH,0,8,0,1318,0,0,Normal
2.932149,tcp,http,84,0,S1,0,14,0,560,0,1,Attack
0.0,tcp,ssl,0,0,S1,0,2,0,120,0,1,Attack
0.969638,tcp,unknown,74378,0,OTH,0,96,96,79562,5760,0,Normal
2.92461,tcp,http,84,0,S1,0,14,0,560,0,1,Attack
0.950508,tcp,unknown,97666,0,OTH,0,108,106,103498,6360,0,Normal
0.0,tcp,ssl,0,0,S1,0,2,0,120,0,1,Attack
0.0,other,unknown,0,0,OTH,0,1,0,60,0,0,Normal
1e-06,udp,unknown,496,0,OTH,0,2,0,580,0,0,Normal
0.011575,tcp,http,0,12,RSTR,0,2,2,120,80,1,Attack
0.960732,tcp,unknown,80462,0,OTH,0,102,102,85970,6120,0,Normal
0.970589,tcp,unknown,106982,0,OTH,0,120,120,113462,7200,0,Normal
1e-06,udp,unknown,496,0,OTH,0,2,0,580,0,0,Normal
0.973516,tcp,unknown,91796,0,OTH,0,100,100,97196,6000,0,Normal
0.0,tcp,dns,0,0,S1,0,2,0,128,0,1,Attack
0.9706,tcp,unknown,118958,0,OTH,0,124,124,125654,7440,0,Normal
1.899891,udp,dns,0,0,OTH,0,10,0,280,0,1,Attack
1.895346,udp,dns,0,0,OTH,0,10,0,280,0,1,Attack
1.889191,udp,dns,0,0,OTH,0,10,0,280,0,1,Attack
1.904801,udp,dns,0,0,OTH,0,10,0,280,0,1,Attack
0.74436,udp,unknown,982,0,OTH,0,8,0,1318,0,0,Normal
1.90455,udp,dns,0,0,OTH,0,10,0,280,0,1,Attack
0.9686,tcp,unknown,102834,0,OTH,0,116,116,109098,6960,0,Normal
1e-06,tcp,dns,0,0,S1,0,2,0,128,0,1,Attack
0.964426,tcp,unknown,74664,0,OTH,0,98,98,79956,5880,0,Normal
1e-06,tcp,ssl,0,0,S1,0,2,0,120,0,1,Attack
1.554945,tcp,unknown,1560,1974,SF,0,24,18,2500,2674,1,Attack
1.921855,udp,dns,0,0,OTH,0,10,0,280,0,1,Attack
0.0,other,unknown,0,0,OTH,0,1,0,60,0,0,Normal
0.005639,tcp,unknown,1762,930,SF,0,16,12,2610,1570,1,Attack
0.819564,other,unknown,0,0,OTH,0,3,0,180,0,0,Normal
8.9e-05,other,unknown,0,0,OTH,0,2,0,120,0,0,Normal
0.0,tcp,dns,0,0,S1,0,2,0,128,0,1,Attack
3.424228,tcp,http,90,0,S1,0,15,0,600,0,1,Attack
179.013703,tcp,dns,0,0,S1,0,4,0,256,0,1,Attack
0.0,other,unknown,0,0,OTH,0,1,0,60,0,0,Normal
0.845725,tcp,unknown,76842,1320,S1,0,92,96,81838,7048,0,Normal
1e-06,udp,unknown,496,0,OTH,0,2,0,580,0,0,Normal
1.416991,udp,dns,0,0,OTH,0,8,0,224,0,1,Attack
0.970107,tcp,unknown,59154,0,OTH,0,78,78,63366,4680,0,Normal
0.000219,tcp,ssh,0,12,RSTR,0,2,2,120,80,1,Attack
1.914092,udp,dns,0,0,OTH,0,10,0,280,0,1,Attack
0.0,udp,unknown,496,0,OTH,0,2,0,580,0,0,Normal
0.958448,tcp,unknown,118894,0,OTH,0,126,126,125698,7560,0,Normal
0.231236,udp,unknown,324,0,OTH,0,4,0,492,0,0,Normal
0.964587,tcp,unknown,66438,0,OTH,0,88,88,71190,5280,0,Normal
1.418427,udp,dns,0,0,OTH,0,8,0,224,0,1,Attack
1e-06,udp,unknown,496,0,OTH,0,2,0,580,0,0,Normal
0.0,udp,unknown,496,0,OTH,0,2,0,580,0,0,Normal
0.0,tcp,ssl,0,0,S1,0,2,0,120,0,1,Attack
0.044823,tcp,unknown,4,12,RSTR,0,2,2,88,80,1,Attack
0.939497,tcp,unknown,41464,0,OTH,0,70,70,45244,4200,0,Normal
0.476357,other,unknown,0,0,OTH,0,2,0,120,0,0,Normal
0.0,udp,dhcp,1480,0,OTH,0,2,0,1564,0,0,Normal
0.091989,udp,unknown,582,0,OTH,0,4,0,750,0,0,Normal
0.0,tcp,dns,0,0,S1,0,2,0,128,0,1,Attack
1.906774,udp,dns,0,0,OTH,0,10,0,280,0,1,Attack
1e-06,udp,dhcp,1480,0,OTH,0,2,0,1564,0,0,Normal
2.944568,tcp,http,84,0,S1,0,14,0,560,0,1,Attack
2.938052,tcp,http,84,0,S1,0,14,0,560,0,1,Attack
2.924248,tcp,http,84,0,S1,0,14,0,560,0,1,Attack
1e-06,udp,unknown,496,0,OTH,0,2,0,580,0,0,Normal
1e-06,udp,dhcp,1480,0,OTH,0,2,0,1564,0,0,Normal
1.893869,udp,dns,0,0,OTH,0,10,0,280,0,1,Attack
1.889449,udp,dns,0,0,OTH,0,10,0,280,0,1,Attack
3.425385,tcp,http,90,0,S1,0,15,0,600,0,1,Attack
1e-06,udp,unknown,496,0,OTH,0,2,0,580,0,0,Normal
0.0,tcp,ssl,0,0,S1,0,2,0,120,0,1,Attack
0.0,tcp,dns,0,0,S1,0,2,0,128,0,1,Attack
0.097516,udp,unknown,546,0,OTH,0,4,0,714,0,0,Normal
2.911143,tcp,http,84,0,S1,0,14,0,560,0,1,Attack
1e-06,udp,unknown,496,0,OTH,0,2,0,580,0,0,Normal
1e-06,udp,unknown,496,0,OTH,0,2,0,580,0,0,Normal
1.904659,udp,dns,0,0,OTH,0,10,0,280,0,1,Attack
0.964609,tcp,unknown,88302,0,OTH,0,90,90,93162,5400,0,Normal
0.0,tcp,dns,0,0,S1,0,2,0,128,0,1,Attack
0.0,tcp,dns,0,0,S1,0,2,0,128,0,1,Attack
1.929167,udp,dns,0,0,OTH,0,10,0,280,0,1,Attack
1.90093,udp,dns,0,0,OTH,0,10,0,280,0,1,Attack
0.796348,other,unknown,0,0,OTH,0,3,0,182,0,0,Normal
2.919219,tcp,http,84,0,S1,0,14,0,560,0,1,Attack
1.924905,udp,dns,0,0,OTH,0,10,0,280,0,1,Attack
114.963001,tcp,dns,0,0,S1,0,4,0,256,0,1,Attack
0.079098,other,unknown,0,0,OTH,0,2,0,120,0,0,Normal
0.0,other,unknown,0,0,OTH,0,1,0,60,0,0,Normal
0.0,tcp,ssl,0,0,S1,0,2,0,120,0,1,Attack
0.0,tcp,ssl,0,0,S1,0,2,0,120,0,1,Attack
1e-06,tcp,ssl,0,0,S1,0,2,0,120,0,1,Attack
0.0,tcp,ssl,0,0,S1,0,2,0,120,0,1,Attack
1e-06,udp,unknown,162,0,OTH,0,2,0,246,0,0,Normal
1e-06,udp,unknown,496,0,OTH,0,2,0,580,0,0,Normal
1.889517,udp,dns,0,0,OTH,0,10,0,280,0,1,Attack
0.954468,tcp,unknown,61554,0,OTH,0,78,78,65766,4680,0,Normal
0.0,other,unknown,0,0,OTH,0,1,0,60,0,0,Normal
0.921514,tcp,unknown,116282,0,OTH,0,112,110,122330,6600,0,Normal
1e-06,udp,unknown,86,0,OTH,0,2,0,170,0,0,Normal
0.97029,tcp,unknown,61830,0,OTH,0,80,80,66150,4800,0,Normal
1.892372,udp,dns,0,0,OTH,0,10,0,280,0,1,Attack
0.0,other,unknown,0,0,OTH,0,1,0,60,0,0,Normal
1.417154,udp,dns,0,0,OTH,0,8,0,224,0,1,Attack
0.974627,tcp,unknown,61850,0,OTH,0,82,82,66278,4920,0,Normal
1.928656,udp,dns,0,0,OTH,0,10,0,280,0,1,Attack
0.0,udp,unknown,496,0,OTH,0,2,0,580,0,0,Normal
0.918515,tcp,unknown,57274,0,OTH,0,64,64,60730,3840,0,Normal
0.0,tcp,ssl,0,0,S1,0,2,0,120,0,1,Attack
1.927755,udp,dns,0,0,OTH,0,10,0,280,0,1,Attack
0.0,other,unknown,0,0,OTH,0,1,0,60,0,0,Normal
1.9013,udp,dns,0,0,OTH,0,10,0,280,0,1,Attack
0.980992,tcp,unknown,73298,0,OTH,0,92,92,78266,5520,0,Normal
0.990629,tcp,unknown,115630,0,OTH,0,130,126,122650,7560,0,Normal
0.96818,tcp,unknown,95762,0,OTH,0,114,114,101918,6840,0,Normal
0.615355,udp,unknown,486,0,OTH,0,6,0,738,0,0,Normal
0.949375,tcp,unknown,73202,0,OTH,0,96,96,78386,5760,0,Normal
1e-06,udp,dhcp,1480,0,OTH,0,2,0,1564,0,0,Normal
1.905306,udp,dns,0,0,OTH,0,10,0,280,0,1,Attack
0.965707,tcp,unknown,64522,0,OTH,0,88,88,69274,5280,0,Normal
106.332224,tcp,dns,0,0,S1,0,4,0,256,0,1,Attack
1e-06,udp,unknown,496,0,OTH,0,2,0,580,0,0,Normal
1.913752,udp,dns,0,0,OTH,0,10,0,280,0,1,Attack
0.0,other,unknown,0,0,OTH,0,1,0,60,0,0,Normal
0.987219,tcp,unknown,100804,0,OTH,0,118,118,107176,7080,0,Normal
1.921473,udp,dns,0,0,OTH,0,10,0,280,0,1,Attack
0.0,other,unknown,0,0,OTH,0,1,0,60,0,0,Normal
2.937789,tcp,http,84,0,S1,0,14,0,560,0,1,Attack
1.900977,udp,dns,0,0,OTH,0,10,0,280,0,1,Attack
3.43297,tcp,http,96,0,S1,0,16,0,640,0,1,Attack
0.966088,tcp,unknown,77246,0,OTH,0,100,100,82646,6000,0,Normal
0.45226,udp,unknown,582,0,OTH,0,4,0,750,0,0,Normal
1e-06,tcp,dns,0,0,S1,0,2,0,128,0,1,Attack
2.912632,tcp,http,84,0,S1,0,14,0,560,0,1,Attack
0.043885,tcp,unknown,4,12,RSTR,0,2,2,88,80,1,Attack
0.990697,tcp,unknown,110448,0,OTH,0,126,126,117252,7560,0,Normal
0.008282,tcp,http,0,12,RSTR,0,2,2,120,80,1,Attack
0.0,tcp,dns,0,0,S1,0,2,0,128,0,1,Attack
0.76251,other,unknown,0,0,OTH,0,2,0,120,0,0,Normal
0.0,tcp,ssl,0,0,S1,0,2,0,120,0,1,Attack
0.954898,tcp,unknown,76168,0,OTH,0,94,94,81244,5640,0,Normal
0.0,tcp,ssl,0,0,S1,0,2,0,120,0,1,Attack
0.004308,tcp,unknown,1760,930,SF,0,14,10,2504,1466,1,Attack
0.984769,tcp,unknown,74246,0,OTH,0,100,100,79646,6000,0,Normal
1e-06,udp,unknown,274,0,OTH,0,2,0,358,0,0,Normal
0.0,tcp,dns,0,0,S1,0,2,0,128,0,1,Attack
0.0,tcp,ssl,0,0,S1,0,2,0,120,0,1,Attack
1.921426,udp,dns,0,0,OTH,0,10,0,280,0,1,Attack
1e-06,udp,dhcp,1480,0,OTH,0,2,0,1564,0,0,Normal
1.909336,udp,dns,0,0,OTH,0,10,0,280,0,1,Attack
2.920908,tcp,http,84,0,S1,0,14,0,560,0,1,Attack
0.980522,tcp,unknown,63132,0,OTH,0,84,84,67668,5040,0,Normal
0.936484,tcp,unknown,110676,0,OTH,0,122,122,117264,7320,0,Normal
1e-06,udp,dhcp,1480,0,OTH,0,2,0,1564,0,0,Normal
0.97952,tcp,unknown,78022,230,OTH,0,100,102,83422,6338,0,Normal
2.944739,tcp,http,84,0,S1,0,14,0,560,0,1,Attack
1.927777,udp,dns,0,0,OTH,0,10,0,280,0,1,Attack
2.944394,tcp,http,84,0,S1,0,14,0,560,0,1,Attack
0.672794,tcp,unknown,54896,0,RSTO,0,64,60,58352,3600,0,Normal
3.42454,tcp,http,96,0,S1,0,16,0,640,0,1,Attack
1.889842,udp,dns,0,0,OTH,0,10,0,280,0,1,Attack
2.916605,tcp,http,84,0,S1,0,14,0,560,0,1,Attack
2.923934,tcp,http,84,0,S1,0,14,0,560,0,1,Attack
0.991551,tcp,unknown,62698,0,OTH,0,88,88,67450,5280,0,Normal
2.944239,tcp,http,84,0,S1,0,14,0,560,0,1,Attack
0.989698,tcp,unknown,208212,0,OTH,0,178,118,217824,7080,0,Normal
1e-06,udp,unknown,496,0,OTH,0,2,0,580,0,0,Normal
0.941289,tcp,unknown,52576,0,OTH,0,70,70,56356,4200,0,Normal
0.0,tcp,dns,0,0,S1,0,2,0,128,0,1,Attack
0.003634,tcp,http,0,12,RSTR,0,2,2,120,80,1,Attack
0.0,other,unknown,0,0,OTH,0,1,0,60,0,0,Normal
1e-06,udp,unknown,496,0,OTH,0,2,0,580,0,0,Normal
0.0,tcp,dns,0,0,S1,0,2,0,128,0,1,Attack
0.954242,tcp,unknown,67958,0,OTH,0,78,78,72170,4680,0,Normal
1e-06,udp,unknown,496,0,OTH,0,2,0,580,0,0,Normal
0.061635,other,unknown,0,0,OTH,0,2,0,120,0,0,Normal
4.5e-05,tcp,ssl,0,0,S1,0,2,0,120,0,1,Attack
2.928,tcp,http,84,0,S1,0,14,0,560,0,1,Attack
0.964239,tcp,unknown,116288,0,OTH,0,118,102,122660,6120,0,Normal
0.0,udp,unknown,496,0,OTH,0,2,0,580,0,0,Normal
0.0,other,unknown,0,0,OTH,0,1,0,60,0,0,Normal
1.532097,tcp,unknown,1552,1966,SF,0,24,18,2492,2666,1,Attack
1e-06,tcp,dns,0,0,S1,0,2,0,128,0,1,Attack
0.968032,tcp,unknown,61016,0,OTH,0,74,74,65012,4440,0,Normal
0.0,udp,unknown,496,0,OTH,0,2,0,580,0,0,Normal
0.032497,tcp,unknown,4,12,RSTR,0,2,2,88,80,1,Attack
2.921413,tcp,http,84,0,S1,0,14,0,560,0,1,Attack
0.003764,tcp,http,0,12,RSTR,0,2,2,120,80,1,Attack
1e-06,tcp,dns,0,0,S1,0,2,0,128,0,1,Attack
1e-06,tcp,ssl,0,0,S1,0,2,0,120,0,1,Attack
0.99109,tcp,unknown,77908,0,OTH,0,94,94,82984,5640,0,Normal
1e-06,tcp,ssl,0,0,S1,0,2,0,120,0,1,Attack
0.041349,tcp,unknown,4,12,RSTR,0,2,2,88,80,1,Attack
0.962168,tcp,unknown,74000,0,OTH,0,92,92,78968,5520,0,Normal
0.0,tcp,ssl,0,0,S1,0,2,0,120,0,1,Attack
0.966064,tcp,unknown,72776,0,OTH,0,92,92,77744,5520,0,Normal
0.982997,tcp,unknown,78556,0,OTH,0,92,92,83524,5520,0,Normal
0.197943,other,unknown,0,0,OTH,0,2,0,120,0,0,Normal
0.0,tcp,dns,0,0,S1,0,2,0,128,0,1,Attack
1e-06,tcp,ssl,0,0,S1,0,2,0,120,0,1,Attack
0.0,tcp,ssl,0,0,S1,0,2,0,120,0,1,Attack
2.93898,tcp,http,84,0,S1,0,14,0,560,0,1,Attack
2.93656,tcp,http,84,0,S1,0,14,0,560,0,1,Attack
0.0,other,unknown,0,0,OTH,0,1,0,60,0,0,Normal
2.906019,tcp,http,84,0,S1,0,14,0,560,0,1,Attack
0.953103,tcp,unknown,78558,0,OTH,0,92,92,83526,5520,0,Normal
0.0,other,unknown,0,0,OTH,0,1,0,60,0,0,Normal
0.970116,tcp,unknown,99340,0,OTH,0,122,120,105928,7200,0,Normal
2e-06,udp,unknown,496,0,OTH,0,2,0,580,0,0,Normal
0.227896,udp,unknown,708,0,OTH,0,6,0,960,0,0,Normal
2.905702,tcp,http,84,0,S1,0,14,0,560,0,1,Attack
0.963983,tcp,unknown,72232,0,OTH,0,94,94,77308,5640,0,Normal
2.934874,tcp,http,84,0,S1,0,14,0,560,0,1,Attack
2.938159,tcp,http,84,0,S1,0,14,0,560,0,1,Attack
0.932256,tcp,unknown,72464,0,OTH,0,92,92,77432,5520,0,Normal
1e-06,udp,unknown,496,0,OTH,0,2,0,580,0,0,Normal
0.0,tcp,ssl,0,0,S1,0,2,0,120,0,1,Attack
1.919702,udp,dns,0,0,OTH,0,10,0,280,0,1,Attack
3.428366,tcp,http,96,0,S1,0,16,0,640,0,1,Attack
0.000117,tcp,http,0,12,RSTR,0,2,2,120,80,1,Attack
2.936108,tcp,http,84,0,S1,0,14,0,560,0,1,Attack
0.0,tcp,dns,0,0,S1,0,2,0,128,0,1,Attack
2.944642,tcp,http,84,0,S1,0,14,0,560,0,1,Attack
0.0,tcp,ssl,0,0,S1,0,2,0,120,0,1,Attack
29.96045,tcp,dns,0,0,S1,0,4,0,256,0,1,Attack
1e-06,tcp,dns,0,0,S1,0,2,0,128,0,1,Attack
0.761828,udp,unknown,982,0,OTH,0,8,0,1318,0,0,Normal
3.427078,tcp,http,96,0,S1,0,16,0,640,0,1,Attack
0.981115,tcp,unknown,115110,0,OTH,0,120,120,121590,7200,0,Normal
1e-06,udp,unknown,496,0,OTH,0,2,0,580,0,0,Normal
176.007728,tcp,dns,0,0,S1,0,6,0,384,0,1,Attack
0.0,udp,unknown,496,0,OTH,0,2,0,580,0,0,Normal
1e-06,tcp,ssl,0,0,S1,0,2,0,120,0,1,Attack
2.907104,tcp,http,84,0,S1,0,14,0,560,0,1,Attack
1e-06,tcp,dns,0,0,S1,0,2,0,128,0,1,Attack
0.778794,udp,unknown,324,0,OTH,0,4,0,492,0,0,Normal
0.962051,tcp,unknown,62170,0,OTH,0,82,82,66598,4920,0,Normal
2.936002,tcp,http,84,0,S1,0,14,0,560,0,1,Attack
1e-06,udp,unknown,496,0,OTH,0,2,0,580,0,0,Normal
0.0,udp,dhcp,1480,0,OTH,0,2,0,1564,0,0,Normal
3.427381,tcp,http,90,0,S1,0,15,0,600,0,1,Attack
1e-06,tcp,dns,0,0,S1,0,2,0,128,0,1,Attack
1e-06,udp,unknown,496,0,OTH,0,2,0,580,0,0,Normal
0.982066,tcp,unknown,65062,0,OTH,0,80,80,69382,4800,0,Normal
0.987292,tcp,unknown,81028,0,OTH,0,110,110,86968,6600,0,Normal
1e-06,udp,unknown,496,0,OTH,0,2,0,580,0,0,Normal
0.940185,tcp,unknown,83314,0,OTH,0,100,100,88714,6000,0,Normal
0.964851,tcp,unknown,107500,0,OTH,0,118,118,113872,7080,0,Normal
0.105219,udp,unknown,582,0,OTH,0,4,0,750,0,0,Normal
122.035483,tcp,dns,0,0,S1,0,4,0,256,0,1,Attack
0.982634,tcp,unknown,85984,0,OTH,0,98,96,91276,5760,0,Normal
1.914876,udp,dns,0,0,OTH,0,10,0,280,0,1,Attack
0.949248,tcp,unknown,96474,0,OTH,0,112,106,102522,6360,0,Normal
0.906252,tcp,unknown,63592,0,OTH,0,78,78,67804,4680,0,Normal
1.906284,udp,dns,0,0,OTH,0,10,0,280,0,1,Attack
0.994269,tcp,unknown,22038,0,OTH,0,80,78,26358,4680,0,Normal
1e-06,tcp,ssl,0,0,S1,0,2,0,120,0,1,Attack
0.948782,tcp,unknown,111280,0,OTH,0,128,128,118192,7680,0,Normal
2.930298,tcp,http,84,0,S1,0,14,0,560,0,1,Attack
0.96819,tcp,unknown,112600,0,OTH,0,130,130,119620,7800,0,Normal
0.0,other,unknown,0,0,OTH,0,1,0,60,0,0,Normal
0.0,tcp,dns,0,0,S1,0,2,0,128,0,1,Attack
1e-06,udp,unknown,496,0,OTH,0,2,0,580,0,0,Normal
1e-06,udp,unknown,496,0,OTH,0,2,0,580,0,0,Normal
1.914388,udp,dns,0,0,OTH,0,10,0,280,0,1,Attack
0.966918,tcp,unknown,58878,0,OTH,0,76,76,62982,4560,0,Normal
2.929463,tcp,http,84,0,S1,0,14,0,560,0,1,Attack
0.968133,tcp,unknown,75888,0,OTH,0,96,96,81072,5760,0,Normal
1.906826,udp,dns,0,0,OTH,0,10,0,280,0,1,Attack
0.0,udp,dhcp,1480,0,OTH,0,2,0,1564,0,0,Normal
0.0,tcp,ssl,0,0,S1,0,2,0,120,0,1,Attack
0.755639,udp,unknown,486,0,OTH,0,6,0,738,0,0,Normal
0.251597,udp,unknown,658,0,OTH,0,4,0,826,0,0,Normal
1e-06,udp,dhcp,1480,0,OTH,0,2,0,1564,0,0,Normal
3.425989,tcp,http,96,0,S1,0,16,0,640,0,1,Attack
0.525242,tcp,unknown,66660,0,RSTO,0,64,62,70116,3720,0,Normal
2.910691,tcp,http,84,0,S1,0,14,0,560,0,1,Attack
1.90369,udp,dns,0,0,OTH,0,10,0,280,0,1,Attack
3.423636,tcp,http,96,0,S1,0,16,0,640,0,1,Attack
1e-06,udp,dhcp,1480,0,OTH,0,2,0,1564,0,0,Normal
0.930498,tcp,unknown,82830,0,OTH,0,96,96,88014,5760,0,Normal
1e-06,udp,unknown,496,0,OTH,0,2,0,580,0,0,Normal
0.0,tcp,dns,0,0,S1,0,2,0,128,0,1,Attack
0.0,other,unknown,0,0,OTH,0,1,0,60,0,0,Normal
0.102138,udp,unknown,1096,0,OTH,0,8,0,1432,0,0,Normal
0.0,other,unknown,0,0,OTH,0,1,0,60,0,0,Normal
0.0,tcp,ssl,0,0,S1,0,2,0,120,0,1,Attack
0.0,tcp,dns,0,0,S1,0,2,0,128,0,1,Attack
0.0,udp,dhcp,1480,0,OTH,0,2,0,1564,0,0,Normal
0.0,tcp,dns,0,0,S1,0,2,0,128,0,1,Attack
0.0,other,unknown,0,0,OTH,0,1,0,60,0,0,Normal
11.06741,tcp,dns,0,0,S1,0,4,0,256,0,1,Attack
0.154872,tcp,unknown,10702,1316,S1,0,18,20,11690,2484,0,Normal
0.942832,tcp,unknown,58736,0,OTH,0,80,80,63056,4800,0,Normal
1.890479,udp,dns,0,0,OTH,0,10,0,280,0,1,Attack
0.045058,tcp,unknown,4,12,RSTR,0,2,2,88,80,1,Attack
1e-06,tcp,dns,0,0,S1,0,2,0,128,0,1,Attack
0.0,tcp,dns,0,0,S1,0,2,0,128,0,1,Attack
1e-06,udp,dhcp,1480,0,OTH,0,2,0,1564,0,0,Normal
1e-06,udp,dhcp,1480,0,OTH,0,2,0,1564,0,0,Normal
0.463409,tcp,unknown,120630,1320,S1,0,104,56,126274,4648,0,Normal
0.0,tcp,ssl,0,0,S1,0,2,0,120,0,1,Attack
0.0,udp,unknown,274,0,OTH,0,2,0,358,0,0,Normal
1e-06,udp,unknown,496,0,OTH,0,2,0,580,0,0,Normal
0.0,udp,unknown,86,0,OTH,0,2,0,170,0,0,Normal
1.906948,udp,dns,0,0,OTH,0,10,0,280,0,1,Attack
0.0,tcp,ssl,0,0,S1,0,2,0,120,0,1,Attack
0.9836,tcp,unknown,114238,0,OTH,0,134,132,121474,7920,0,Normal
0.98244,tcp,unknown,77728,0,OTH,0,96,96,82912,5760,0,Normal
1.91543,udp,dns,0,0,OTH,0,10,0,280,0,1,Attack
0.641955,tcp,unknown,70294,1320,S1,0,84,72,74858,5608,0,Normal
0.980333,tcp,unknown,52992,0,OTH,0,74,74,56988,4440,0,Normal
0.50009,udp,unknown,820,0,OTH,0,6,0,1072,0,0,Normal
0.500863,udp,unknown,820,0,OTH,0,6,0,1072,0,0,Normal
0.250671,udp,unknown,658,0,OTH,0,4,0,826,0,0,Normal
0.96116,tcp,unknown,102340,0,OTH,0,116,116,108604,6960,0,Normal
0.498879,udp,unknown,486,0,OTH,0,6,0,738,0,0,Normal
1e-06,udp,unknown,496,0,OTH,0,2,0,580,0,0,Normal
0.501736,udp,unknown,820,0,OTH,0,6,0,1072,0,0,Normal
0.949531,tcp,unknown,78098,0,OTH,0,100,100,83498,6000,0,Normal
2.937563,tcp,http,84,0,S1,0,14,0,560,0,1,Attack
0.0,tcp,ssl,0,0,S1,0,2,0,120,0,1,Attack
1.894398,udp,dns,0,0,OTH,0,10,0,280,0,1,Attack
1e-06,udp,unknown,496,0,OTH,0,2,0,580,0,0,Normal
2.944808,tcp,http,84,0,S1,0,14,0,560,0,1,Attack
0.955226,tcp,unknown,133200,0,OTH,0,116,116,139464,6960,0,Normal
0.0,tcp,ssl,0,0,S1,0,2,0,120,0,1,Attack
2.944453,tcp,http,84,0,S1,0,14,0,560,0,1,Attack
0.938232,tcp,unknown,88554,0,OTH,0,102,102,94062,6120,0,Normal
2.918569,tcp,http,84,0,S1,0,14,0,560,0,1,Attack
2.934885,tcp,http,84,0,S1,0,14,0,560,0,1,Attack
0.0,udp,unknown,86,0,OTH,0,2,0,170,0,0,Normal
0.0,tcp,dns,0,0,S1,0,2,0,128,0,1,Attack
0.985165,tcp,unknown,94808,0,OTH,0,112,112,100856,6720,0,Normal
0.987796,tcp,unknown,59460,0,OTH,0,78,78,63672,4680,0,Normal
1e-06,udp,unknown,496,0,OTH,0,2,0,580,0,0,Normal
1.912312,udp,dns,0,0,OTH,0,10,0,280,0,1,Attack
1e-06,tcp,ssl,0,0,S1,0,2,0,120,0,1,Attack
0.963144,tcp,unknown,63698,0,OTH,0,84,84,68234,5040,0,Normal
0.0,tcp,ssl,0,0,S1,0,2,0,120,0,1,Attack
1e-06,tcp,dns,0,0,S1,0,2,0,128,0,1,Attack
0.0,other,unknown,0,0,OTH,0,1,0,60,0,0,Normal
2.905054,tcp,http,84,0,S1,0,14,0,560,0,1,Attack
2.944542,tcp,http,84,0,S1,0,14,0,560,0,1,Attack
0.020492,tcp,unknown,4,12,RSTR,0,2,2,88,80,1,Attack
0.0,tcp,dns,0,0,S1,0,2,0,128,0,1,Attack
0.975493,tcp,unknown,113942,0,OTH,0,126,126,120746,7560,0,Normal
0.0,tcp,dns,0,0,S1,0,2,0,128,0,1,Attack
2.927433,tcp,http,84,0,S1,0,14,0,560,0,1,Attack
121.031865,tcp,dns,0,0,S1,0,4,0,256,0,1,Attack
0.972188,tcp,unknown,97268,0,OTH,0,108,108,103100,6480,0,Normal
0.950577,tcp,unknown,109108,0,OTH,0,114,114,115264,6840,0,Normal
0.962679,tcp,unknown,65222,0,OTH,0,90,90,70082,5400,0,Normal
1.889298,udp,dns,0,0,OTH,0,10,0,280,0,1,Attack
1e-06,udp,unknown,496,0,OTH,0,2,0,580,0,0,Normal
1.889214,udp,dns,0,0,OTH,0,10,0,280,0,1,Attack
0.943909,tcp,unknown,108764,0,OTH,0,118,118,115136,7080,0,Normal
0.995197,tcp,unknown,110194,0,OTH,0,124,124,116890,7440,0,Normal
3.430315,tcp,http,96,0,S1,0,16,0,640,0,1,Attack
0.959479,tcp,unknown,74820,0,OTH,0,86,86,79464,5160,0,Normal
1e-06,tcp,ssl,0,0,S1,0,2,0,120,0,1,Attack
0.989987,tcp,unknown,94184,0,OTH,0,104,102,99800,6120,0,Normal
0.943331,tcp,unknown,107742,0,OTH,0,110,106,113682,6360,0,Normal
0.0,tcp,dns,0,0,S1,0,2,0,128,0,1,Attack
0.985582,tcp,unknown,94774,0,OTH,0,102,102,100282,6120,0,Normal
0.021567,other,unknown,0,0,OTH,0,2,0,120,0,0,Normal
1e-06,udp,dhcp,1480,0,OTH,0,2,0,1564,0,0,Normal
1.900192,udp,dns,0,0,OTH,0,10,0,280,0,1,Attack
1e-06,udp,unknown,496,0,OTH,0,2,0,580,0,0,Normal
233.021636,tcp,dns,0,0,S1,0,4,0,256,0,1,Attack
0.0,other,unknown,0,0,OTH,0,1,0,60,0,0,Normal
0.0,tcp,ssl,0,0,S1,0,2,0,120,0,1,Attack
0.943717,tcp,unknown,47508,0,OTH,0,72,72,51396,4320,0,Normal
0.965246,tcp,unknown,61548,0,OTH,0,76,76,65652,4560,0,Normal
67.920684,tcp,dns,0,0,S1,0,4,0,256,0,1,Attack
0.027088,udp,unknown,582,0,OTH,0,4,0,750,0,0,Normal
3.423747,tcp,http,96,0,S1,0,16,0,640,0,1,Attack
132.03959,tcp,dns,0,0,S1,0,4,0,256,0,1,Attack
1e-06,udp,unknown,162,0,OTH,0,2,0,246,0,0,Normal
1.910945,udp,dns,0,0,OTH,0,10,0,280,0,1,Attack
0.939574,tcp,unknown,84102,0,OTH,0,98,98,89394,5880,0,Normal
0.0,tcp,dns,0,0,S1,0,2,0,128,0,1,Attack
1e-06,udp,unknown,496,0,OTH,0,2,0,580,0,0,Normal
1.914272,udp,dns,0,0,OTH,0,10,0,280,0,1,Attack
0.0,tcp,dns,0,0,S1,0,2,0,128,0,1,Attack
1e-06,tcp,ssl,0,0,S1,0,2,0,120,0,1,Attack
1e-06,tcp,ssl,0,0,S1,0,2,0,120,0,1,Attack
0.582685,tcp,unknown,45176,0,RSTO,0,60,58,48428,3480,0,Normal
66.000294,tcp,dns,0,0,S1,0,4,0,256,0,1,Attack
0.963495,tcp,unknown,48086,0,OTH,0,68,68,51758,4080,0,Normal
0.970242,tcp,unknown,32504,0,OTH,0,70,70,36284,4200,0,Normal
2.940499,tcp,http,84,0,S1,0,14,0,560,0,1,Attack
0.429265,tcp,unknown,35512,0,RSTO,0,36,30,37456,1800,0,Normal
1.920178,udp,dns,0,0,OTH,0,10,0,280,0,1,Attack
0.941718,tcp,unknown,103318,0,OTH,0,116,114,109582,6840,0,Normal
0.775858,other,unknown,0,0,OTH,0,2,0,120,0,0,Normal
0.0,tcp,dns,0,0,S1,0,2,0,128,0,1,Attack
0.0,other,unknown,0,0,OTH,0,1,0,60,0,0,Normal
1.915253,udp,dns,0,0,OTH,0,10,0,280,0,1,Attack
2.9317,tcp,http,84,0,S1,0,14,0,560,0,1,Attack
1e-06,tcp,ssl,0,0,S1,0,2,0,120,0,1,Attack
3.425293,tcp,http,96,0,S1,0,16,0,640,0,1,Attack
2.909796,tcp,http,84,0,S1,0,14,0,560,0,1,Attack
0.966534,tcp,unknown,107080,0,OTH,0,120,122,113560,7320,0,Normal
0.986565,tcp,unknown,77658,0,OTH,0,98,98,82950,5880,0,Normal
0.247656,udp,unknown,324,0,OTH,0,4,0,492,0,0,Normal
2.936916,tcp,http,84,0,S1,0,14,0,560,0,1,Attack
2.905064,tcp,http,84,0,S1,0,14,0,560,0,1,Attack
2.944658,tcp,http,84,0,S1,0,14,0,560,0,1,Attack
1e-06,tcp,dns,0,0,S1,0,2,0,128,0,1,Attack
1.914104,udp,dns,0,0,OTH,0,10,0,280,0,1,Attack
2.923915,tcp,http,84,0,S1,0,14,0,560,0,1,Attack
0.0,tcp,dns,0,0,S1,0,2,0,128,0,1,Attack
0.96413,tcp,unknown,73314,0,OTH,0,98,96,78606,5760,0,Normal
0.0,tcp,dns,0,0,S1,0,2,0,128,0,1,Attack
2.907725,tcp,http,84,0,S1,0,14,0,560,0,1,Attack
0.0,udp,unknown,496,0,OTH,0,2,0,580,0,0,Normal
1.93402,udp,dns,0,0,OTH,0,10,0,280,0,1,Attack
2.946554,tcp,http,84,0,S1,0,14,0,560,0,1,Attack
0.018237,tcp,unknown,4,12,RSTR,0,2,2,88,80,1,Attack
0.950286,tcp,unknown,58088,230,OTH,0,84,84,62636,5258,0,Normal
0.98113,tcp,unknown,79904,0,OTH,0,100,100,85304,6000,0,Normal
1e-06,tcp,ssl,0,0,S1,0,2,0,120,0,1,Attack
0.930038,tcp,unknown,60662,0,OTH,0,78,78,64874,4680,0,Normal
0.001944,udp,unknown,992,0,OTH,0,4,0,1160,0,0,Normal
0.950759,tcp,unknown,77758,0,OTH,0,100,100,83158,6000,0,Normal
0.0,other,unknown,0,0,OTH,0,1,0,60,0,0,Normal
0.034076,tcp,unknown,4,12,RSTR,0,2,2,88,80,1,Attack
2.918397,tcp,http,84,0,S1,0,14,0,560,0,1,Attack
0.969357,tcp,unknown,70230,0,OTH,0,88,88,74982,5280,0,Normal
0.978439,tcp,unknown,101862,0,OTH,0,112,112,107910,6720,0,Normal
2.944756,tcp,http,84,0,S1,0,14,0,560,0,1,Attack
2.933145,tcp,http,84,0,S1,0,14,0,560,0,1,Attack
9.5e-05,other,unknown,0,0,OTH,0,2,0,120,0,0,Normal
1.416951,udp,dns,0,0,OTH,0,8,0,224,0,1,Attack
0.119546,other,unknown,0,0,OTH,0,2,0,120,0,0,Normal
2.906748,tcp,http,84,0,S1,0,14,0,560,0,1,Attack
0.25203,udp,unknown,658,0,OTH,0,4,0,826,0,0,Normal
1.913511,udp,dns,0,0,OTH,0,10,0,280,0,1,Attack
0.0,other,unknown,0,0,OTH,0,1,0,60,0,0,Normal
0.950535,tcp,unknown,46760,0,OTH,0,68,68,50432,4080,0,Normal
0.966421,tcp,unknown,74800,0,OTH,0,92,92,79768,5520,0,Normal
0.0,tcp,dns,0,0,S1,0,2,0,128,0,1,Attack
0.0,tcp,ssl,0,0,S1,0,2,0,120,0,1,Attack
1e-06,tcp,dns,0,0,S1,0,2,0,128,0,1,Attack
0.0,other,unknown,0,0,OTH,0,1,0,60,0,0,Normal
1.919834,udp,dns,0,0,OTH,0,10,0,280,0,1,Attack
0.471585,udp,unknown,486,0,OTH,0,6,0,738,0,0,Normal
0.0,other,unknown,0,0,OTH,0,1,0,60,0,0,Normal
2.946852,tcp,http,84,0,S1,0,14,0,560,0,1,Attack
0.219432,udp,unknown,658,0,OTH,0,4,0,826,0,0,Normal
3.427002,tcp,http,96,0,S1,0,16,0,640,0,1,Attack
0.961009,tcp,unknown,84742,0,OTH,0,108,102,90574,6120,0,Normal
0.0,udp,unknown,496,0,OTH,0,2,0,580,0,0,Normal
0.9604,tcp,unknown,111606,0,OTH,0,120,120,118086,7200,0,Normal
1.915809,udp,dns,0,0,OTH,0,10,0,280,0,1,Attack
1.925117,udp,dns,0,0,OTH,0,9,0,252,0,1,Attack
2.905076,tcp,http,84,0,S1,0,14,0,560,0,1,Attack
0.922273,tcp,unknown,107700,0,OTH,0,120,120,114180,7200,0,Normal
1e-06,tcp,dns,0,0,S1,0,2,0,128,0,1,Attack
0.0,tcp,dns,0,0,S1,0,2,0,128,0,1,Attack
0.994177,tcp,unknown,93740,0,OTH,0,110,106,99680,6360,0,Normal
1e-06,tcp,dns,0,0,S1,0,2,0,128,0,1,Attack
0.97905,tcp,unknown,92010,0,OTH,0,94,94,97086,5640,0,Normal
1.8e-05,tcp,ssl,0,0,S1,0,2,0,120,0,1,Attack
1.906776,udp,dns,0,0,OTH,0,10,0,280,0,1,Attack
0.0,tcp,dns,0,0,S1,0,2,0,128,0,1,Attack
1e-06,udp,unknown,496,0,OTH,0,2,0,580,0,0,Normal
0.251622,udp,unknown,324,0,OTH,0,4,0,492,0,0,Normal
1e-06,tcp,dns,0,0,S1,0,2,0,128,0,1,Attack
0.932382,tcp,unknown,64500,0,OTH,0,88,88,69252,5280,0,Normal
1e-06,tcp,ssl,0,0,S1,0,2,0,120,0,1,Attack
0.977866,tcp,unknown,104274,0,OTH,0,122,120,110862,7200,0,Normal
0.964815,tcp,unknown,66152,0,OTH,0,92,92,71120,5520,0,Normal
1e-06,udp,dhcp,1480,0,OTH,0,2,0,1564,0,0,Normal
0.961807,tcp,unknown,73724,0,OTH,0,94,94,78800,5640,0,Normal
1.889324,udp,dns,0,0,OTH,0,10,0,280,0,1,Attack
0.945133,tcp,unknown,85442,0,OTH,0,92,92,90410,5520,0,Normal
0.963458,tcp,unknown,85084,0,OTH,0,98,98,90382,5880,0,Normal
0.980456,tcp,unknown,189726,0,OTH,0,172,154,199016,9240,0,Normal
1e-06,udp,dhcp,1480,0,OTH,0,2,0,1564,0,0,Normal
0.975585,tcp,unknown,99174,0,OTH,0,112,112,105222,6720,0,Normal
0.918975,tcp,unknown,72064,0,OTH,0,88,88,76816,5280,0,Normal
0.97115,tcp,unknown,61402,0,OTH,0,84,84,65938,5040,0,Normal
0.0,other,unknown,0,0,OTH,0,1,0,60,0,0,Normal
2.947864,tcp,http,84,0,S1,0,14,0,560,0,1,Attack
0.0,other,unknown,0,0,OTH,0,1,0,60,0,0,Normal
173.112485,tcp,dns,0,0,S1,0,4,0,256,0,1,Attack
0.944897,tcp,unknown,113310,0,OTH,0,124,124,120006,7440,0,Normal
1.913738,udp,dns,0,0,OTH,0,10,0,280,0,1,Attack
0.977139,tcp,unknown,107404,0,OTH,0,120,120,113884,7200,0,Normal
2.904999,tcp,http,84,0,S1,0,14,0,560,0,1,Attack
170.661534,tcp,dns,0,0,S1,0,4,0,256,0,1,Attack
0.965952,tcp,unknown,106270,0,OTH,0,110,110,112210,6600,0,Normal
0.97053,tcp,unknown,55194,0,OTH,0,76,76,59298,4560,0,Normal
0.48657,udp,unknown,486,0,OTH,0,6,0,738,0,0,Normal
2.922307,tcp,http,84,0,S1,0,14,0,560,0,1,Attack
1e-06,udp,unknown,274,0,OTH,0,2,0,358,0,0,Normal
0.937288,tcp,unknown,57926,0,OTH,0,84,84,62462,5040,0,Normal
0.0,tcp,ssl,0,0,S1,0,2,0,120,0,1,Attack
0.954379,tcp,unknown,113878,0,OTH,0,116,116,120142,6960,0,Normal
0.986828,tcp,unknown,83462,0,OTH,0,94,90,88538,5400,0,Normal
1.900603,udp,dns,0,0,OTH,0,10,0,280,0,1,Attack
0.011016,tcp,unknown,4,12,RSTR,0,2,2,88,80,1,Attack
0.347931,other,unknown,0,0,OTH,0,3,0,180,0,0,Normal
0.0,tcp,dns,0,0,S1,0,2,0,128,0,1,Attack
22.234584,tcp,dns,0,0,S1,0,4,0,256,0,1,Attack
1.915195,udp,dns,0,0,OTH,0,10,0,280,0,1,Attack
0.984356,tcp,unknown,103232,0,OTH,0,120,120,109712,7200,0,Normal
0.843631,other,unknown,0,0,OTH,0,2,0,120,0,0,Normal
1.913781,udp,dns,0,0,OTH,0,10,0,280,0,1,Attack
1.914464,udp,dns,0,0,OTH,0,10,0,280,0,1,Attack
1e-06,udp,unknown,496,0,OTH,0,2,0,580,0,0,Normal
0.0,tcp,ssl,0,0,S1,0,2,0,120,0,1,Attack
0.0,udp,unknown,496,0,OTH,0,2,0,580,0,0,Normal
10.965582,tcp,dns,0,0,S1,0,4,0,256,0,1,Attack
0.96836,tcp,unknown,100994,0,OTH,0,110,108,106934,6480,0,Normal
2.906617,tcp,http,84,0,S1,0,14,0,560,0,1,Attack
0.969926,tcp,unknown,59336,0,OTH,0,82,82,63764,4920,0,Normal
2.905824,tcp,http,84,0,S1,0,14,0,560,0,1,Attack
0.0,tcp,ssl,0,0,S1,0,2,0,120,0,1,Attack
1e-06,udp,unknown,496,0,OTH,0,2,0,580,0,0,Normal
0.0,other,unknown,0,0,OTH,0,1,0,60,0,0,Normal
0.969121,tcp,unknown,76644,0,OTH,0,92,92,81612,5520,0,Normal
2.908172,tcp,http,84,0,S1,0,14,0,560,0,1,Attack
0.0,tcp,dns,0,0,S1,0,2,0,128,0,1,Attack
1.892434,udp,dns,0,0,OTH,0,10,0,280,0,1,Attack
0.985972,tcp,unknown,116230,0,OTH,0,132,132,123358,7920,0,Normal
0.967233,tcp,unknown,61242,0,OTH,0,76,76,65346,4560,0,Normal
0.987329,tcp,unknown,66382,0,OTH,0,100,98,71782,5880,0,Normal
0.949255,tcp,unknown,73344,0,OTH,0,90,90,78204,5400,0,Normal
0.959847,tcp,unknown,93172,0,OTH,0,118,118,99544,7080,0,Normal
0.748274,udp,unknown,982,0,OTH,0,8,0,1318,0,0,Normal
1e-06,udp,unknown,86,0,OTH,0,2,0,170,0,0,Normal
0.956207,tcp,unknown,57734,0,OTH,0,74,76,61730,4560,0,Normal
0.0,tcp,ssl,0,0,S1,0,2,0,120,0,1,Attack
2.926605,tcp,http,84,0,S1,0,14,0,560,0,1,Attack
0.008444,tcp,unknown,4,12,RSTR,0,2,2,88,80,1,Attack
1.922246,udp,dns,0,0,OTH,0,10,0,280,0,1,Attack
0.263744,other,unknown,0,0,OTH,0,2,0,120,0,0,Normal
2.947017,tcp,http,84,0,S1,0,14,0,560,0,1,Attack
0.941475,tcp,unknown,83394,0,OTH,0,98,98,88686,5880,0,Normal
1.909062,udp,dns,0,0,OTH,0,10,0,280,0,1,Attack
0.04384,other,unknown,0,0,OTH,0,2,0,120,0,0,Normal
1.914273,udp,dns,0,0,OTH,0,10,0,280,0,1,Attack
0.943854,tcp,unknown,270574,1316,S1,0,238,202,283454,13404,0,Normal
1e-06,udp,unknown,496,0,OTH,0,2,0,580,0,0,Normal
0.0,tcp,ssl,0,0,S1,0,2,0,120,0,1,Attack
0.937547,tcp,unknown,71030,0,RSTO,0,88,84,75782,5040,0,Normal
1e-06,tcp,ssl,0,0,S1,0,2,0,120,0,1,Attack
0.0,tcp,dns,0,0,S1,0,2,0,128,0,1,Attack
0.969826,tcp,unknown,93464,0,OTH,0,102,100,98972,6000,0,Normal
0.955066,tcp,unknown,50496,0,OTH,0,72,72,54384,4320,0,Normal
0.963725,tcp,unknown,101018,0,OTH,0,116,116,107282,6960,0,Normal
0.998004,tcp,unknown,76922,0,OTH,0,94,90,81998,5400,0,Normal
0.989583,tcp,unknown,71058,0,OTH,0,94,96,76134,5760,0,Normal
2e-06,udp,unknown,496,0,OTH,0,2,0,580,0,0,Normal
0.954343,tcp,unknown,68490,0,OTH,0,86,86,73134,5160,0,Normal
0.973762,tcp,unknown,36466,0,OTH,0,62,62,39814,3720,0,Normal
0.0,tcp,dns,0,0,S1,0,2,0,128,0,1,Attack
1e-06,tcp,ssl,0,0,S1,0,2,0,120,0,1,Attack
0.320259,other,unknown,0,0,OTH,0,2,0,120,0,0,Normal
0.962632,tcp,unknown,52452,0,OTH,0,78,78,56664,4680,0,Normal
0.0,tcp,ssl,0,0,S1,0,2,0,120,0,1,Attack
0.976294,tcp,unknown,46396,0,OTH,0,72,72,50284,4320,0,Normal
1e-06,udp,unknown,496,0,OTH,0,2,0,580,0,0,Normal
0.989827,tcp,unknown,54646,0,OTH,0,76,76,58750,4560,0,Normal
3.426007,tcp,http,96,0,S1,0,16,0,640,0,1,Attack
0.0,other,unknown,0,0,OTH,0,1,0,60,0,0,Normal
63.562609,tcp,dns,0,0,S1,0,4,0,256,0,1,Attack
0.0,other,unknown,0,0,OTH,0,1,0,60,0,0,Normal
0.962314,tcp,unknown,108516,0,OTH,0,126,126,115320,7560,0,Normal
2.933067,tcp,http,84,0,S1,0,14,0,560,0,1,Attack
0.985364,tcp,unknown,54222,0,OTH,0,70,70,58002,4200,0,Normal
0.0,tcp,ssl,0,0,S1,0,2,0,120,0,1,Attack
0.981681,tcp,unknown,74784,0,OTH,0,84,84,79320,5040,0,Normal
1e-06,udp,unknown,496,0,OTH,0,2,0,580,0,0,Normal
0.0,tcp,dns,0,0,S1,0,2,0,128,0,1,Attack
0.91132,tcp,unknown,105286,0,OTH,0,114,114,111442,6840,0,Normal
3.2e-05,tcp,ssl,0,0,S1,0,2,0,120,0,1,Attack
1.891057,udp,dns,0,0,OTH,0,10,0,280,0,1,Attack
1e-06,udp,unknown,496,0,OTH,0,2,0,580,0,0,Normal
0.0,other,unknown,0,0,OTH,0,1,0,60,0,0,Normal
1.41729,udp,dns,0,0,OTH,0,8,0,224,0,1,Attack
0.985352,tcp,unknown,96724,0,OTH,0,106,104,102448,6240,0,Normal
38.073899,tcp,dns,0,0,S1,0,4,0,256,0,1,Attack
1e-06,udp,unknown,496,0,OTH,0,2,0,580,0,0,Normal
3.424526,tcp,http,96,0,S1,0,16,0,640,0,1,Attack
0.0,tcp,dns,0,0,S1,0,2,0,128,0,1,Attack
1.92581,udp,dns,0,0,OTH,0,10,0,280,0,1,Attack
1.88967,udp,dns,0,0,OTH,0,10,0,280,0,1,Attack
0.962038,tcp,unknown,58762,0,OTH,0,74,74,62758,4440,0,Normal
176.870867,tcp,dns,0,0,S1,0,6,0,384,0,1,Attack
3.427211,tcp,http,96,0,S1,0,16,0,640,0,1,Attack
0.0,tcp,dns,0,0,S1,0,2,0,128,0,1,Attack
2.934333,tcp,http,84,0,S1,0,14,0,560,0,1,Attack
1.925105,udp,dns,0,0,OTH,0,10,0,280,0,1,Attack
1e-06,tcp,ssl,0,0,S1,0,2,0,120,0,1,Attack
1e-06,udp,unknown,496,0,OTH,0,2,0,580,0,0,Normal
1.904687,udp,dns,0,0,OTH,0,10,0,280,0,1,Attack
1e-06,udp,dhcp,1480,0,OTH,0,2,0,1564,0,0,Normal
0.497981,udp,unknown,820,0,OTH,0,6,0,1072,0,0,Normal
0.0,udp,unknown,496,0,OTH,0,2,0,580,0,0,Normal
1.890608,udp,dns,0,0,OTH,0,10,0,280,0,1,Attack
1e-06,udp,unknown,496,0,OTH,0,2,0,580,0,0,Normal
0.939066,tcp,unknown,86524,0,OTH,0,98,98,91816,5880,0,Normal
2.944399,tcp,http,84,0,S1,0,14,0,560,0,1,Attack
0.0,tcp,ssl,0,0,S1,0,2,0,120,0,1,Attack
0.0,other,unknown,0,0,OTH,0,1,0,60,0,0,Normal
0.0,tcp,ssl,0,0,S1,0,2,0,120,0,1,Attack
0.969707,tcp,unknown,110080,0,OTH,0,120,120,116560,7200,0,Normal
0.980939,tcp,unknown,118840,0,OTH,0,128,122,125752,7320,0,Normal
0.959203,tcp,unknown,101916,0,OTH,0,118,118,108288,7080,0,Normal
0.963978,tcp,unknown,107314,0,OTH,0,116,114,113578,6840,0,Normal
0.0,tcp,ssl,0,0,S1,0,2,0,120,0,1,Attack
1e-06,tcp,dns,0,0,S1,0,2,0,128,0,1,Attack
1.894465,udp,dns,0,0,OTH,0,10,0,280,0,1,Attack
1.919133,udp,dns,0,0,OTH,0,10,0,280,0,1,Attack
0.0,tcp,ssl,0,0,S1,0,2,0,120,0,1,Attack
0.0,tcp,ssl,0,0,S1,0,2,0,120,0,1,Attack
0.0,other,unknown,0,0,OTH,0,1,0,60,0,0,Normal
0.0,udp,unknown,496,0,OTH,0,2,0,580,0,0,Normal
0.0,other,unknown,0,0,OTH,0,1,0,60,0,0,Normal
1e-06,tcp,dns,0,0,S1,0,2,0,128,0,1,Attack
238.71957,tcp,dns,0,0,S1,0,4,0,256,0,1,Attack
1e-06,udp,unknown,496,0,OTH,0,2,0,580,0,0,Normal
2.944464,tcp,http,84,0,S1,0,14,0,560,0,1,Attack
0.970879,tcp,unknown,74156,0,OTH,0,92,92,79124,5520,0,Normal
0.0,udp,unknown,162,0,OTH,0,2,0,246,0,0,Normal
1.915453,udp,dns,0,0,OTH,0,10,0,280,0,1,Attack
1e-06,udp,unknown,496,0,OTH,0,2,0,580,0,0,Normal
0.977446,tcp,unknown,97448,0,OTH,0,110,110,103388,6600,0,Normal
0.968488,tcp,unknown,106402,0,OTH,0,116,116,112666,6960,0,Normal
0.0,tcp,dns,0,0,S1,0,2,0,128,0,1,Attack
0.0,tcp,ssl,0,0,S1,0,2,0,120,0,1,Attack
2.936707,tcp,http,84,0,S1,0,14,0,560,0,1,Attack
1e-06,udp,unknown,496,0,OTH,0,2,0,580,0,0,Normal
1.891485,udp,dns,0,0,OTH,0,10,0,280,0,1,Attack
173.92849,tcp,dns,0,0,S1,0,4,0,256,0,1,Attack
1e-06,udp,unknown,496,0,OTH,0,2,0,580,0,0,Normal
0.0,tcp,ssl,0,0,S1,0,2,0,120,0,1,Attack
0.503592,udp,unknown,820,0,OTH,0,6,0,1072,0,0,Normal
0.972539,tcp,unknown,92120,0,OTH,0,106,106,97844,6360,0,Normal
1e-06,tcp,dns,0,0,S1,0,2,0,128,0,1,Attack
0.506771,udp,unknown,486,0,OTH,0,6,0,738,0,0,Normal
2.917596,tcp,http,84,0,S1,0,14,0,560,0,1,Attack
0.963006,tcp,unknown,49332,0,OTH,0,78,78,53544,4680,0,Normal
0.988795,tcp,unknown,99266,0,OTH,0,118,118,105638,7080,0,Normal
0.0,tcp,dns,0,0,S1,0,2,0,128,0,1,Attack
0.966294,tcp,unknown,71336,0,OTH,0,92,92,76304,5520,0,Normal
2.918052,tcp,http,84,0,S1,0,14,0,560,0,1,Attack
0.0,tcp,dns,0,0,S1,0,2,0,128,0,1,Attack
0.0,tcp,ssl,0,0,S1,0,2,0,120,0,1,Attack
0.523983,udp,unknown,820,0,OTH,0,6,0,1072,0,0,Normal
121.053149,tcp,dns,0,0,S1,0,4,0,256,0,1,Attack
1e-06,udp,unknown,496,0,OTH,0,2,0,580,0,0,Normal
0.250479,udp,unknown,324,0,OTH,0,4,0,492,0,0,Normal
0.0,tcp,dns,0,0,S1,0,2,0,128,0,1,Attack
1.914018,udp,dns,0,0,OTH,0,10,0,280,0,1,Attack
0.004227,tcp,unknown,1132,1062,SF,0,16,12,1980,1702,1,Attack
0.009123,tcp,unknown,4,12,RSTR,0,2,2,88,80,1,Attack
3.3e-05,tcp,ssl,0,0,S1,0,2,0,120,0,1,Attack
0.944784,tcp,unknown,100808,0,OTH,0,114,114,106964,6840,0,Normal
0.997958,tcp,unknown,93634,0,OTH,0,108,108,99466,6480,0,Normal
0.959928,tcp,unknown,100214,0,OTH,0,112,112,106262,6720,0,Normal
0.953143,tcp,unknown,62368,0,OTH,0,80,80,66688,4800,0,Normal
1e-06,udp,unknown,496,0,OTH,0,2,0,580,0,0,Normal
0.0,tcp,dns,0,0,S1,0,2,0,128,0,1,Attack
0.950397,tcp,unknown,108946,230,RSTO,0,112,106,114994,6578,0,Normal
1e-06,udp,unknown,496,0,OTH,0,2,0,580,0,0,Normal
2.939864,tcp,http,84,0,S1,0,14,0,560,0,1,Attack
0.973904,tcp,unknown,78770,0,OTH,0,102,102,84278,6120,0,Normal
0.0,tcp,ssl,0,0,S1,0,2,0,120,0,1,Attack
0.0,tcp,dns,0,0,S1,0,2,0,128,0,1,Attack
0.0,other,unknown,0,0,OTH,0,1,0,60,0,0,Normal
0.0,other,unknown,0,0,OTH,0,1,0,60,0,0,Normal
3.427003,tcp,http,96,0,S1,0,16,0,640,0,1,Attack
0.4256,tcp,unknown,34474,0,RSTO,0,38,34,36526,2040,0,Normal
0.964489,tcp,unknown,61746,0,OTH,0,82,82,66174,4920,0,Normal
3.424206,tcp,http,96,0,S1,0,16,0,640,0,1,Attack
1e-06,tcp,dns,0,0,S1,0,2,0,128,0,1,Attack
0.005576,tcp,http,0,12,RSTR,0,2,2,120,80,1,Attack
0.0,tcp,dns,0,0,S1,0,2,0,128,0,1,Attack
0.0,tcp,dns,0,0,S1,0,2,0,128,0,1,Attack
1e-06,tcp,ssl,0,0,S1,0,2,0,120,0,1,Attack
0.964065,tcp,unknown,73970,0,OTH,0,98,98,79262,5880,0,Normal
1.890975,udp,dns,0,0,OTH,0,10,0,280,0,1,Attack
153.994081,tcp,dns,0,0,S1,0,4,0,256,0,1,Attack
1e-06,udp,unknown,496,0,OTH,0,2,0,580,0,0,Normal
0.968947,tcp,unknown,74558,0,OTH,0,104,104,80174,6240,0,Normal
2.910449,tcp,http,84,0,S1,0,14,0,560,0,1,Attack
0.99977,tcp,unknown,70398,0,OTH,0,82,82,74826,4920,0,Normal
0.0,tcp,dns,0,0,S1,0,2,0,128,0,1,Attack
0.005796,tcp,unknown,4,12,RSTR,0,2,2,88,80,1,Attack
0.987151,tcp,unknown,84732,0,OTH,0,108,108,90564,6480,0,Normal
0.971759,tcp,unknown,72206,0,OTH,0,94,94,77282,5640,0,Normal
1e-06,tcp,dns,0,0,S1,0,2,0,128,0,1,Attack
0.991839,tcp,unknown,242494,0,OTH,0,208,148,253726,8880,0,Normal
0.962624,tcp,unknown,70372,0,OTH,0,90,88,75232,5280,0,Normal
0.250657,udp,unknown,658,0,OTH,0,4,0,826,0,0,Normal
0.984381,tcp,unknown,77798,0,OTH,0,94,94,82874,5640,0,Normal
0.973947,tcp,unknown,81860,0,OTH,0,98,94,87152,5640,0,Normal
0.0,tcp,ssl,0,0,S1,0,2,0,120,0,1,Attack
0.0,udp,unknown,496,0,OTH,0,2,0,580,0,0,Normal
0.964735,tcp,unknown,105734,0,OTH,0,112,110,111782,6600,0,Normal
0.980816,tcp,unknown,74252,0,OTH,0,94,92,79328,5520,0,Normal
1.904372,udp,dns,0,0,OTH,0,10,0,280,0,1,Attack
0.003302,tcp,http,0,12,RSTR,0,2,2,120,80,1,Attack
0.0,tcp,dns,0,0,S1,0,2,0,128,0,1,Attack
0.975412,tcp,unknown,74834,0,OTH,0,90,90,79694,5400,0,Normal
2.907797,tcp,http,84,0,S1,0,14,0,560,0,1,Attack
1e-06,udp,unknown,496,0,OTH,0,2,0,580,0,0,Normal
0.0,tcp,dns,0,0,S1,0,2,0,128,0,1,Attack
0.250838,udp,unknown,658,0,OTH,0,4,0,826,0,0,Normal
0.990302,tcp,unknown,53866,0,OTH,0,74,74,57862,4440,0,Normal
0.959236,tcp,unknown,76260,0,OTH,0,100,100,81660,6000,0,Normal
2.922231,tcp,http,84,0,S1,0,14,0,560,0,1,Attack
0.245888,udp,unknown,324,0,OTH,0,4,0,492,0,0,Normal
0.0,tcp,ssl,0,0,S1,0,2,0,120,0,1,Attack
0.947859,tcp,unknown,79434,0,OTH,0,98,98,84726,5880,0,Normal
1.894241,udp,dns,0,0,OTH,0,10,0,280,0,1,Attack
0.0,tcp,dns,0,0,S1,0,2,0,128,0,1,Attack
0.0,tcp,dns,0,0,S1,0,2,0,128,0,1,Attack
0.0,other,unknown,0,0,OTH,0,1,0,60,0,0,Normal
0.0,tcp,dns,0,0,S1,0,2,0,128,0,1,Attack
0.964086,tcp,unknown,78760,0,OTH,0,96,94,83944,5640,0,Normal
0.989731,tcp,unknown,41418,0,OTH,0,72,72,45306,4320,0,Normal
1e-06,udp,unknown,496,0,OTH,0,2,0,580,0,0,Normal
0.0,tcp,dns,0,0,S1,0,2,0,128,0,1,Attack
0.974168,tcp,unknown,75314,0,OTH,0,92,92,80282,5520,0,Normal
2.924303,tcp,http,84,0,S1,0,14,0,560,0,1,Attack
0.9652,tcp,unknown,61538,0,OTH,0,90,90,66398,5400,0,Normal
1e-06,udp,dhcp,1480,0,OTH,0,2,0,1564,0,0,Normal
1e-06,tcp,ssl,0,0,S1,0,2,0,120,0,1,Attack
2.944974,tcp,http,84,0,S1,0,14,0,560,0,1,Attack
1e-06,udp,unknown,496,0,OTH,0,2,0,580,0,0,Normal
1.890456,udp,dns,0,0,OTH,0,10,0,280,0,1,Attack
0.975832,tcp,unknown,81580,0,OTH,0,98,98,86872,5880,0,Normal
0.960187,tcp,unknown,116726,0,OTH,0,122,122,123314,7320,0,Normal
0.94654,tcp,unknown,77140,0,OTH,0,96,96,82324,5760,0,Normal
0.969903,tcp,unknown,76380,0,OTH,0,94,94,81456,5640,0,Normal
0.0,tcp,ssl,0,0,S1,0,2,0,120,0,1,Attack
0.961446,tcp,unknown,86306,0,OTH,0,94,92,91382,5520,0,Normal
1.925015,udp,dns,0,0,OTH,0,10,0,280,0,1,Attack
0.967296,tcp,unknown,120028,0,OTH,0,124,124,126724,7440,0,Normal
1e-06,udp,unknown,496,0,OTH,0,2,0,580,0,0,Normal
0.580478,tcp,unknown,48730,0,RSTO,0,60,58,51982,3480,0,Normal
1e-06,tcp,ssl,0,0,S1,0,2,0,120,0,1,Attack
1e-06,tcp,dns,0,0,S1,0,2,0,128,0,1,Attack
0.499696,udp,unknown,820,0,OTH,0,6,0,1072,0,0,Normal
1e-06,tcp,ssl,0,0,S1,0,2,0,120,0,1,Attack
0.250956,udp,unknown,324,0,OTH,0,4,0,492,0,0,Normal
1.906611,udp,dns,0,0,OTH,0,10,0,280,0,1,Attack
0.0,udp,unknown,496,0,OTH,0,2,0,580,0,0,Normal
0.0,tcp,dns,0,0,S1,0,2,0,128,0,1,Attack
1e-06,udp,unknown,496,0,OTH,0,2,0,580,0,0,Normal
3.423609,tcp,http,96,0,S1,0,16,0,640,0,1,Attack
1e-06,tcp,ssl,0,0,S1,0,2,0,120,0,1,Attack
0.620935,other,unknown,0,0,OTH,0,2,0,120,0,0,Normal
1.900513,udp,dns,0,0,OTH,0,10,0,280,0,1,Attack
1.891617,udp,dns,0,0,OTH,0,10,0,280,0,1,Attack
0.9794,tcp,unknown,94726,0,OTH,0,108,106,100558,6360,0,Normal
0.958609,tcp,unknown,108622,0,OTH,0,126,124,115426,7440,0,Normal
0.503703,udp,unknown,820,0,OTH,0,6,0,1072,0,0,Normal
3.424681,tcp,http,96,0,S1,0,16,0,640,0,1,Attack
0.0,tcp,ssl,0,0,S1,0,2,0,120,0,1,Attack
0.0,other,unknown,0,0,OTH,0,1,0,60,0,0,Normal
0.0,other,unknown,0,0,OTH,0,1,0,60,0,0,Normal
1e-06,tcp,ssl,0,0,S1,0,2,0,120,0,1,Attack
0.0,udp,unknown,496,0,OTH,0,2,0,580,0,0,Normal
1.921784,udp,dns,0,0,OTH,0,10,0,280,0,1,Attack
0.9873,tcp,unknown,87530,0,OTH,0,98,96,92822,5760,0,Normal
0.973249,tcp,unknown,100606,0,OTH,0,112,112,106654,6720,0,Normal
0.963313,tcp,unknown,72376,0,OTH,0,92,92,77344,5520,0,Normal
0.962868,tcp,unknown,56350,0,OTH,0,78,78,60562,4680,0,Normal
0.977961,tcp,unknown,56362,0,OTH,0,76,76,60466,4560,0,Normal
0.0,tcp,dns,0,0,S1,0,2,0,128,0,1,Attack
0.0,tcp,dns,0,0,S1,0,2,0,128,0,1,Attack
0.0,tcp,ssl,0,0,S1,0,2,0,120,0,1,Attack
3.42832,tcp,http,96,0,S1,0,16,0,640,0,1,Attack
0.972763,tcp,unknown,111806,0,OTH,0,116,116,118070,6960,0,Normal
0.967284,tcp,unknown,79664,0,OTH,0,106,106,85388,6360,0,Normal
0.0,tcp,dns,0,0,S1,0,2,0,128,0,1,Attack
1e-06,tcp,dns,0,0,S1,0,2,0,128,0,1,Attack
0.0,udp,unknown,496,0,OTH,0,2,0,580,0,0,Normal
2e-06,udp,unknown,86,0,OTH,0,2,0,170,0,0,Normal
1.912042,udp,dns,0,0,OTH,0,10,0,280,0,1,Attack
0.50078,udp,unknown,820,0,OTH,0,6,0,1072,0,0,Normal
0.273879,other,unknown,0,0,OTH,0,2,0,120,0,0,Normal
0.05228,tcp,unknown,4,12,RSTR,0,2,2,88,80,1,Attack
1.912939,udp,dns,0,0,OTH,0,10,0,280,0,1,Attack
1.907109,udp,dns,0,0,OTH,0,10,0,280,0,1,Attack
0.269223,udp,unknown,658,0,OTH,0,4,0,826,0,0,Normal
1.912736,udp,dns,0,0,OTH,0,10,0,280,0,1,Attack
2.944828,tcp,http,84,0,S1,0,14,0,560,0,1,Attack
0.935704,tcp,unknown,73090,0,OTH,0,90,90,77950,5400,0,Normal
1e-06,tcp,ssl,0,0,S1,0,2,0,120,0,1,Attack
0.989914,tcp,unknown,69902,0,OTH,0,96,96,75086,5760,0,Normal
0.0,tcp,dns,0,0,S1,0,2,0,128,0,1,Attack
0.0,tcp,ssl,0,0,S1,0,2,0,120,0,1,Attack
0.97339,tcp,unknown,108564,0,OTH,0,126,126,115368,7560,0,Normal
1.915732,udp,dns,0,0,OTH,0,10,0,280,0,1,Attack
1.889745,udp,dns,0,0,OTH,0,10,0,280,0,1,Attack
0.364789,other,unknown,0,0,OTH,0,2,0,120,0,0,Normal
1.914153,udp,dns,0,0,OTH,0,10,0,280,0,1,Attack
130.070766,tcp,dns,0,0,S1,0,4,0,256,0,1,Attack
0.964843,tcp,unknown,75478,0,OTH,0,92,92,80446,5520,0,Normal
0.977791,tcp,unknown,112364,0,OTH,0,128,126,119276,7560,0,Normal
2.940105,tcp,http,84,0,S1,0,14,0,560,0,1,Attack
1.922289,udp,dns,0,0,OTH,0,10,0,280,0,1,Attack
0.0,other,unknown,0,0,OTH,0,1,0,60,0,0,Normal
2.948214,tcp,http,84,0,S1,0,14,0,560,0,1,Attack
2.921873,tcp,http,84,0,S1,0,14,0,560,0,1,Attack
62.870837,tcp,dns,0,0,S1,0,4,0,256,0,1,Attack
0.998361,tcp,unknown,58768,0,OTH,0,80,78,63088,4680,0,Normal
0.0,tcp,dns,0,0,S1,0,2,0,128,0,1,Attack
1e-06,tcp,dns,0,0,S1,0,2,0,128,0,1,Attack
110.094689,tcp,dns,0,0,S1,0,4,0,256,0,1,Attack
0.0,udp,unknown,16,0,OTH,0,2,0,72,0,1,Attack
0.962239,tcp,unknown,110280,0,OTH,0,120,120,116760,7200,0,Normal
0.293731,udp,unknown,1096,0,OTH,0,8,0,1432,0,0,Normal
0.0,tcp,ssl,0,0,S1,0,2,0,120,0,1,Attack
0.0,tcp,ssl,0,0,S1,0,2,0,120,0,1,Attack
0.0,tcp,dns,0,0,S1,0,2,0,128,0,1,Attack
0.06033,other,unknown,0,0,OTH,0,2,0,120,0,0,Normal
1e-06,udp,unknown,496,0,OTH,0,2,0,580,0,0,Normal
0.987149,tcp,unknown,113550,0,OTH,0,126,124,120354,7440,0,Normal
0.930251,tcp,unknown,100646,0,OTH,0,110,110,106586,6600,0,Normal
0.959753,tcp,unknown,71914,0,OTH,0,88,88,76666,5280,0,Normal
0.0,other,unknown,0,0,OTH,0,1,0,60,0,0,Normal
1e-06,udp,unknown,496,0,OTH,0,2,0,580,0,0,Normal
3.42829,tcp,http,96,0,S1,0,16,0,640,0,1,Attack
1e-06,udp,unknown,496,0,OTH,0,2,0,580,0,0,Normal
1e-06,udp,unknown,496,0,OTH,0,2,0,580,0,0,Normal
0.0,tcp,dns,0,0,S1,0,2,0,128,0,1,Attack
0.967926,tcp,unknown,75796,0,OTH,0,106,106,81520,6360,0,Normal
0.0,tcp,dns,0,0,S1,0,2,0,128,0,1,Attack
0.0,tcp,ssl,0,0,S1,0,2,0,120,0,1,Attack
0.0,other,unknown,0,0,OTH,0,1,0,60,0,0,Normal
0.955271,tcp,unknown,107582,0,OTH,0,118,118,113954,7080,0,Normal
1.912064,udp,dns,0,0,OTH,0,10,0,280,0,1,Attack
0.0,udp,unknown,274,0,OTH,0,2,0,358,0,0,Normal
0.994796,tcp,unknown,75646,0,OTH,0,98,98,80938,5880,0,Normal
0.0,tcp,ssl,0,0,S1,0,2,0,120,0,1,Attack
0.155632,other,unknown,0,0,OTH,0,2,0,120,0,0,Normal
0.965887,tcp,unknown,106510,0,OTH,0,112,110,112558,6600,0,Normal
0.051973,other,unknown,0,0,OTH,0,2,0,120,0,0,Normal
0.945942,tcp,unknown,85018,0,OTH,0,100,100,90418,6000,0,Normal
1e-06,udp,unknown,496,0,OTH,0,2,0,580,0,0,Normal
0.0,tcp,ssl,0,0,S1,0,2,0,120,0,1,Attack
2.93979,tcp,http,84,0,S1,0,14,0,560,0,1,Attack
0.982369,tcp,unknown,117888,0,OTH,0,128,128,124800,7680,0,Normal
0.934161,tcp,unknown,70410,0,OTH,0,92,92,75378,5520,0,Normal
0.0,udp,unknown,274,0,OTH,0,2,0,358,0,0,Normal
0.991622,tcp,unknown,82486,0,OTH,0,102,102,87994,6120,0,Normal
0.309504,other,unknown,0,0,OTH,0,3,0,180,0,0,Normal
1.906601,udp,dns,0,0,OTH,0,10,0,280,0,1,Attack
1e-06,tcp,dns,0,0,S1,0,2,0,128,0,1,Attack
0.004208,tcp,http,0,12,RSTR,0,2,2,120,80,1,Attack
0.92276,tcp,unknown,104920,0,OTH,0,114,112,111076,6720,0,Normal
0.0,tcp,dns,0,0,S1,0,2,0,128,0,1,Attack
10.966219,tcp,dns,0,0,S1,0,4,0,256,0,1,Attack
0.0,tcp,dns,0,0,S1,0,2,0,128,0,1,Attack
2.933543,tcp,http,84,0,S1,0,14,0,560,0,1,Attack
0.967158,tcp,unknown,111780,0,OTH,0,118,116,118152,6960,0,Normal
2.944457,tcp,http,84,0,S1,0,14,0,560,0,1,Attack
0.0,tcp,ssl,0,0,S1,0,2,0,120,0,1,Attack
3.427213,tcp,http,90,0,S1,0,15,0,600,0,1,Attack
0.0,tcp,dns,0,0,S1,0,2,0,128,0,1,Attack
0.96081,tcp,unknown,104082,0,OTH,0,116,116,110346,6960,0,Normal
0.0,tcp,dns,0,0,S1,0,2,0,128,0,1,Attack
0.9445,tcp,unknown,55272,0,OTH,0,74,74,59268,4440,0,Normal
0.968286,tcp,unknown,59934,0,OTH,0,76,76,64038,4560,0,Normal
0.0,tcp,dns,0,0,S1,0,2,0,128,0,1,Attack
0.0,tcp,ssl,0,0,S1,0,2,0,120,0,1,Attack
1.897118,udp,dns,0,0,OTH,0,10,0,280,0,1,Attack
0.982219,tcp,unknown,101912,0,OTH,0,120,118,108392,7080,0,Normal
1e-06,udp,dhcp,1480,0,OTH,0,2,0,1564,0,0,Normal
0.958398,tcp,unknown,108072,0,OTH,0,118,118,114444,7080,0,Normal
0.0,tcp,dns,0,0,S1,0,2,0,128,0,1,Attack
1e-06,udp,dhcp,1480,0,OTH,0,2,0,1564,0,0,Normal
0.925217,tcp,unknown,52328,0,OTH,0,68,68,56000,4080,0,Normal
110.410021,tcp,dns,0,0,S1,0,4,0,256,0,1,Attack
0.0,tcp,ssl,0,0,S1,0,2,0,120,0,1,Attack
1.91912,udp,dns,0,0,OTH,0,10,0,280,0,1,Attack
0.0,tcp,dns,0,0,S1,0,2,0,128,0,1,Attack
1e-06,udp,dhcp,1480,0,OTH,0,2,0,1564,0,0,Normal
1e-06,udp,dhcp,1480,0,OTH,0,2,0,1564,0,0,Normal
0.980304,tcp,unknown,108444,0,OTH,0,120,120,114924,7200,0,Normal
0.989437,tcp,unknown,34472,0,OTH,0,74,74,38468,4440,0,Normal
0.0,tcp,dns,0,0,S1,0,2,0,128,0,1,Attack
1e-06,udp,unknown,496,0,OTH,0,2,0,580,0,0,Normal
0.498587,tcp,unknown,34260,0,RSTO,0,46,44,36760,2640,0,Normal
0.266371,tcp,http,0,0,SF,0,8,4,432,224,1,Attack
0.966007,tcp,unknown,87594,0,OTH,0,102,102,93102,6120,0,Normal
1e-06,udp,unknown,496,0,OTH,0,2,0,580,0,0,Normal
0.0,tcp,dns,0,0,S1,0,2,0,128,0,1,Attack
0.927645,tcp,unknown,99530,0,OTH,0,112,112,105578,6720,0,Normal
2.907968,tcp,http,84,0,S1,0,14,0,560,0,1,Attack
0.964843,tcp,unknown,50218,0,OTH,0,82,82,54646,4920,0,Normal
0.970095,tcp,unknown,73192,0,OTH,0,94,94,78268,5640,0,Normal
0.964309,tcp,unknown,70954,0,OTH,0,92,92,75922,5520,0,Normal
0.015387,tcp,unknown,4,12,RSTR,0,2,2,88,80,1,Attack
0.0,tcp,dns,0,0,S1,0,2,0,128,0,1,Attack
0.93915,tcp,unknown,89564,0,OTH,0,100,100,94964,6000,0,Normal
0.9254,tcp,unknown,55848,0,OTH,0,74,74,59844,4440,0,Normal
1.914397,udp,dns,0,0,OTH,0,10,0,280,0,1,Attack
0.0,tcp,ssl,0,0,S1,0,2,0,120,0,1,Attack
0.986692,tcp,unknown,80034,0,OTH,0,102,102,85542,6120,0,Normal
2.912072,tcp,http,84,0,S1,0,14,0,560,0,1,Attack
0.960118,tcp,unknown,64384,0,OTH,0,88,88,69136,5280,0,Normal
0.0,tcp,dns,0,0,S1,0,2,0,128,0,1,Attack
0.055289,tcp,unknown,4,12,RSTR,0,2,2,88,80,1,Attack
0.999071,tcp,unknown,90662,0,OTH,0,106,106,96386,6360,0,Normal
1e-06,tcp,ssl,0,0,S1,0,2,0,120,0,1,Attack
0.526661,other,unknown,0,0,OTH,0,3,0,180,0,0,Normal
3.428349,tcp,http,90,0,S1,0,15,0,600,0,1,Attack
0.500979,udp,unknown,486,0,OTH,0,6,0,738,0,0,Normal
0.0,tcp,dns,0,0,S1,0,2,0,128,0,1,Attack
0.0,tcp,ssl,0,0,S1,0,2,0,120,0,1,Attack
2.939859,tcp,http,84,0,S1,0,14,0,560,0,1,Attack
1.893495,udp,dns,0,0,OTH,0,10,0,280,0,1,Attack
0.0,tcp,dns,0,0,S1,0,2,0,128,0,1,Attack
3.428264,tcp,http,96,0,S1,0,16,0,640,0,1,Attack
0.0,tcp,ssl,0,0,S1,0,2,0,120,0,1,Attack
0.981982,tcp,unknown,107332,0,OTH,0,124,124,114028,7440,0,Normal
2.915482,tcp,http,84,0,S1,0,14,0,560,0,1,Attack
0.986612,tcp,unknown,109868,0,OTH,0,120,120,116348,7200,0,Normal
0.0,other,unknown,0,0,OTH,0,1,0,60,0,0,Normal
0.027101,tcp,unknown,1142,0,OTH,0,4,4,1358,240,0,Normal
0.963317,tcp,unknown,94914,0,OTH,0,110,106,100854,6360,0,Normal
0.0,tcp,ssl,0,0,S1,0,2,0,120,0,1,Attack
0.0,tcp,dns,0,0,S1,0,2,0,128,0,1,Attack
0.0,tcp,dns,0,0,S1,0,2,0,128,0,1,Attack
0.229071,udp,unknown,658,0,OTH,0,4,0,826,0,0,Normal
0.0,tcp,ssl,0,0,S1,0,2,0,120,0,1,Attack
3.428555,tcp,http,96,0,S1,0,16,0,640,0,1,Attack
0.0,tcp,ssl,0,0,S1,0,2,0,120,0,1,Attack
0.961267,tcp,unknown,73638,0,OTH,0,92,92,78606,5520,0,Normal
1e-06,udp,unknown,496,0,OTH,0,2,0,580,0,0,Normal
1.4183,udp,dns,0,0,OTH,0,8,0,224,0,1,Attack
0.962692,tcp,unknown,69056,0,OTH,0,92,92,74024,5520,0,Normal
0.76255,other,unknown,0,0,OTH,0,2,0,120,0,0,Normal
0.0,tcp,dns,0,0,S1,0,2,0,128,0,1,Attack
0.496902,udp,unknown,820,0,OTH,0,6,0,1072,0,0,Normal
2.906937,tcp,http,84,0,S1,0,14,0,560,0,1,Attack
1.895009,udp,dns,0,0,OTH,0,10,0,280,0,1,Attack
0.0,tcp,ssl,0,0,S1,0,2,0,120,0,1,Attack
0.0,udp,unknown,496,0,OTH,0,2,0,580,0,0,Normal
0.0,tcp,ssl,0,0,S1,0,2,0,120,0,1,Attack
1e-06,tcp,ssl,0,0,S1,0,2,0,120,0,1,Attack
0.980388,tcp,unknown,78408,0,OTH,0,106,106,84132,6360,0,Normal
0.951472,tcp,unknown,66384,0,OTH,0,88,88,71136,5280,0,Normal
0.989366,tcp,unknown,82388,0,OTH,0,108,108,88220,6480,0,Normal
1.889199,udp,dns,0,0,OTH,0,10,0,280,0,1,Attack
1e-06,udp,unknown,496,0,OTH,0,2,0,580,0,0,Normal
1e-06,udp,unknown,496,0,OTH,0,2,0,580,0,0,Normal
118.128054,tcp,dns,0,0,S1,0,4,0,256,0,1,Attack
1.898345,udp,dns,0,0,OTH,0,10,0,280,0,1,Attack
1e-06,tcp,ssl,0,0,S1,0,2,0,120,0,1,Attack
1.904566,udp,dns,0,0,OTH,0,10,0,280,0,1,Attack
132.035505,tcp,dns,0,0,S1,0,4,0,256,0,1,Attack
0.017193,tcp,http,166,6558,SF,0,14,14,910,7302,1,Attack
1e-06,tcp,ssl,0,0,S1,0,2,0,120,0,1,Attack
0.0,tcp,dns,0,0,S1,0,2,0,128,0,1,Attack
0.992279,tcp,unknown,77680,0,OTH,0,98,98,82972,5880,0,Normal
2.930871,tcp,http,84,0,S1,0,14,0,560,0,1,Attack
1.416144,udp,dns,0,0,OTH,0,8,0,224,0,1,Attack
0.0,tcp,dns,0,0,S1,0,2,0,128,0,1,Attack
2.948388,tcp,http,84,0,S1,0,14,0,560,0,1,Attack
0.464101,other,unknown,0,0,OTH,0,3,0,182,0,0,Normal
0.969889,tcp,unknown,95712,0,OTH,0,102,102,101220,6120,0,Normal
1.889186,udp,dns,0,0,OTH,0,10,0,280,0,1,Attack
0.96981,tcp,unknown,99256,0,OTH,0,112,112,105304,6720,0,Normal
0.959031,tcp,unknown,113530,0,OTH,0,124,122,120226,7320,0,Normal
0.0,tcp,dns,0,0,S1,0,2,0,128,0,1,Attack
0.960616,tcp,unknown,65814,0,OTH,0,98,98,71106,5880,0,Normal
0.957511,tcp,unknown,75036,0,OTH,0,90,90,79896,5400,0,Normal
1e-06,udp,unknown,496,0,OTH,0,2,0,580,0,0,Normal
0.014841,other,unknown,0,0,OTH,0,2,0,120,0,0,Normal
1e-06,udp,unknown,86,0,OTH,0,2,0,170,0,0,Normal
0.0,tcp,dns,0,0,S1,0,2,0,128,0,1,Attack
0.046383,tcp,unknown,4,12,RSTR,0,2,2,88,80,1,Attack
1e-06,udp,unknown,496,0,OTH,0,2,0,580,0,0,Normal
0.983558,tcp,unknown,112340,0,OTH,0,130,128,119360,7680,0,Normal
1.915519,udp,dns,0,0,OTH,0,10,0,280,0,1,Attack
1e-06,udp,unknown,496,0,OTH,0,2,0,580,0,0,Normal
0.00913,tcp,unknown,4,12,RSTR,0,2,2,88,80,1,Attack
0.0,tcp,ssl,0,0,S1,0,2,0,120,0,1,Attack
3.428811,tcp,http,96,0,S1,0,16,0,640,0,1,Attack
2.927034,tcp,http,84,0,S1,0,14,0,560,0,1,Attack
0.507237,udp,unknown,486,0,OTH,0,6,0,738,0,0,Normal
0.0,tcp,dns,0,0,S1,0,2,0,128,0,1,Attack
0.957685,tcp,unknown,81024,0,OTH,0,92,92,85992,5520,0,Normal
0.991116,tcp,unknown,74122,0,OTH,0,98,96,79414,5760,0,Normal
0.0,udp,unknown,162,0,OTH,0,2,0,246,0,0,Normal
0.988323,tcp,unknown,108732,0,OTH,0,118,118,115104,7080,0,Normal
0.0,udp,unknown,496,0,OTH,0,2,0,580,0,0,Normal
1e-06,udp,unknown,496,0,OTH,0,2,0,580,0,0,Normal
1e-06,udp,unknown,496,0,OTH,0,2,0,580,0,0,Normal
0.0,other,unknown,0,0,OTH,0,1,0,60,0,0,Normal
1e-06,tcp,ssl,0,0,S1,0,2,0,120,0,1,Attack
0.0,tcp,dns,0,0,S1,0,2,0,128,0,1,Attack
0.962407,tcp,unknown,112366,0,OTH,0,122,120,118954,7200,0,Normal
0.982728,tcp,unknown,73240,0,OTH,0,96,96,78424,5760,0,Normal
1.919334,udp,dns,0,0,OTH,0,10,0,280,0,1,Attack
1e-06,tcp,ssl,0,0,S1,0,2,0,120,0,1,Attack
2.912929,tcp,http,84,0,S1,0,14,0,560,0,1,Attack
2.935046,tcp,http,84,0,S1,0,14,0,560,0,1,Attack
1.91369,udp,dns,0,0,OTH,0,10,0,280,0,1,Attack
0.269183,udp,unknown,658,0,OTH,0,4,0,826,0,0,Normal
0.986424,tcp,unknown,92214,0,OTH,0,104,104,97830,6240,0,Normal
0.0,tcp,ssl,0,0,S1,0,2,0,120,0,1,Attack
1e-06,udp,unknown,496,0,OTH,0,2,0,580,0,0,Normal
0.959236,tcp,unknown,242166,262,OTH,0,222,210,254164,12850,0,Normal
0.751764,udp,unknown,982,0,OTH,0,8,0,1318,0,0,Normal
3.42366,tcp,http,90,0,S1,0,15,0,600,0,1,Attack
0.0,tcp,dns,0,0,S1,0,2,0,128,0,1,Attack
1e-06,udp,unknown,496,0,OTH,0,2,0,580,0,0,Normal
1.889778,udp,dns,0,0,OTH,0,10,0,280,0,1,Attack
0.975719,tcp,unknown,79744,0,OTH,0,102,102,85252,6120,0,Normal
0.50077,udp,unknown,820,0,OTH,0,6,0,1072,0,0,Normal
0.98395,tcp,unknown,72444,0,OTH,0,96,96,77628,5760,0,Normal
